id	en	en_US	ja	es	ru	de	it	se	pt_BR	es_US	pl	zh	tr	fr
														
Sonic & Shahra's lines must end in '_so' & '_sh' respectively.	Retail English Translation.	Windii's Japanese-accurate translation.	Retail Japanese Translation	Aoi's Spanish Translation	Dark Sonic's Russian Translation	A Blob, Milonoto, Elements of Justice & Dark's German Translation	Luken's & LimeWeb's Italian Translation	Johan23t's Swedish Translation	Skyer, Tio Illuminati & AlvinGoldhart's Brazilian Portuguese Translation	kawaiikaorichan's Latin American Spanish Translation	Eveefun Polish Translation (Bartek too kinda)	Vexion's Chinese Translation	Türkmander's Turkish Translation	Armetz, EeveelutionsN1 & s3nkuuv's French Translation 
														
														
secret_rings_title	Sonic and the Secret Rings		ソニックと秘密のリング	Sonic y los Anillos Secretos	Соник и Мировые кольца	Sonic und die Geheimen Ringe	Sonic e gli Anelli Segreti	Sonic och de Hemliga Ringarna	Sonic and the Secret Rings	Sonic y los Anillos Secretos	Sonic i Sekretne Pierścienie	音速小子與秘密戒指	Sonic ve Gizli Yüzükler	Sonic and the Secret Rings 
any_button	Press Any Button			Pulsa cualquier botón	Нажмите любую кнопку	Beliebige Taste Drücken	Premi Qualunque Tasto	Tryck På Valfri Knapp	Pressione qualquer botão	Presiona cualquier botón	Wciśnij dowolny przycisk	按下任意按鈕	Herhangi Bir Tuşa Bas	Appuyez sur n'importe quel bouton
														
system							Sistema		Sistema	Sistema	System	system	sistem	Système
														
load_level	Loading Mission		ミーションロードする	Cargando Misión	Загрузка миссии	Mission wird geladen	Caricamento Missione	Laddar Uppdrag	Carregando Missão	Cargando misión	Wczytywanie Misji	任務載入中	Görev Yükleniyor	Chargement de la Mission
load_probes	Loading Lights		光をロードする	Cargando Sondas de Luz	Загрузка данных освещения	Lichtsonden werden geladen	Caricamento delle Sonde di Luce	Laddar Ljussoner	Carregando Sondas de Luz	Cargando luces	Wczytywanie Próbek Światła	光探頭載入中	Işık Verileri Yükleniyor	Chargement des Sondes Lumineuses
sys_no_save	Cannot write to a save file.\nEnsure the location in saveLocation.txt has write access.		セーブできません。\nsaveLocation.txtの場所が書き込み可能であることを確認してください。	No se pudo sobreescribir el archivo de guardado.\nAsegúrate de que la ruta en saveLocation.txt tiene permiso de escritura.	Не удаётся записать данные в файл сохранения.\nУбедитесь, что для папки, указанной в файле """saveLocation.txt""", имеется право на запись.	Kann Spielstand nicht schreiben.\nSchau nach, ob der Speicherort in saveLocation.txt Schreibzugriff erlaubt.				No se puede crear un archivo de guardado.\nAsegúrate de que la ruta en saveLocation.txt tiene permiso de escritura.		無法寫入存檔資料。\n請確保 saveLocation.txt 內之存檔位置有寫入權限。	Kayıt dosyasına yazılamıyor.\nsaveLocation.txt dosyasında belirtilen konumun yazma iznine sahip olduğundan emin olun.	
sys_progression	Progress the story by playing the missions with an exclaimation mark next to them.			Progresa en la historia completando las misiones que tienen un signo de exclamación.	Продвигайтесь по сюжету, выполняя миссии, отмеченные восклицательным знаком.	Bring die Geschichte voran, indem du Missionen mit einem Ausrufezeichen spielst.				Progresa en la historia jugando las misiones con un signo de exclamación.		遊玩附有驚嘆號的任務就能推進故事。	Yanlarında ünlem işareti bulunan görevleri oynayarak hikayede ilerleyin.	
														
sys_select	Select		けってい	Seleccionar	Выбрать	Auswählen	Seleziona	Välj	Selecionar	Seleccionar	Wybierz	選擇	Seç	Accepter
sys_cancel	Cancel		もどる	Atrás	Отмена	Abbrechen	Cancella	Avbryt	Cancelar	Cancelar	Anuluj	取消	İptal	Retour
sys_yes	Yes		はい	Sí	Да	Ja	Si	Ja	Sim	Sí	Tak	是	Evet	Oui
sys_no	No		いいえ	No	Нет	Nein	No	Nej	Não	No	Nie	否	Hayır	Non
sys_delete	Delete		デリート	Borrar	Удалить	Löschen	Cancella	Radera	Deletar	Borrar	Usuń	刪除	Sil	Effacer
sys_clear	Clear		クリア	Vacíar	Стереть	Leeren	Libera	Rensa	Limpar	Limpiar	Wyczyść	清除	Temizle	Vider
sys_delete_description	Are you sure you want to delete this save file?		このデータを削除します。\nよろしいですか?	¿Deseas borrar el archivo de guardado?	Вы уверены, что хотите\nудалить данное сохранение?	Bist du sicher, dass du diesen Spielstand löschen willst?	Sei sicuro di voler cancellare questo salvataggio?	Är du säker på att du vill radera den här sparfilen?	Deseja mesmo excluir este jogo salvo?	¿Seguro(a) que quieres borrar estos datos?	Czy na pewno chcesz usunąć ten zapis gry?	您確定要刪除此存檔資料？	Bu kayıt dosyasını silmek istediğinden emin misin?	Voulez-vous vraiment supprimer cette sauvegarde ?
sys_control_mode_description	Select a control style.		コントロールスタイルを選んでください。	Selecciona el tipo de control.	Выберите стиль управления.	Wähle einen Steuerungs-Stil aus.	Seleziona un tipo di controllo.	Välj en kontrollstil.	Escolha um tipo de jogabilidade.	Elige un modo de control.	Wybierz styl kontrolowania.	選擇控制風格。	Bir kontrol tarzı seç.	Sélectionnez un style de commande
sys_control_mode_reconfig	You can always change this through the skill select menu.		いつでもスキルセレクトで変えてできる。	Puedes cambiarlo en cualquier momento desde el menu de las habilidades.	Вы всегда можете изменить его\nчерез меню выбора навыка.	Du kannst dies zu jederzeit mittels dem Skill-Menü ändern.	Puoi sempre cambiarlo dal menù delle abilità.	Du kan alltid ändra detta via färdighetsvalsmenyn.	Você sempre pode alterar isso pelo menu de habilidades.	Podrás cambiarlo en el menú de selección de habilidades.	Zawsze możesz to zmienić w menu wybierania talentów.	你可以在技能選單變更此設定。	Bunu dilediğin zaman yetenek seçim menüsünden değiştirebilirsin.	Vous pouvez toujours modifier cela via le menu de sélection des compétences.
sys_retail_control	Retail		オリジナル	Original	Оригинал	Original	Originale		Original	Original	Oryginalny	原版	Orjinal	Original
sys_reignited_control	Reignited		リイグニション	Nuevo	Ремейк	Reignition	Reignited	Återantändes	Reignited	Reencendido	Odnowiony	Reignited	Alevli	Reignition
sys_traditional_control	Traditional		伝統的な	Tradicional	Классика	Traditionell	Tradizionale	Traditionell	Livre	Tradicional	Tradycyjny	傳統	Geleneksel	Traditionnel
sys_retail_description	Mimics the original Wii game's autorun and charge jump.\nRecommended for purists.		WIIのオートランとチャージジャンプを写す。\nピュアリスト向け。	Mantiene el avance automático y el salto con carga del juego original.\nRecomendado para los puristas.	Имитирует автобег и прыжок с зарядом\nиз оригинальной игры для Wii.\nРекомендуется для ценителей оригинала.	Ahmt die Original-Steuerung nach.\nSprünge müssen hier, bevor man springt, zuerst\naufgeladen werden + automatisiertes Vorwärtslaufen.\nEmpfohlen für Puristen.	Imita la corsa automatica e il salto caricato del gioco Wii originale.\nConsigliato ai puristi.	Efterliknar det ursprungliga Wii-spelets autostart och laddningshopp.\nRekommenderas för purister.	Mantém a Corrida Automatica e o Pulo Carregado do jogo original de Wii.\nRecomendado para puristas.	Imita el movimiento automático y el salto cargado del Wii.\nRecomendado para puristas.	Mimikuje auto-bieg i ładowany skok z oryginalnej gry na Wii.\nZalecane dla purystów.	採用原始Wii版的自動奔跑與蓄力跳躍。\n適合純粹派玩家。	Orijinal Wii oyunundaki otomatik koşma ve şarjlı zıplama mekaniklerini taklit eder. \nOrijinal deneyimden ödün vermeyenler için önerilir. 	Reproduit la course automatique et le saut chargé du jeu Wii original ; recommandé aux puristes.
sys_reignited_description	Updates the core on-rails style gameplay for modern controllers.\nRecommended for most players.		レール型の操作を現代のコントローラー向けに刷新。\n一般向け。	Actualiza la jugabilidad """sobre raíles""" a una afín con los métodos de control modernos.\nRecomendado para la mayoría de jugadores.	Обновляет основной геймплей в стиле\n"""по рельсам""" для современных геймпадов.\nРекомендуется для большинства игроков.	Aufgefrischte Steuerung für moderne Gamepads.\nEmpfohlen für die meisten Spieler.	Aggiorna lo stile di gioco sulla ringhiera per controller moderni.\nRaccomandato per la maggior parte dei giocatori.	Uppdaterar det centrala spelupplägget i on-rails stil för moderna handkontroller.\nRekommenderas för de flesta spelare.	Atualiza a jogabilidade linear para controles modernos.\nRecomendado para a maioria dos jogadores.	Actualiza la jugabilidad lineal del juego para adaptarla a los controles modernos.\nRecomendado para la mayoría.	Aktualizuje rozgrywkę z ustaloną ścieżką dla nowoczesnych kontrolerów.\nZalecane dla większości graczy.	將軌道式操作重新調整為適合現代控制器的方式。\n適合一般向玩家。	Temel sabit rotalı oynanış tarzını modern kontrolcüler için günceller.\nÇoğu oyuncu için önerilir.	Le gameplay « sur rails » sont adapté aux manettes modernes.\nRecommandé pour la plupart des joueurs.
sys_traditional_description	Removes the on-rails control style entirely,\nbut may feel at odds with the level design.\nRecommended for players who know what they want.		レール型の操作を撤廃。\nレベルデザインとしっくりこない可能性あり。\n自分のスタイルのプレイヤー向け。	Elimina por completo la jugabilidad """sobre raíles""".\nRecomendado para jugadores experimentados que buscan\ncontroles más parecidos a otros juegos de Sonic.	Полностью отключает стиль управления """по рельсам""".\nРекомендуется опытным игрокам,\nкоторые знают, чего хотят.	Ähnelt einem traditionellen 3D-Platformer.\nDies funktioniert an manchen Stellen mit dem Level-Design nicht so gut.\nGenerell nicht empfehlenswert, aber hier für die, welche\nsich nicht an die Reignition-Steuerung gewöhnen konnten.	Rimuove lo stile sulla ringhiera interamente.\nRaccomandato per giocatori esperti che sanno cosa vogliono.	Tar bort on-rails kontrollstilen helt,\nmen kan kännas oförenlig med nivådesignen.\nRekommenderas för spelare som vet vad de vill.	Remove a jogabilidade linear por completo.\nRecomendado para jogadores experientes.	Remueve el sistema lineal por completo,\naunque podría chocar con el diseño de los niveles.\nRecomendado para quienes saben lo que quieren.	Kompletnie pozbywa się stylu rozgrywki ustalonej ścieżki.\nZalecane dla doświadczonych graczy, którzy wiedzą czego chcą.	取消軌道式操作。\n可能會與關卡設計不太契合。\n適合依照自己風格遊玩的玩家。	Raylı kontrol tarzını tamamen kaldırır.\n Ne istediğini bilen deneyimli oyuncular için önerilir.	Supprimer totalement le style de contrôle « sur rails »,\nbien que cela puisse sembler en décalage avec le level design.\nRecommandé aux joueurs qui savent ce qu'ils veulent.
sys_retry	Retry		リトライ	Otra Vez	Заново	Erneut versuchen	Ricomincia	Försök igen	Reiniciar	Reintentar	Powtórz	重來	Tekrarla	Recommencer 
sys_next	Next		つぎへ	Continuar	Далее	Weiter	Prossimo	Nästa	Continuar	Continuar	Dalej	繼續	Sonraki	Suivant 
sys_back	Back		もどる	Atrás	Назад	Zurück	Indietro	Tillbaka	Voltar	Volver	Wróć	後退	Geri	Avant
sys_return	Return		もどる	Volver	Назад	Zurück	Ritorna	Återvänd	Retornar	Regresar	Powrót	返回	Geri dön	Retour
sys_skip	Skip		スキップ	Saltar	Пропустить	Überspringen	Salta	Hoppa Över	Pular	Saltar	Pomiń	跳過	Geç	Passer
sys_quit	Quit		やめる	Salir	Выход	Verlassen	Esci dal Gioco	Avsluta	Sair	Salir	Wyjdź	退出	Çık	Quitter 
sys_quit_description	Quit the Game?		ゲームをやめてします。\nよろしいですか?	¿Quieres Salir del Juego?	Выйти из игры?	Spiel verlassen?	Abbandonare il Gioco?	Avsluta spelet?	Sair do Jogo?	¿Quieres cerrar el juego?	Wyjść z gry?	退出遊戲？	Oyundan çıkılsın mı?	Quitter le jeu ? 
sys_presets	Presets		プリセット	Conjuntos	Шаблон	Voreinstellungen	Preimpostazioni	Förinställningar	Conjuntos	Conjuntos de habilidades	Szablony	技能組合	Ön ayarlar	Préréglages
sys_save	Save		セーブ	Guardar	Сохранить	Speichern	Salvataggio	Spara	Salvar	Guardar	Zapisz	儲存	Kaydet	Sauvegarder
sys_overwrite	Overwrite		オーバーライト	Sobrescribir	Перезаписать	Überschreiben	Sovrascrivere	Skriv över	Sobrescrever	Sobrescribir	Nadpisz	覆寫	Üstüne yaz	Ecraser
sys_load	Load		ロード	Cargar	Загрузить	Laden	Carica	Ladda	Carregar	Cargar	Wczytaj	載入	Yükle	Charger
sys_rename	Rename		リネーム	Renombrar	Переименовать	Umbennen	Rinomina	Byt namn	Renomear	Renombrar	Przemianuj	重新命名	Yeniden Adlandır	Renommer
sys_skill	Edit Skills		チェンジスキル	Habilidades	Выбор навыков	Skills bearbeiten	Modifica le Abilità	Redigera färdigheter	Editar Habilidades	Editar habilidades	Edytuj Talenty	修改技能	Becerileri Düzenle	Modifier les compétences
sys_skill_total	Skill Total		スキルトータル	Total de Habilidades	Всего навыков	Gesamte Skills	Abilità Totali	Sammalagd färdighet	Total de Habilidades	Total de Habilidades	Suma Talentów	總共裝備技能	Toplam Beceri	Total de compétences
sys_skill_cost	Skill Cost		スキルコスト	Coste Total	Стоимость навыка	Skill-Kosten	Costo delle Abilità	Färdighetskostnad	Custo de Habilidade	Costo de habilidad	Koszt Talentu	總共使用點數	Beceri Maliyeti	Coût total
sys_sort	Sort		ソート	Ordenar	Отсортировать	Sortieren	Ordina	Sortera	Organizar	Ordenar	Sortuj	分類	Tür	Trier
sys_sort_default	Default		デフォルト	Predeterminado	По умолчанию	Standard	Predefinito	Standard	Padrão	Por defecto	Domyślne	預設	Sıradan	Par défaut
sys_sort_name	Name		名前	Nombre	Название	Name	Nome	Namn	Nome	Nombre	Nazwa	技能名稱	İsim	Nom
sys_sort_cost	Cost		コスト	Coste	Стоимость	Kosten	Costo 	Kostnad	Custo	Costo	Koszt	技能點數	Maliyet	Coût
sys_sort_wind	Wind		ウィンド	Viento	Дух ветра	Wind	Vento	Vind	Vento	Viento	Wiatr	風屬性	Rüzgar	Vent
sys_sort_fire	Fire		ファイア	Fuego	Дух огня	Feuer	Fuoco	Eld	Fogo	Fuego	Ogień	炎屬性	Ateş	Feu
sys_sort_dark	Dark		ダーク	Oscuridad	Дух темноты	Finsternis	Tenebre	Mörk	Escuridão	Sombrío	Mrok	闇屬性	Karanlık	Ténèbres
														
sys_reset	Reset		リセット	Restablecer	Сбросить	Zurücksetzen	Resetta	Återställ	Redefinir	Restablecer	Zresetuj	重置	Tekrarla	Réinitialiser
sys_reset_description	Are you sure you want to reset this preset?		このプリセットをリセットする？	¿Deseas restablecer este conjunto de habilidades?	Вы уверены, что хотите сбросить этот шаблон?	Bist du sicher dass du diese Vorgabe zurücksetzen willst?	Sei sicuro di voler resettare questa preimpostazione?	Är du säker på att du vill återställa den här förinställningen?	Deseja mesmo redefinir este conjunto?	¿Seguro(a) que quieres restablecer este conjunto de habilidades?	Czy na pewno chcesz zresetować ten szablon?	您確定要重置此一組合？	Bu ön ayarı sıfırlamak istediğine emin misin?	Voulez-vous réinitialiser cet ensemble de compétences ?
sys_new_preset	New Preset		新プリセット	Conjunto Nuevo	Новый шаблон	Neue Vorgabe	Nuova Preimpostazione	Ny förinställning	Novo Conjunto	Nuevo conjunto	Nowy Szablon	新組合	Yeni Ön Ayar Oluştur	Nouvel ensemble
sys_delete_preset_description	Are you sure you want to delete this preset?		このプリセットをデリートする？	¿Deseas borrar este conjunto de habilidades?	Вы уверены, что хотите\nудалить данный шаблон?	Bist du sicher, dass du diese Vorgabe löschen willst?	Sei sicuro di volere cancellare questa Preimpostazione?	Är du säker på att du vill radera den här förinställningen?	Deseja mesmo excluir este conjunto?	¿Seguro(a) que quieres borrar este conjunto de habilidades?	Czy na pewno chcesz usunąć ten szablon?	您確定要刪除此組合？	Bu ön ayarı silmek istediğine emin misin?	Voulez-vous effacer cet ensemble de compétences ?
sys_bgm	Change BGM		BGM　へんこう	Cambiar música de fondo	Изменить фоновую музыку	Musik ändern	Cambia musica di sottofondo	Ändra Backgrundsmusik	Alterar música de fundo	Cambiar música de fondo	Muzyka w tle	變更BGM	APM Değiştir	Changer la musique de fond
														
sys_pause	Pause		ポーズ	Pausa	Пауза	Pause	Pausa	Pausa	Pausa	Pausa	Pauza	暫停	Durdur	Pause
pause_continue	Continue		コンティニュー	Continuar	Продолжить	Weiter	Continua	Fortsätt	Continuar	Continuar	Kontynuuj	繼續	Devam et	Continuer 
pause_restart	Restart		リスタート	Reiniciar	Заново	Neustart	Ricomincia	Starta om	Reiniciar	Reiniciar	Zrestartuj	重新來過	Tekrarla	Recommencer
pause_status	Status		ステータス	Estado	Статус	Status	Stato	Status	Status	Estado	Status	狀態	Durum	Statut
pause_quit	Quit		やめる	Salir	Выход	Verlassen	Abbandona	Avsluta	Sair	Salir	Wyjdź	退出	Çık	Quitter 
pause_mission	Mission		ミッション	Misión	Миссия	Mission	Missione	Uppdrag	Missão	Misión	Misja	任務	Görev	Mission 
pause_skill	Skills		スキル	Habilidades	Навыки	Skills	Abilità	Färdigheter	Habilidades	Habilidades	Talenty	技能	Becerliler	Compétences
pause_status_description	Here is Sonic's current status.		現在のソニックのステータスです。	Aquí está el estado actual de Sonic.	Текущий статус Соника.	Hier ist Sonics aktueller Status.	Ecco lo stato attuale di Sonic.	Här är Sonics nuvarande status	Aqui está o estado atual de Sonic.	Este es el estado actual de Sonic.	Oto obecny status Sonica.	索尼克的目前狀態。	İşte Sonic'in son durumu.	Stats actuelles de Sonic 
pause_mission_description	Here is information on\nyour current mission.		現在プレイ中のミッション\n内容を表示します。	Aquí hay información\nsobre la misión actual.	Отобразить содержание текущей миссии.	Hier sind Informationen zu deiner aktuellen Mission.	Ecco le informazioni sulla\ntua attuale missione.	Här är information för\nditt nuvarande uppdrag	Aqui estão as informações\nda sua missão atual.	Esta es la información\nde tu misión actual.	Oto informacje o obecnej misji.	目前任務的資訊。	İşte şu anki\ngörevinle ilgili bilgiler.	Informations de la quête 
pause_skill_description	Here is information on\nyour currently equipped skills.		現在プレイ中のスキルリストです。	Aquí hay información\nsobre las habilidades equipadas.	Список навыков, которыми сейчас снаряжён герой.	Hier sind Informationen zu deiner aktuellen Ausrüstung.	Ecco le informazioni sulle\ntue abilità attualmente equipaggiate.	Här är information för\ndina nuvarande valda färdigheter	Aqui estão as informações das\nsuas habilidades equipadas atualmente.	Esta es la información de\ntus habilidades equipadas.	Oto informacje o wyposażonych talentach.	目前裝備的技能。	İşte şu anda sahip olduğun\nbecerilere ilişkin bilgiler.	Informations de tes équipements actuels 
pause_lv	Level		レベル	Nivel	Уровень	Level	Livello	Nivå	Nível	Nivel	Poziom	等級	Seviye	Niveau 
pause_high_score	High Score		ハイスコア	Mejor Puntuación	Всего очков	Höchstpunktzahl	Punteggio più alto	Topp Poäng	Melhor Pontuação	Mayor puntuación	Najlepszy Wynik	最佳得分	Yüksek Skor	Score le plus élevé 
pause_score	Score		スコア	Puntuación	Очки	Punkte	Punteggio	Poäng	Pontuação	Puntuación	Wynik	得分	Skor	Score le plus élevé 
pause_best_time	Best Time		ベストタイム	Mejor Tiempo	Лучшее время	Bestzeit	Tempo Migliore	Bästa Tid	Melhor Tempo	Mejor tiempo	Najlepszy Czas	最佳時間	En İyi Süre	Meilleur temps
pause_time	Time		タイム	Tiempo	Время	Zeit	Tempo	Tid	Tempo	Tiempo	Czas	時間	Süre	Temps
pause_stage_exp	Stage EXP		ステージ EXP	EXP del Nivel	Уровень опыта	Level EP	PE del livello	Ban EXP	EXP de Nível	EXP del nivel	PD Etapu	關卡獲得EXP	Aşama EXP	XP du niveau 
pause_total_exp	Total EXP		トータル EXP	EXP Total	Всего опыта	Gesamt EP	PE totale	Total EXP	EXP Total	EXP total	Suma PD	總共EXP	Toplam EXP	XP total 
pause_gauge	Soul Gauge		ソウルゲージ	Barra de Almas	Шкала души	Soul Gauge	Barra dell'Anima	Själmätare	Barra Espiritual	Medidor de almas	Pasek Dusz	魂力量表	Ruh Ölçer	Jauge d'Âme
pause_fire_soul	Fire Soul		ファイヤーソウル	Alma Ígnea	Душа огня	Feuerseele	Anima Infuocata	Eldsjäl	Alma de Fogo	Alma de fuego	Ognista Dusza	焰魂	Ateş Ruhu	Âme de Feu 
pause_medal	Medal		メダル	Medalla	Медаль	Medaille	Medaglia	Medalj	Medalha	Medalla	Medal	獎牌	Madalya	Médaille 
pause_no_skill	No skills are currently equipped.		スキルは装備していない。	No tienes equipada ninguna habilidad.	Сейчас Ваш герой ничем не снаряжён.	Es sind gerade keine Skills ausgerüstet.	Nessuna abilità è attualmente equipaggiata.	Inga färdigheter är utrustade för tillfället.	Nenhuma habilidade está equipada no momento.	No hay ninguna habilidad equipada.	Żaden talent nie jest obecnie używany.	目前沒有裝備技能	Şu anda hiçbir beceri donatılmadı.	Aucune compétence n'est actuellement équipée.
														
														
status_header	Status		ステータス	Status	Статус	Status	Stato	Status	Status	Estado	Status	狀態	Durum	Statut
status_level	Level		レベル	Nivel	Уровень	Level	Livello	Nivå	Nível	Nivel	Poziom	等級	Seviye	Niveau
status_ring	Ring Count		リング数	Anillos	Максимум колец	Ringe gesammelt	Numero Anelli	Antal Ringar	Anéis	Anillos	Liczba Pierścieni	金環數	Yüzük Sayısı	Compteur de rings
status_fire_soul	Fire Soul Count		ファイヤーソウル数	Almas Ígneas	Всего Душ огня	Feuerseelen 	Numero Anime Infuocate	Antal Äldsjälar	Almas de Fogo	Almas de fuego	Liczba Ognistych Dusz	焰魂數	Ateş Ruhu Sayısı	Compteur d'âmes de feu
status_skill_points	Skill Points		スキル ポイント	Puntos de Habilidad	Очков навыка	Skillpunkte	Punti Abilità	Färdighetspoäng	Pontos de Habilidade	Puntos de habilidad	Punkty Talentów	技能點數	Beceri Puanları	Points de compétence
status_soul_gauge	Max Soul Gauge		マックスソウルゲージ	Límite de la Barra de Almas	Максимум шкалы души	Soul Gauge Höhe	Barra dell'Anima Massima	Max Själmätare	Limite da Barra Espiritual	Medidor de almas	Maks. Pasek Dusz	最大魂力量表	Maksimum Ruh Ölçütü	Limite de la jauge d'âme
status_total_exp	Total Exp		トータル EXP	EXP Total	Всего опыта	Erfahrungspunkte	EP Totali	Total EXP	Experiência Total	Exp Total	Łączne PD	總EXP	Toplam Tecrübe Puanı	EXP totale
status_next_exp	Next Level Up		次のレベル	Siguiente Nivel	Следующий уровень	Nächstes Level ab	Prossimo Livello	Nästa Nivå Upp	Próximo Nível	Para el próximo nivel	Kolejny Poziom	下次升級所需	Sonraki Seviye Atlama	Prochain niveau
status_next_story	Next Story Mission		次のミッション	Siguiente Misión de la Historia	Сюжетная миссия	Nächste Story Mission	Prossima Missione Storia	Nästa Berättelse Uppdrag	Próxima Missão da Campanha	Próxima misión de la historia	Kolejna Misja Fabularna	下個主線任務	Sonraki Hikaye Görevi	Prochaine mission de l'histoire
														
														
sys_world_locked	You cannot select this world yet.		このステージは　まだ選択できません。	Aún no puedes seleccionar este mundo.	Вы пока не можете выбрать этот мир.	Du kannst diese Welt noch nicht auswählen.	Non puoi ancora selezionare questo mondo.	Du kan inte välja den här världen än.	Você ainda não pode selecionar este mundo.	Aún no puedes elegir este mundo.	Jeszcze nie możesz wybrać tego świata.	您還不能選擇此世界。	Henüz bu bölgeyi seçemezsin.	Tu ne peux pas encore\nséléctionner ce monde.
sys_mode_adventure	Take on the quest to save the\nfading world of the Arabian Nights!		失われつつあるアラビアンナイトの\n世界を冒険します。	¡Emprende la misión de salvar\nel mundo de Las mil y una noches!	Отправимся навстречу приключениям\nв мир исчезающих """Тысячи и одной ночи"""!	Rette die schwindende Welt von\nTausendundeiner Nacht!	Intraprendi la missione per salvare\nil mondo dissolvente delle Mille e una Notte!	Ge dig ut på uppdraget för att rädda\nTusen och en Natts bleknande värld!	Embarque numa missão para salvar o\nmundo em declínio das Mil e uma Noites!	Explora y salva el mundo decadente\nde """Las mil y una noches""".	Podejmij się wyprawy by uratować\nzanikający świat Arabskich Nocy!	踏入逐漸消逝的天方夜譚的\n世界裡展開冒險吧！	Arap Geceleri’nin solmakta olan\ndünyasını kurtarma görevini üstlen!	Pars à l'aventure et sauve le monde\ndes Mille et Une Nuits du néant !
sys_mode_party	Play with up to 4 of your friends\nin this full-scale minigame mode!		1人~4人で遊ぶためのミニゲーム\n満載のパーティーモードーです。	¡Juega con hasta 4 amigos a\nuna multitud de minijuegos!	Режим вечеринки, в котором собраны\nмини-игры для 1-4 человек.	Im Partymodus können bis zu 4\nFreunde an Minispielen teilnehmen!	Gioca fino a 4 amici\nin questa modalità di mini-giochi!	Spela med upp till 4 av dina vänner in det här fullskaliga minispelsläget!	Jogue com até 4 jogadores numa\nvariedade de minigames!	Un modo repleto de minijuegos\npara 1 a 4 jugadores.	Graj z maks. czterema znajomymi w tym\npełnowymiarowym trybie Minigrowym! 	可供1~4人遊玩充滿小遊戲的派對模式！	Bu kapsamlı mini oyun modunda\n4 arkadaşına kadar birlikte oyna!	Joue à des mini-jeux avec jusqu'a 4 de tes amis dans ce mode mini-jeu !
sys_mode_book	You can view the pages\nyou've collected here.		これまで獲得したページを\n見る事ができます。	Aquí puedes ver las páginas\nque has coleccionado.	Просмотреть полученные страницы.	Hier kannst du die Seiten ansehen,\ndie du gesammelt hast.	Qua puoi vedere le pagine\nche hai collezionato.	Du kan titta på sidor som\ndu har samlat här.	Aqui você pode ver as páginas\nque já coletou.	Puedes ver las páginas\nque has reunido aquí.	Tutaj możesz przejrzeć strony,\nktóre zebrałeś/aś.	您可以在此觀賞獲得的書頁。	Topladığın sayfaları burada görüntüleyebilirsin.	Tu peux voir toutes les pages\nque tu as récupérées ici.
sys_mode_option	Change the game's settings.		ゲーム中の設定を変更できます。	Ajusta los parámetros del juego.	Изменить настройки игры.	Ändere die Einstellungen des Spiels.	Cambia le impostazioni di gioco.	Ändra spelets inställningar.	Altere as configurações do jogo.	Cambia los ajustes del juego.	Zmień ustawienia gry.	變更遊戲設定。	Oyun ayarlarını değiştir.	Ceci te permet de modifier\nles paramètres du jeu.
sys_mode_timeattack	Go for the fastest time!		最速タイムを狙え！	¡Compite por los tiempos más rápidos!	Соревнуйтесь за лучшее время!	Wetteifere um die schnellsten Zeiten!	Competi per il tempo più veloce!	Tävla för dem snabbaste tiderna!	Faça o menor tempo que puder!	Intenta llegar más rápido.	Rywalizuj po najlepsze czasy!	挑戰以最快時間通關！	En hızlı süre için yarış!	Établis des records de vitesse !
sys_mode_timeattack_locked	Clear the game at least once to unlock.		ゲームをクリアするとアンロックされる。	Supera el juego al menos una vez para desbloquearlo.	Чтобы разблокировать, пройдите\nигру хотя бы один раз.	Spiel das Spiel einmal durch, um dies freizuschalten.	Completa il gioco almeno una volta per sbloccare questa modalità.	Klara ut spelet minst en gång för att låsa upp.	Conclua o jogo pelo menos uma vez para desbloquear.	Termina el juego al menos\nuna vez para desbloquear esto.	Skończ grę przynajmniej raz by odblokować.	完成遊戲一次即可解鎖。	Kilidi açmak için oyunu en az bir kez tamamla.	Termine le jeu une fois pour débloquer.
														
sys_save_select	Please select the file\nyou would like to play.		始めたいデータを選択してください。	Selecciona el archivo de\nguardado que quieres cargar.	Выберите файл, который хотите загрузить.	Bitte wähle die gewünschte\nDatei aus.	Seleziona il salvataggio\ndove vorresti giocare.	Snälla välj filen som du skulle vilja spela.	Selecione o jogo salvo\nque deseja carregar.	Elige el archivo que quieres usar	Wybierz zapis,\nna którym chcesz grać.	請選擇要遊玩的存檔資料。	Lütfen oynamak istedigin\ndosyayı seç	Sélectionne le ficher que tu souhaites utiliser.
sys_new	New		New	Nuevo	Новое	Neu	Nuovo	Ny	Novo	Nuevo	Nowy	新	Yeni	Nouveau
sys_map	World		ワールド	Mundo	Мир	Welt	Mondo	Värld	Mundo	Mundo	Świat	世界	Dünya	Monde
sys_mission	Mission		ミッション	Misión	Миссия	Mission	Missione	Uppdrag	Missão	Misión	Misja	任務	Görev	Mission 
sys_music_selector	Music Selector		曲セレクター	Selector de Música	Выбор музыки	Musik-Auswahl	Selettore di Musica	Musik Väljare	Seletor de Música	Selector de música	Wybór Muzyki	曲目選擇	Müzik Seçici	Sélectionneur de musique
sys_customtracks	Custom Music		カスタム曲	Música Importada	Пользовательская музыка	Eigene Musik	Musica Personalizzata	Anpassad Musik	Músicas Importadas	Música personalizada	Niestandardowa Muzyka	自訂曲目	Özel Müzik	Musique personnalisée
sys_maintracks	Default Music		デフォルト曲	Música por Defecto	Музыка по умолчанию	Standard-Musik	Musica Predefinita	Standard Musik	Música Padrão	Música por defecto	Standardowa Muzyka	預設曲目	Normal Müzik	Musique par défaut
sys_refresh	Refresh		リフレッシュ	Actualizar	Обновить	Aktualisieren	Aggiorna	Uppdatera	Atualizar	Recargar	Odśwież	重整	Yenile	Rafraîchir
														
ta_title	Time Attack		タイムアタック	Contrarreloj	Забег на время	Zeit-Angriff	Sfida a Tempo	Tids Attack	Contra o Tempo	Contrarreloj	Atak Czasu	計時挑戰	Zamana Karşı	Contre-la-montre
ta_newrun	New Run		ニュー ＲＴＡ	Nueva Partida	Новое прохождение	Neuer Speedrun	Nuova Partita	Ny Omgång	Nova Run	Nueva speedrun	Nowy Bieg	選擇挑戰模式	Yeni Koşu	Nouvelle partie
ta_mode_title	Choose Run Type		ＲＴＡタイプ選択	Escoge el Tipo de Partida Cronometrada	Выберите тип прохождения	Speedrun-Typ auswählen	Seleziona il tipo di partita	Välj Omgångstyp	Escolha o Tipo de Run	Elige el tipo de speedrun	Wybierz Typ Biegu	選擇挑戰模式類別	Koşu Türünü Seç	Sélectionner le type de partie
ta_mode_standard	Standard		通常	Estándar	Стандартный	Standard	Standard	Standard	Aventura	Normal	Standard	標準模式	Standard	Standard
ta_mode_mainmissions	Minimalist		ミニマリスト	Minimalista	Основные миссии	Hauptmissionen	Missioni Principali	Huvuduppdrag	Missões Principais	Misiones principales	Misje Główne	極簡模式	Ana Görevler	Minimaliste
ta_mode_bossrush	Boss Rush		ボスラッシュ	Jefes	Битва с боссами	Boss Rush	Sfida sui Boss	Bossrusning	Desafio de Chefões	Cadena de jefes	Maraton Bossów	頭目連戰模式	Boss Hücumu	Boss Rush
ta_mode_leaderboard	Leaderboard		ランキング	Tabla de Clasificación	Список лидеров	Ranglisten	Tabellone	Topplista	Tabela de Classificações	Tabla de posiciones	Tablica Wyników	排行榜	Liderlik Tablosu	Tableau des classement
ta_mode_singlerun	Single Run		ＩＬ	Nivel Único	Одиночный забег	Einzel-Speedrun	Partita Singola	Enkel Omgång	Fase Única	Sólo un nivel	Pojedyńczy Bieg	自由模式	Tekli Koşu	Partie unique
ta_start	Start!		スタート	¡Comenzar!	Старт!	Start!	Inizia!	Start!	Iniciar!	¡Empezar!	Start!	開始挑戰！	Başla!	Aller !
ta_levellist	Level List		ステージリスト	Lista de Niveles	Список уровней	Level-Liste	Lista dei Livelli	Nivålista	Lista de Fases	Lista de niveles	Lista Etapów	關卡列表	Seviye Listesi	Liste des niveaux
ta_newrun_desc	Start a new speedrun!		新しいＲＴＡを始まる。	¡Comienza una nueva partida!	Начать новое быстрое прохождение!	Starte einen neuen Speedrun!	Inizia una nuova partita veloce!	Starta en ny speedrun!	Inicie uma nova run!	¡Empieza una nueva speedrun!	Zacznij nowy speedrun!	選擇您要挑戰的模式。	Yeni bir speedrun'a başla!	Démarrer un nouveau speedrun !
ta_mode_singlerun_desc	Play individual levels.		個々のレベルをＲＴＡする。	Juega niveles individuales.	Пройти отдельно уровни.	Spiele einzelne Level.	Gioca livelli individuali.	Spela individuela nivåer.	Jogue fases individuais.	Juega niveles individuales.	Graj w indywidualne etapy.	自由挑戰單一關卡。	Özel bölümler oyna.	Joue un niveau.
ta_mode_desc_anypercent	The New Game experience!\nTime ends when defeating Alf Layla Wa Layla.		ニューゲームプラス体験だ！\nアルフ・ライラ・ワ・ライラを倒すとタイムが終了する。	¡De principio a fin, desde cero!\nEl cronómetro se detiene tras derrotar a Alf Leyla wa-Leyla.	Новая игра!\nВремя заканчивается после победы\nнад Альф-Лейла-ва-Лейла.	Mit """New Game"""-Regeln!\nZeit wird gestoppt sobald Alf Layla Wa Layla besiegt wurde.	L'esperienza del New Game!\nIl cronometro si ferma quando sconfiggi Alf Layla Wa Layla.	Nytt Spel upplevelsen!\nTiden stannar när du slår Alf Layla Wa Layla.	Do começo ao fim, desde o zero!\nO cronômetro para após derrotar Alf Layla wa-Layla.	¡Experimenta un nuevo juego!\nEl tiempo se detiene al vencer a Alf Leyla wa Leyla.	Doświadczenie Nowej Gry!\nCzas kończy się po pokonaniu Alf Layla Wa Layla.	挑戰全主線任務關卡！\n計時會在打倒一千零一夜時結束。	Yeni Oyun deneyimi!\nAlf Layla Wa Layla'yı yendiğinde süre sona erer.	Une expérience New Game!\nLe chronomètre s'arrête quand Alf Layla Wa Layla est vaincu.
ta_mode_desc_goalpercent	All """Go for the Goal""" stages!\nTime ends when finishing Night Palace.		すべての「ゴー　フォー　ザ　ゴールl」ステージ！\nナイト　パレスをクリアするとタイムが終了する。	¡Todos los niveles de """Llega a la Meta"""!\nEl cronómetro se detiene tras superar el Palacio Nocturno.	Пройти все уровни до финиша!\nВремя заканчивается после победы\nнад Альф-Лейла-ва-Лейла.	Alle """Erreiche das Ziel"""-Levels!\nZeit wird gestoppt sobald Night Palace durchgespielt wurde.	Tutti i livelli """Vai verso il Traguardo"""\nIl cronometro si ferma quando concludi il Palazzo Notturno.	Alla """Sikta på målet""" banor!\nTiden stannar när du klarar Natt Palatset.	Todos as fases de """Chegue até o Fim"""!\nO cronômetro para após finalizar Night Palace.	¡Todas las misiones """Llega a la meta"""!\nEl tiempo se detiene al terminar Palacio Nocturno.	Wszystkie etapy """Dobiegnij do Mety"""!\nCzas kończy się po pokonaniu Nocnego Pałacu.	挑戰全「抵達終點」任務關卡！\n計時會在暗夜宮殿通關時結束。	Tüm """Hedefe Git""" aşamaları!\nGece Sarayı'nı bitirdiğinizde süre sona erer.	Tous les stages """Atteindre l'arrivé""" !\nLe chronomètre s'arrête en finissant Night Palace.
ta_mode_desc_bossrush	All Boss stages!\nTime ends when defeating Alf Layla Wa Layla.		すべてのボスステージ！\nアルフ・ライラ・ワ・ライラを倒すとタイムが終了する。	¡Lucha contra todos los Jefes!\nEl cronómetro se detiene tras derrotar a Alf Leyla wa-Leyla.	Пройти все уровни с боссами!\nВремя заканчивается после победы\nнад Альф-Лейла-ва-Лейла.	Alle Boss-Levels!\nZeit wird gestoppt sobald Alf Layla Wa Layla besiegt wurde.	Tutti gli scontri contro i Boss!\nIl cronometro si ferma quando sconfiggi Alf Layla Wa Laya.	Alla Boss banor!\nTiden stannar när du slår Alf Layla Wa Layla.	Todos as fases de Chefe!\nO cronômetro para após derrotar Alf Layla wa-Layla.	¡Todos los jefes!\nEl tiempo se detiene al vencer a Alf Leyla wa Leyla.	Wszystkie etapy Bossów! \nCzas kończy się po pokonaniu Alf Layla Wa Layla.	挑戰全「擊敗Boss」任務關卡！\n計時會在打倒一千零一夜時結束。	Tüm Boss aşamaları!\nAlf Layla Wa Layla'yı yendiğinde süre sona erer.	Tous les stages de Boss !\nLe chronomètre s'arrête lorsque Alf Layla Wa Layla est vaincu.
ta_start_desc	Start the run!		ＲＴＡ始める	¡Empezar la paritda!	Начать забег!	Starte den Speedrun!	Inizia la partita!	Starta omgången!	Inicia a run!	¡Comenzar speedrun!	Rozpocznij Speedrun!	開始計時挑戰！	Koşmaya başla!	Commencer la partie !
ta_levellist_desc	Show the levels being played in this run.		ＲＴＡのステージリストを表示する。	Mostrar los niveles que se jugarán en esta partida.	Показать уровни, пройденные в этом забеге.	Zeige die Levels, die in dem Speedrun gespielt werden.	Mostra i livelli attualmente giocati in questa partita.	Visa nivåerna som spelas denna omgång.	Mostra as fases que farão parte dessa run.	Muestra los niveles que se jugaran en esta speedrun.	Pokaż etapy grane w tym biegu.	顯示本次挑戰會進行遊玩的關卡。	Bu koşuda oynanmış seviyeleri göster.	Afficher les niveaux joués lors de cette partie
														
ta_results_total	Total Time		トタルタイム	Tiempo Total	Общее время	Gesamtzeit	Tempo Totale	Total Tid	Tempo Total	Tiempo total	Ogólny Czas	總共時間	Toplam Süre	Durée totale
ta_results	Results		結果	Resultados	Результаты	Ergebnis	Risultati	Resultat	Resultados	Resultados	Wynik	結果	Sonuçlar	Résultat
ta_newrecord	New Record		ニュウレコード	Nuevo Récord	Новый рекорд	Neuer Rekord	Nuovo Record	Nytt Rekord	Novo Recorde	Nuevo récord		新紀錄	Yeni Rekor	Nouveau record
ta_continue	Continue Run		ＲＴＡをつづけく	Reanudar Partida	Продолжить забег	Speedrun Fortsetzen	Continua Partita	Fortsätt Omgång	Continuar Run	Continuar speedrun	Kontynuuj Bieg	繼續計時挑戰	Koşuya Devam	Continuer la partie
ta_continue_desc	Continues the last active run.		前回のＲＴＡが続く。	Reanuda la última partida activa.	Продолжить сохранённый забег?	Setze Speedrun fort?	Continuare la partita salvata?	Fortsätt den senast aktiva omgången.	Continuar run salva?	¿Continuar la speedrun guardada?	Kontynuować zapisany bieg?	繼續上次計時挑戰紀錄。	Son aktif koşudan devam eder	Reprendre la dernière partie
ta_alert_overwrite	Overwrite current run?		前回のＲＴＡを上書きします。\nよろしいですか?	¿Quieres sobreescribir la partida en curso?	Перезаписать текущий забег?	Überschreibe jetzigen Speedrun?	Sovrascrivere la partita salvata?	Skriv över nuvarande omgången?	Substituir pela run atual?	¿Sobreescribir la speedrun guardada?	Nadpisać obecny bieg?	覆蓋本次計時挑戰紀錄？	Anlık koşunun üstüne yazılsın mı?	Écraser la partie en cours?
ta_alert_deletesingle	This will delete the record for this level. Continue?			Se borrará el tiempo récord de este nivel. ¿Deseas continuar?	Это удалит запись для данного уровня. Продолжить?	Dies wird den Rekord des Levels löschen. Weiter?				Esto borrará el registro para este nivel. ¿Deseas continuar?		您確定要刪除此關卡之記錄嗎？	Bu işlem, bu seviyeye ait kaydı silecektir. Devam edilsin mi?	
ta_alert_deletecategory	This will delete the records for this category. Continue?			Se borrarán los tiempos récord de esta categoría. ¿Deseas continuar?	Это удалит записи для данной категории. Продолжить?	Dies wird die Rekorde dieser Kategorie löschen. Weiter?				Esto borrará los registros de esta categoría. ¿Continuar?		您確定要刪除此模式之記錄嗎？	Bu kategoriye ait kayıtları silecektir. Devam edilsin mi?	
ta_restartrun	Restart Run		リスタート	Reiniciar Partida	Начать заново забег	Speedrun Neustarten	Ricomincia la Partita	Starta om omgången?	Reiniciar Run	Reiniciar speedrun	Zrestartuj Bieg	重新開始	Koşuyu Tekrarla	Recommencer la partie
ta_restarts	Restarts			Número de Reinicios	Перезапуск забега	Anzahl der Neustarts				N° de reinicios		重新開始次數		Nombre d'essais
spb_controls_random	Play Random		ランダムさいせい	Reproducir al Azar	Случайный порядок	Zufälliges Spiel	Gioca in modo Casuale	Spela Slumpmässigt	Reproduzir Aleatoriamente	Reproducción aleatoria	Zagraj Losowe	隨機播放	Rastgele Oyna	Au hasard
spb_controls_zoom	Zoom		ズームレベル	Zoom	Увеличить	Zoomen	Ingrandimento	Zooma	Zoom	Zoom	Przybliż	放大	Yakınlaştır	Zoom
spb_controls_play	Play		さいせい	Reproducir	Проиграть	Spielen	Riproduci	Spela 	Reproduzir	Reproducir	Graj	播放	Oyna	Jouer
spb_controls_hide	Hide Menu		メニュー トグル	Ocultar el Menú	Скрыть меню	Menü Verstecken	Nascondi il Menu	Göm Meny	Esconder o Menu	Ocultar menú	Ukryj Menu	隱藏選單	Menüyü Gizle	Cacher le menu
spb_controls_move	Move		うごく	Mover	Отдалить	Bewegen	Muovi	Flytta	Mover	Mover	Ruch	移動	Hareket et	Se déplacer
spb_controls_scale	Scale		サイズ	Redimensionar	Приблизить	Skalieren	Ridimensiona	Skala	Redimensionar	Escalar	Skala	縮放	Ölçek	Redimensionner
														
														
sys_options	Options		設定	Opciones	Настройки	Optionen	Opzioni	Inställningar	Opções	Opciones	Ustawienia	設定	Ayarlar	Options
option_mute	Mute		ミュート	Silenciado	Без звука	Stummschalten	Silenzia	Ljudlös	Mudo	Mudo	Wycisz	靜音	Sesini kapat	Sourdine
option_enable	Enabled		はい	Sí	Включено	An	Attivato	Aktiverad	Ativado	Activado	Włączono	啟用	Etkinleştirilmiş	Activé
option_disable	Disabled		いいえ	No	Выключено	Aus	Disattivato	Avaktiverad	Desativado	Desactivado	Wyłączono	關閉	Engellenmiş	Désactivé
option_hold	Hold		ホールド	Mantener	Удержание	Halten	Mantieni	Håll in	Segurar	Mantener	Trzymaj	長押	Tut	Maintenir
option_toggle	Toggle		トグル	Pulsar	Переключение	Umschalten	Attiva/Disattiva	Växla	Ativar/Desativar	Activar/Desactivar	Wciśnij	切換	Değiştir	Activer / Désactiver
option_both	Both		両方	Ambos	Оба варианта	Beides	Entrambi	Båda	Ambos	Ambos	Oba	同時啟用	İkiside	Les deux
option_attack	Attack		アタック	Atacar	Атака	Angriff	Attacco	Attackera	Atacar	Atacar	Atak	攻擊	Saldır	Attaquer
option_stomp	Stomp		ストンプ	Caída Rápida	Растаптывание	Stampfen	Calpestata	Stampa	Pisada	Pisotón	Tupnięcie	墜擊	Ez	Piétiner
option_high	High		高	Alto	Высокие	Hoch	Alto	Hög	Alto	Alto	Wysokie	高	Yüksek	Élevé
option_medium	Medium		中	Medio	Средние	Mittel	Medio	Medium	Médio	Medio	Średnie	中	Orta	Moyen
option_low	Low		低	Bajo	Низкие	Niedrig	Basso	Låg	Baixo	Bajo	Niskie	低	Düşük	Faible
option_hard_shadows	Hard Shadows		最低	Sombras Definidas	Чёткие тени	Harte Schatten	Ombre Definite	Svåra Skuggor	Sombras Definidas	Sombras definidas	Twarde Cienie	最低	Sert Gölgeler	Ombres définies
option_retail	Retail		オリジナル	Original	Релизная версия	Original	Originale	Butiksversion	Original	Original	Oryginalny	原始版本	Orijinal	Original
option_hud_e3	E3 2006			E3 2006	E3 2006 версия	E3 2006	E3 2006	E3 2006	E3 de 2006	E3 2006	E3 2006	E3 2006 版	E3 2006	E3 2006
option_reignited	Reignited		リミックス	Nueva	Новая версия	Reignition	Reignited	Återtänd	Reignition	Reencendido	Odnowiony	Reignited 版	Reignited	Reignition
option_style1	Style 1		スタイル１	Estilo 1	Стиль 1	Stil 1	Stile 1	Stil 1	Estilo 1	Estilo 1	Styl 1	風格 1	Stil 1	Style 1
option_style2	Style 2		スタイル２	Estilo 2	Стиль 2	Stil 2	Stile 2	Stil 2	Estilo 2	Estilo 2	Styl 2	風格 2	Stil 2	Style 2
option_horizontal	Horizontal		横向き	Horizontal	Горизонтально	Horizontal	Orizzontale	Horisontell	Horizontal	Horizontal	Horyzontalny	橫向	Yatay	Horizontal
option_vertical	Vertical		縦向き	Vertical	Вертикально	Vertikal	Verticale	Verikal	Vertical	Vertical	Wertykalny	縱向	Dikey	Vertical
														
option_video	Video		画面設定	Vídeo	Видео	Video	Video	Video	Vídeo	Video	Wideo	影像	Video	Vidéo 
option_audio	Audio		音声設定	Audio	Аудио	Audio	Audio	Ljud	Áudio	Audio	Dżwiek	聲音	Ses	Audio 
option_lang	Language		言語設定	Idioma	Язык	Sprache	Lingua	Språk	Idioma	Idioma	Język	語言	Dil	Langage
option_control	Controls		コントロール設定	Controles	Управление	Steuerung	Controlli	Kontroller	Controles	Controles	Sterowanie	控制	Kontroller	Contrôles
option_interface	Interface		インターフェース	Interfaz	Интерфейс	Interface	Interfaccia	Gränssnitt	Interface	Interfaz	Interfejs	介面	Arayüz	Interface
option_reset_settings	Reset Settings		設定をリセット	Configuración Preestablecida	Сброс настроек	Einstellungen zurücksetzen	Impostazioni Predefinite	Återställ Inställningar	Redefinir Configurações	Restablecer ajustes	Zresetuj Ustawienia	重置設定	Ayarları Sıfırla	Paramètres par défaut
option_reset_controls	Reset Input Mappings		コントロールをリセット	Restablecer Valores de Entrada	Сброс настроек геймпада	Input Mappings zurücksetzten	Resetta la Mappatura del Controller	Återställ Inmatningsmappningar	Redefinir Controles	Restablecer mapeo de entradas	Zresetuj Sterowanie	重置操控按鍵設定	Kontrol Eşlemelerini Sıfırla	Réinitialiser les contrôles
														
option_target_display	Target Display		ターゲットディスプレイ	Monitor Deseado	Монитор	Ziel-Monitor	Seleziona Schermo	Målskärm	Tela	Monitor de destino	Docelowy Wyświetlacz	目標顯示	Hedef Gösterimi	Écran
option_display	Display 0		ディスプレイ0	Monitor 0	Дисплей 0	Monitor 0	Schermo 0	Skärm 0	Tela 0	Monitor 0	Wyświetlacz 0	顯示 0	Görüntü 0	Affichage 0
option_window_size	Window Size		ディスプレイサイズ	Tamaño de la Ventana	Разрешение экрана	Fenstergröße	Dimensione della Finestra	Fönster Storlek	Tamanho da Janela	Tamaño de la ventana	Rozmiar Okna	視窗大小	Pencere Boyutu	Taille de la fenêtre
option_aspect	Aspect Ratio		アスペクト比	Relación de Aspecto	Соотношение сторон	Seitenverhältnis	Rapporto D'aspetto	Bildformat	Proporção da Tela	Relación de aspecto	Format Obrazu	長寬比	En Boy Oranı	Rapport hauteur largeur
option_fullscreen	Fullscreen		フルスクリーン	Pantalla Completa	Полноэкранный	Vollbild	Schermo Intero	Helskärm	Tela Cheia	Pantalla completa	Pełny Ekran	全螢幕	Tam Ekran	Plein Écran 
option_fullscreen_mode	Fullscreen Mode		フルスクリーンモード	Tipo de Pantalla Completa	Полноэкранный режим	Vollbildmodus	Modalità Schermo Intero	Helskärmsläge	Modo de Tela Cheia	Modo de pantalla completa	Tryb Pełnego Ekranu	全螢幕模式	Tam Ekran Modu	Mode d'affichage
option_custom	Custom		カスタム	Personalizado	Настраиваемый	Erstellen	Personalizzato	Anpassad	Customizado	Personalizada	Niestandardowy	自訂	Özelleştirme	Personnalisé
option_normal_fullscreen	Borderless		ボーダーレス	Normal	Без рамок	Randlos	Senza Bordi	Kantlös	Sem bordas	Sin bordes	Bezramkowy	無邊界全螢幕	Kenarlıksız	Plein-écran fenêtré
option_exclusive_fullscreen	Exclusive		フルスクリーン	Exclusiva	Особый	Exklusiv	Esclusivo	Exklusiv	Exclusiva	Exclusiva	Ekskluzywny	專屬	Özelleştirme	Exclusif
option_target_fps	Target Framerate		フレームレート	FPS deseados	Частота кадров	Limit der Bildrate	Limite FPS	Måluppdateringsfrekvens	Limite de FPS	Límite de FPS	Docelowe KL./s	目標幀數	Hedef Kare Hızı	Limite de FPS
option_unlimited_fps	Unlimited		制限なし	Ilimitados	Без ограничений	Unendlich	Illimitati	Oändlig	Ilimitado	Sin límite	Nieograniczone	無限制	Sınırsız	Illimité
option_fps	0 FPS		0 FPS	0 FPS	0 FPS	0 FPS	0 FPS	0 FPS	0 FPS	0 FPS	0 KL./S	0 FPS	0 FPS	0 FPS
option_vsync	V-Sync		垂直同期	Sincronización Vertical	V-Sync	V-Sync	Sincronizzazione Verticale	V-Sync	Sincronização Vertical	Sincronización vertical	Synchronizacja Pionowa	V-Sync垂直同步	Dikey senkronizasyon	V-Sync
option_render_scale	Render Scale		レンダリング精度	Escala de Renderizado	Масштаб рендеринга	Rendering-Skala	Scala di Rendering	Renderingsskala	Escala de Renderização	Escala de renderizado	Skala Renderowania	渲染比例	İşleme Ölçeği	Échelle de Rendu
option_resize_mode	Resize Mode		リサイズモード	Agrandamiento de la Imagen	Режим изменения размера	Skalierungsmodus	Modalità di Ridimensionamento	Storleksändringsläge	Modo de Redimensionamento	Modo de redimensionado	Tryb Skalowania	大小調整模式	Yeniden Boyutlandırma Modu	Mode redimensionné
option_antialiasing	Anti-Aliasing		アンチエイリアス	Suavizado de Imagen	Сглаживание	Anti-Aliasing	Anti-Aliasing	Kantutjämning	Antisserrilhado	Antialiasing	Wygładzanie Krawędzi	反鋸齒	Kenar Yumuşatma	Anticrénelage
option_post_processing	Post-Processing		ポストプロセス	Postprocesamiento	Постобработка	Post-Processing	Post-Processing	Efterbearbeting	Pós-processamento	Postprocesamiento	Obróbka Końcowa	後處理	Son İşleme	Post-Traitement 
option_bloom	Bloom Quality		ブルーム	Calidad del Bloom	Качество цвета	Bloomqualität	Qualità del Bloom	Bloom-Kvalitet	Efeitos Brilhantes	Calidad del resplandor	Jakość Poświaty	光暈品質	Çiçeklenme Kalitesi	Flou lumineux
option_volumetric	Volumetric Lighting		ボリュームライティング	Iluminación Volumétrica	Объёмное освещение	Volumetrische Beleuchtung				Iluminación volumétrica		體積光	Hacimsel Işıklandırma	
option_brightness	Brightness		明るさ	Brillo	Яркость	Helligkeit				Brillo		亮度	Parlaklık	
option_shadow	Shadow Quality		シャドウ品質	Sombras	Качество теней	Schattenqualität	Qualità delle Ombre	Skugg-Kvalitet	Qualidade das Sombras	Calidad de las sombras	Jakość Cieni	陰影品質	Gölge Kalitesi	Qualité des ombres
option_reflection	Reflection Quality		反射品質	Reflejos	Качество отражения	Reflexionsqualität	Qualità dei Riflessi	Reflektions-Kvalitet	Qualidade dos Reflexos	Calidad de los reflejos	Jakość Odbić	反射品質	Yansıma Kalitesi	Qualité des reflets
option_screen_shake	Screen Shake		スクリーンシェイク	Temblor de Pantalla	Мерцание экрана	Screen Shake	Scossa dello Schermo	Skärmskakning	Tremor na Tela	Sacudida de pantalla	Trzęsienie Ekranu	螢幕搖晃	Ekran Sallantısı	Tremblement de l'écran
option_motion_blur	Motion Blur		モーションブラー	Desenfoque por Movimiento	Режим размытия	Motion Blur	Sfocatura di Movimento	Rörelseoskärpa	Desfoque de Movimento	Desenfoque de movimiento	Rozmycie w Ruchu	動態模糊	Hareket Bulanıklığı	Flou de mouvement
														
option_main_vol	Main Volume		ゲームボリューム	Volumen General	Основная громкость	Gesamtlautstärke	Volume Principale	Huvudvolym	Volume Principal	Volumen principal	Głowna Głośność	主音量	Ana Ses	Volume général
option_bgm_vol	Music Volume		音楽ボリューム	Volumen de la Música	Громкость музыки	Musik	Volume della Musica	Musikvolym	Música	Volumen de la música	Głośność Muzyki	音樂音量	Müzik Sesi	Volume de la musique 
option_sfx_vol	SFX Volume		SFXボリューム	Volumen de los Efectos	Громкость спецэффектов	Soundeffekte	Volume degli Effetti	SFX Volym	Efeitos Sonoros	Volumen de los efectos	Głośność Efektów Specjalnych	音效音量	Efekt Sesi	Volume des effets
option_voice_vol	Voice Volume		声ボリューム	Volumen de las Voces	Громкость озвучки	Stimmen	Volume delle Voci	Röstvolym	Voz	Volumen de la voces	Głośność Głosów	語音音量	Konuşma Sesi	Volume des voix 
option_level_select_music	Mission Select Music		ミッションメニュー音楽	Música de Selección de Misión	Стиль музыки в миссии	Missionauswahl-Musik	Musica della Selezione delle Missioni	Uppdragsvalsmusik	Música de Seleção de Missão	Música de selección de misiones	Muzyka Wyboru Misji	任務選單音樂	Görev Seçme Müziği	Choix de la musique des missions
														
option_sub_toggle	Subtitles		サブタイトル	Subtítulos	Субтитры	Untertitel	Sottotitoli	Textning	Legendas	Subtítulos	Napisy	字幕	Altyazılar	Sous-titres
option_dialog_toggle	In-game Dialog		台詞	Diálogo del Juego	Внутриигровые диалоги	In-Game Dialoge	Dialogo durante il Gioco	Dialog i Spelet	Diálogos em Jogo	Diálogos durante el juego	Dialog w Grze	遊戲內對白	Oyun İçi Diyalog	Dialogues
option_text_lang	Text Language		文字言語の設定	Idioma de los Subtítulos	Язык текста	Sprache für Bildschirmtext	Lingua del Testo	Text Språk	Idioma dos Textos	Idioma de los textos	Język Tekstu	文字語言	Yazı Dili	Langage du Texte 
option_voice_lang	Voice Language		音声言語の設定	Idioma de las Voces	Язык озвучки	Sprachausgabe	Lingua delle Voci	Röst Språk	Idioma das Vozes	Idioma de las voces	Język Głosów	語音語言	Ses Dili	Language Vocal
														
option_controller_ui	Button Type		ボタンタイプ	Interfaz de los Botones	Тип кнопок	Tasten-Variante	Tipo di Pulsanti	Knapp Typ	Tipo dos Botões	Tipo de botones	Typ Przycisków	按鍵類型	Tuş Türü	Type de boutons
option_deadzone	Axis Dead Zone		デッドゾーン	Zona Muerta del Eje	Мёртвая зона оси	Achse-Totzone	Zona Morta dell'Asse	Axel Dödzon	Zona Morta dos Analógicos	Zona muerta del eje	Martwa Strefa Osi	軸桿死區	Eksen Ölü Bölgesi	Axe de la Zone Morte 
option_break_mode	Break Skill Mode		ブレイクスキルモード	Impulso/Ralentización	Режим """Навыка владения"""	Bremsfähigkeit-Modus	Modalità delle Abilità Rottura	Brytfärdighetsläge	Modo das Habilidades	Modo de los """Breaks"""	Tryb Talentu Zrywu	時間/速度突破技能模式	Kırma Becerisi Modu	Mode d'accélération/ralenti
option_jump_mode	Jump Button Mode		ジャンプボタンモード	Modo de Salto	Настройка действия в прыжке	Sprungtaste-Modus	Modalità del Salto	Hopp Knapp Läge	Ação do Botão de Pulo	Modo del botón de salto	Tryb Przycisku Skoku	跳躍鍵模式	Zıplama Tuşu Modu	Mode du bouton de saut
option_gyro	Gyro Settings		ジャイロ設定	Ajustes del Giroscopio	Настройки гироскопа	Gyro-Einstellungen	Impostazioni Giroscopio	Gyroinställningar	Configurações de Gyro	Ajustes del giroscopio	Ustawienia Gyro	陀螺儀設定	Gyro Ayarları	Parametre du gyroscope
option_mouse	Mouse Settings		マウス設定	Ajustes del Ratón	Настройки мыши	Maus-Einstellungen	Impostazioni Mouse	Musinställningar	Configurações do Mouse	Ajustes del mouse	Ustawienia Myszy	滑鼠設定	Fare Ayarları	Parametre de la souris
option_mapping	Change Mapping		チェンジコンフィグ	Cambiar Asignaciones	Настройка управления	Mapping Ändern	Cambia Mappatura	Ändra Mappning	Mudar Mapeamento	Cambiar mapeo	Zmień Przypisanie	更改操控按鍵	Eşlemeyi Değiştir	Changer les touches
option_party_mapping	Change Party Mapping		チェンジパーティーコンフィグ	Asignaciones Minijuegos	Настройка управления для игроков	Party-Mapping Ändern	Cambia Mappatura della Modalità Party	Ändra Grupp Mappning	Mudar Mapeamento do Modo Festa	Cambiar mapeo en minijuegos	Zmień Przypisanie Imprezowe	改變派對操控按鍵	Parti Eşlemesini Değiştir	Changer les touches pour les Minijeux
option_mapping_test	Test Controls		コントロールテースト	Probar los Controles	Проверка управления	Steuerung Testen	Prova i Controlli	Testa Kontrollerna	Testar Controles	Probar controles	Przetestuj Sterowanie	測試控制	Kontrolleri Test et	Test des touches
option_controller_auto	Auto Detect		オート	Detección Automática	Автоопределение	Automatische Erkennung	Rilevamento Automatico	Auto Detektion	Detecção Automática	Detectar automáticamente	Autodetekcja	自動偵測	Otomatik Algıla	Détection automatique
option_controller_ps	PlayStation		PlayStation	PlayStation	Playstation	PlayStation	PlayStation	Playstation	PlayStation	PlayStation	PlayStation	PlayStation	PlayStation	PlayStation
option_controller_xbox	Xbox		Xbox	Xbox	Xbox	Xbox	Xbox	Xbox	Xbox	Xbox	Xbox	Xbox	Xbox	Xbox
option_controller_nintendo	Nintendo		Nintendo	Nintendo	Nintendo	Nintendo	Nintendo	Nintendo	Nintendo	Nintendo Switch	Nintendo	任天堂	Nintendo	Nintendo
option_controller_steam	Steam		Steam	Steam	Steam	Steam	Steam	Steam	Steam	Steam	Steam	Steam	Steam	Steam
option_awaiting_input	Awaiting Input...		入力してください...	Pulsa una Tecla...	Ожидание ввода...	Wartet Auf Eingabe...	Premi un Pulsante...	Väntar på inmatning...	Pressione um botão...	Esperando entrada...	Naciśnij Przycisk...	請輸入操控...	Giriş bekleniyor...	En atttente de saisie 
														
option_mouse_mode	Mouse Mode		マウスモード	Modo Ratón	Режим мыши	Maus-Modus	Modalità Mouse	Musläge	Modo do Mouse	Modo del mouse	Tryb Myszy	滑鼠模式	Fare Modu	Modes de souris
option_mouse_positional	Positional		ポジション	Basado en Posición	Позиционный	Positionell	Posizionale	Positionell	Posicional	Posicional	Pozycjonalna	捕捉座標位置	Konumsal	Positionnel
option_mouse_motional	Motion Only		モーションだけ	Basado en Movimiento	Только движение	Nur Bewegungssteuerung	Solo Movimento	Endast Rörelse	Apenas Movimentos	Sólo movimiento	Tylko Ruch	僅補捉動態	Yalnızca Hareket	Motion control seulement
option_mouse_vertical_tracking	Vertical Tracking		タテトラッキング	Seguimiento Vertical	Вертикальное слежение	Senkrechtes Tracking	Tracciamento Verticale	Vertikal Spårning	Movimento Vertical	Seguimiento vertical	Śledzenie Pionowe	垂直追蹤	Dikey Takip	Suivi vertical
option_mouse_motion_sensitivity	Motion Sensitivity		モーション感度	Sensibilidad del Ratón	Чувствительность к движению	Empfindlichkeit der Bewegung	Sensibilità Movimenti	Rörelsekänslighet	Sensibilidade	Sensibilidad	Czułość Myszy	動態靈敏度	Hareket Hassasiyeti	Sensibilité du mouvement
option_mouse_deadzone	Positional Deadzone		ポジションデッドゾーン	Zona Muerta Posicional	Позиционная мёртвая зона	Positionelle Deadzone	Zona Morta	Positionsdödzon	Zona Morta	Zona muerta	Martwa Strefa	位置死角	Konumsal Ölü Bölge	Zone morte positionnelle
option_mouse_horizontal_range	Horizontal Range		ヨコのレンジ	Rango Horizontal	Горизонтальный диапазон	Waagerechte Spanne	Raggio Orizzontale	Horisontellt Omfång	Alcance Horizontal	Rango horizontal	Zasięg Horyzontalny	水平範圍	Yatay Aralık	Portée horizontale
option_mouse_vertical_range	Vertical Range		タテのレンジ	Rango Vertical	Вертикальный диапазон	Senkrechte Spanne	Raggio Verticale	Vertikalt Omfång	Alcance Vertical	Rango vertical	Zasięg Wertykalny	垂直範圍	Dikey Aralık	Portée verticale
option_mouse_vertical_offset	Vertical Offset		タテオフセット	Desvío Vertical	Вертикальное смещение	Senkrechter Offset	Offset Verticale	Vertikalt Offset	Deslocamento Vertical	Sesgo vertical	Przesunięcie Pionowe	垂直偏移量	Dikey Ofset	Décalage vertical
														
option_gyro_mode	Gyro Mode		ジャイロモード	Modo Giroscopio	Режим гироскопа	Gyro-Modus	Modalità Giroscopio	Gyroläge	Modo Giroscópio	Modo giroscópico	Tryb Gyro	陀螺儀模式	Gyro Modu	Modes du gyroscope
option_gyro_deadzone	Gyro Deadzone		ジャイロデッドゾーン	Zona Muerta del Giroscopio	Мёртвая зона гироскопа	Gyro-Totzone	Zona Morta del Giroscopio	Gyrodödzon	Zona Morta do Giroscópio	Zona muerta del giroscopio	Martwa Strefa Gyro	陀螺儀死區	Gyro Ölübölgesi	Zones mortes du gyroscope
option_gyro_sensitivity	Gyro Sensitivity		ジャイロ感度	Sensibilidad del Giroscopio	Чувствительность гироскопа	Gyro-Sensititivität	Sensibilità del Giroscopio	Gyrokänslighet	Sensibilidade do Giroscópio	Sensibilidad del giroscopio	Czułość Gyro	陀螺儀敏感度	Gyro Hassasiyeti	Sensibilité du gyroscope
														
														
														
														
option_hud_style	HUD Style		HUD スタイル	Estilo de la Interfaz	Оформление интерфейса	HUD-Stil	Stile dell'Interfaccia	HUD-stil	Estilo da Interface	Estilo de la interfaz	Styl Interfejsu	介面風格	Hud Stili	Style de l'interface
option_button_style	Button Style		ボタンスタイル	Estilo de los Botones	Оформление кнопок	Knopf-Stil	Stile dei Pulsanti	Knapp Stil	Estilo dos Botões	Estilo de los botones	Styl Przycisku	按鍵風格	Tuş Stili	Style des boutons
option_soul_style	Soul Gauge Style		ソールゲージスタイル	Orientación de la Barra de Almas	Оформление Шкалы души	Soul Gauge-Stil	Tipo di Barra dell'Anima	Själmätarstil	Estilo da Barra Espiritual	Estilo del medidor de almas	Styl Paska Duszy	魂力量表風格	Ruh Ölçer Rotasyonu	Rotation de la jauge d'âme
option_action_prompts	Action Prompts		アクションプロンプト	Mostrar Botones de Acción	Подсказки в игре	Tasten-Hilfe	Prompt d'Azione	Åtgärdsuppmaningar	Botões de Ação	Indicar acciones	Aktywne Podpowiedzi	動作教學提示	Eylem İstemleri	Montrer les boutons d'Action
option_branding	Branding		ブランディング	Pantalla de Título	Оформление логотипа	Titel-Branding	Stile del Titolo	Varumärkesbyggande	Logo de Título	Logo del título	Markowanie Tytułu Gry	標題畫面顯示名稱	Markalaşma	Écran-titre
option_ingame_subtitle_opacity	In-Game Subtitle Opacity		ゲーム内の字幕の不透明度	Opacidad de los Subtítulos (Juego)	Прозрачность субтитров в игре	In-Game Untertitel Deckkraft	Opacità dei sottotitoli nel Gioco	Opacitet för Undertexter i Spelet	Opacidade das Legendas em Jogo	Subtítulos del juego: Opacidad	Nieprzezroczystość Napisów w Grze	遊戲內字幕透明度	Oyun İçi Altyazı Şeffaflığı	Opacité des sous-titres en jeu
option_cutscene_subtitle_opacity	Cutscene Subtitle Opacity		イベントの字幕の不透明度	Opacidad de los Subtítulos (Escenas)	Прозрачность субтитров в катсценах	Film Untertitel Deckkraft	Opacità dei Sottotitoli nei Filmati	Opacitet för Undertexter i Mellansekvensen	Opacidade das Legendas em Cenas	Subtítulos de cinemáticas: Opacidad	Nieprzezroczystość Napisów\nw Przerywnikach Filmowych	劇情字幕透明度	Ara Sahne Altyazı Şeffaflığı	Opacité des sous-titres des cinématiques
														
option_levelmods_enabled	Level Mods		レベルMOD	Mods de Nivel	Моды на уровни	Level-Mods	Mods per i Livelli	Nivåmodifieringar	Mods de Fases	Mods de niveles	Modyfikacje Etapów	關卡模組	Seviye Modları	Mods de niveau
option_charamods_enabled	Character Mods		キャラMOD	Mods de Personaje	Моды на персонажей	Charakter-Mods	Mods per Personaggi	Karaktärsmodifieringar	Mods de Personagens	Mods de personajes	Modyfikacje Postaci	角色模組	Karakter Modları	Mods de personnages
option_langmods_enabled	Language Mods		言語MOD	Mods de Idioma	Моды на локализации	Sprachen-Mods	Mods per le Lingue	Språkmodifieringar	Mods de Idioma	Mods de idiomas	Modyfikacje Języków	語言模組	Dil Modları	Mods linguistiques
option_mod_folder	Open MODS folder		MODフォルダを開く		Открыть папку МОДЫ	Öffne MODS-Ordner	Apri cartella delle Mod	Öppna MODS-mappen	Abrir Pasta de Mods	Abrir carpeta de mods	Otwórz Folder MODów	開啟模組資料夾	MODLAR dosyasını aç	Ouvrir le dossier MODS
														
option_player	Player		プレイヤー	Jugador	Игрок	Spieler	Giocatore	Spelare	Jogador	Jugador	Gracz	玩家	Oyuncu	Joueur
option_device	Controller		デバイス	Mando	Геймпад	Kontroller	Controller	Kontroller	Controle	Control	Kontroler	手把	Kontrolcü	Manette
option_player_number	Player 0		プレイヤー　0	Jugador 0	Игрок 0	Spieler 0	Giocatore 0	Spelare 0	Jogador 0	Jugador 0	Gracz 0	玩家 0	Oyuncu 0	Joueur 0
option_device_number	Controller 0		デバイス　0	Mando 0	Геймпад 0	Kontroller 0	Controller 0	Kontroller 0	Controle 0	Control 0	Kontroler 0	手把 0	Kontrolcü 0	Manette 0
														
option_reset_settings_description	Reset options to their default settings?		設定をリセットする？	¿Recuperar los Ajustes de Fábrica?	Сбросить настройки по умолчанию?	Optionen auf ihre Standardeinstellungen zurücksetzen?	Ripristinare le opzioni alle loro impostazioni originali?	Återställ inställningarna till standardvärdena?	Redefinir opções para as configurações padrão?	¿Restablecer opciones a los ajustes por defecto?	Zrestartować opcje do ich domyślnych ustawień?	確定要重置設定嗎？	Seçenekleri varsayılana sıfırlamansın mı?	Réinitialiser les paramètres ?
option_reset_controls_description	Reset input mappings to their default values?		コントロールをリセットする？	¿Volver a la Asignación de Botones Original?	Сбросить настройки управления по умолчанию?	Eingabe-Optionen auf ihre Standardeinstellungen zurücksetzen?	Ripristinare le mappature ai loro valori originali?	Återställ inmatningsmappningarna till standardvärdena?	Redefinir o mapeamento de botões para o padrão?	¿Restablecer mapeo a los ajustes por defecto?	Zrestartować przypisanie klawiszy do ich domyślnych wartości?	確定要重置操控按鍵設定嗎？	Kontrol eşlemelerini varsayılan değerlerine sıfırlansın mı?	Réinitialiser les touches par défaut ?
														
option_quick_load	Fast Loading (Experimental)		高速ロード「実験的」	Carga Rápida (Experimental)	Быстрая загрузка (Эксперимент)	Schnelles Laden (Experimentell)	Caricamenti Veloci	Snabb Laddning	Carregamento Rápido (Experimental)	Carga rápida	Szybkie Ładowanie (Eksperymentalne)	高速載入(實驗性)	Hızlı yükleme	Chargement rapide
option_quick_load_alert	Enable Fast Loading?\nThis option reduces load times, but may cause occasional crashes on some machines. \n\n(You can always change this in the options menu.)		高速ロードを有効にしますか？\nこのオプションは読み込み時間を短縮しますが、一部のマシンでまれにクラッシュを引き起こす可能性があります。\n\n（オプションメニューでいつでも変更できます。）	¿Quieres activar la Carga Rápida?\nEsta opción reduce los tiempos de carga, pero puede ocasionar el fallo del juego en algunas computadoras. \n\n(Siempre puedes cambiar esta opción en el menú de ajustes)	Включить быструю загрузку?\nЭта опция сокращает время загрузки,\nно может вызывать периодические сбои на некоторых\nкомпьютерах.(Вы всегда можете изменить это в меню настроек.)	Schnelles Laden aktivieren?\nDiese Option verkürzt Ladezeiten, kann aber gelegentlich auch zu Abstürzen auf einigen Maschinen führen. \n\n(Du kannst dies jederzeit im Optionsmenü ändern.)	Abilitare i caricamenti veloci?\nQuesta opzione riduce i tempi di caricamento, ma potrebbe causare crash del gioco in alcuni computer. \n\n(puoi sempre cambiare questa impostazione dal menù delle opzioni).	Slå på Snabb Laddning?\nDet här alternativet minskar laddningstiderna, men kan orsaka enstaka krascher på vissa maskiner.\n\n(Du kan alltid ändra det här i inställningarna.)	Deseja habilitar o Carregamento Rápido?\nEsta opção reduz o tempo de carregamento, mas pode causar crashes em algumas máquinas. \n\n(Você sempre pode mudar esta opção no menu de opções.)	¿Habilitar la carga rápida?\nEsta opción reduce los tiempos de carga, pero puede provocar bloqueos ocasionales en algunas computadoras.\n\n(Siempre puedes cambiarla en el menú de opciones).	Włączyć Szybkie Ładowanie?\nTa opcja skraca czas ładowania, ale może okazjonalnie zawiesić grę na niektórych komputerach.\n\n(Zawsze możesz to zmienić w ustawieniach.)	是否要啟用高速載入？\n此選項能降低載入耗費時間，但有可能會在某些電腦上造成偶發性閃退的現象。\n\n（您可以在設定目錄中對此功能進行變更。）	Hızlı yüklemeyi etkinleştir?\nBu seçenek yükleme sürelerini azaltır, ancak bazı bilgisayarlarda oyunun çökmesine neden olabilir.\n\n(Bu ayarı istediğin zaman seçenekler menüsünden değiştirebilirsin.)	Activer le Chargement rapide ?\nCette option réduit les temps de chargement, mais peut parfois provoquer des crashs sur certains appareils.\n\nVous pouvez toujours changer cette option dans les paramètres.)
														
move_up	Up		上	Arriba	Вверх	Oben	Su	Upp	Cima	Arriba	Góra	上	Yukarı	Haut
move_down	Down		下	Abajo	Вниз	Unten	Giù	Ner	Baixo	Abajo	Dół	下	Aşağı	Bas
move_left	Left		左	Izquierda	Влево	Links	Sinistra	Vänster	Esquerda	Izquierda	Lewo	左	Sol	Gauche
move_right	Right		右	Derecha	Вправо	Rechts	Destra	Höger	Direita	Derecha	Prawo	右	Sağ	Droite
button_jump	Jump		ジャンプ	Saltar	Прыжок	Sprung	Salto	Hopp	Pular	Saltar	Skok	跳躍	Zıplama	Saut
button_action	Action		アクション	Acción Especial	Действие	Aktion	Azione	Handling	Ação	Acción	Akcja	動作	Aksiyon	Action
button_speedbreak	Speed Break		スピードブレイク	Impulso	Ускорение	Speed Break	Rottura della Velocità	Fartbrytning	Impulso Veloz	Speed Break	Zryw Pędu	速度突破	Hız Kırma	Speed Break
button_timebreak	Time Break		タイムブレイク	Ralentización	Замедление	Time Break	Rottura del Tempo	Tidsbrytning	Atraso Temporal	Time Break	Zryw Czasu	時間突破	Zaman Dondurma	Time Break
button_pause	Pause		ポーズ	Pausa	Пауза	Pausieren	Pausa	Pausa	Pausar	Pausa	Pauza	暫停	Durdurma	Pause
button_attack	Attack		アタック	Atacar	Атака	Angriff	Attacco	Attack	Atacar	Atacar	Atak	攻擊	Saldırı	Attaquer
button_brake	Brake		ブレーキ	Frenar	Тормозить	Bremsen	Frenata	Bromsa	Frear	Frenar	Hamowanie	煞停	Fren	Freiner
button_light_dash	Light Speed Dash		ライトスピードダッシュ	Acelerón de Anillos	Световой рывок	Light Speed Dash	Scatto alla Velocità della Luce	Ljushastighetsrusning	Arrancada Suave	Arranque a velocidad luz	Pęd Prędkości Światła	光速衝刺	Işık Hızı Atılma	Accéleration supersonique
button_step_left	Step Left		左ステップ	Paso a la Izquierda	Шаг в сторону влево	Schritt nach Links	Passo a Sinistra	Vänstersteg	Deslocamento para a Esquerda	Paso a la izquierda	Krok w Lewo	向左踏	Sola Adım Atma	Pas vers la gauche
button_step_right	Step Right		右ステップ	Paso a la derecha	Шаг в сторону вправо	Schritt nach Rechts	Passo a Destra	Högersteg	Deslocamento para a Direita	Paso a la derecha	Krok w Prawo	向右踏	Sağa Adım Atma	Pas vers la droite
button_primary	Primary Action		プライマリーアクション	Acción Primaria	Основное действие	Primäre Aktion	Azione Principale	Huvudhandling	Ação Primária	Acción principal	Głowna Akcja	主動作	Birincil Aksiyon	Action principale
button_secondary	Secondary Action		セカンダリーアクション	Acción Secundaria	Последующее действие 	Sekundäre Aktion	Azione Secondaria	Sekundär handling	Ação Secundária	Acción secundaria	Pomocnicza Akcja	次動作	İkincil Aksiyon	Action secondaire
camera_up	Glance Up		上へ見る	Vistazo Arriba	Посмотреть вверх	Nach Oben schauen	Guarda Su	Titta Upp	Olhar para Cima	Mirar arriba	Spójrz w Górę	向上看	Yukarı Bakış	Regarder vers le haut
camera_down	Glance Down		下へ見る	Vistazo Abajo	Посмотреть вниз	Nach Unten schauen	Guarda Giù	Titta Ner	Olhar para Baixo	Mirar abajo	Spójrz w Dół	向下看	Aşağı Bakış	Regarder vers le bas
camera_left	Glance Left		左へ見る	Vistazo a la Izquierda	Посмотреть налево	Nach Links schauen	Guarda a Sinistra	Titta till Vänster	Olhar para Esquerda	Mirar a la izquierda	Spójrz w Lewo	向左看	Sola Bakış	Regarder à gauche
camera_right	Glance Right		右へ見る	Vistazo a la Derecha	Посмотреть направо	Nach Rechts schauen	Guarda a Destra	Titta till Höger	Olhar para Direita	Mirar a la derecha	Spójrz w Prawo	向右看	Sağa Bakış	Regarder à droite
														
lang_local	English		日本語	Español (España)	Русский	Deutsch	Italiano	Svenska	Português do Brasil	Español (Latinoamérica)	Polski	繁體中文	Türkçe	Français
lang_en	English		英語	Inglés	Английский	Englisch	Inglese	Engelska	Inglês	Inglés	Angielski	英文	İngilizce	Anglais
lang_ja	Japanese		日本語	Japonés	Японский	Japanisch	Giapponese	Japanska	Japonês	Japonés	Japoński	日文	Japonca	Japonais
lang_es	Spanish		スペインスペイン語	Español (España)	Испанский (Испания)	Spanisch (Spanien)	Spagnolo (Spagna)	Spanska (Spanien)	Espanhol (Espanha)	Español (España)	Hiszpański (Hiszpania)	西班牙文（西班牙）	İspanyolca (İspanya)	Espagnol (Espagne)
lang_fr	French		フランス語	Francés	Французский	Französisch	Francese	Franska	Francês	Francés	Francuski	法文	Fransızca	Français
lang_it	Italian		イタリア語	Italiano	Итальянский	Italienisch	Italiano	Italienska	Italiano	Italiano	Włoski	義大利文	İtalyanca	Italien
lang_de	German		ドイツ語	Alemán	Немецкий	Deutsch	Tedesco	Tyska	Alemão	Alemán	Niemiecki	德文	Almanca	Allemand
lang_pt_BR	Brazilian Portuguese		ブラジルポルトガル語	Portugués (Brasil)	Бразильский (Португальский)	Brasilianisches Portugiesisch	Portoghese	Briziliansk Portugisiska	Português do Brasil	Portugués (Brasil)	Brazylijski Portugalski	巴西葡萄牙文	Brezilyan Portekizcesi	Portugais (Brésil)
lang_pl	Polish		ポーランド語	Polaco	Польский	Polnisch	Polacco	Polska	Polonês	Polaco	Polski	波蘭文	Lehçe	Polonais
lang_zh	Chinese		中国語	Chino	Китайский	Chinesisch	Cinese	Kinesiska	Chinês	Chino	Chiński	繁體中文	Çince	Chinois
lang_tr	Turkish		トルコ語	Turco	Турецкий	Türkisch	Turco	Turkiska	Turco	Turco	Turecki	土耳其文	Türkçe	Turc
lang_se	Swedish		スウェーデン語	Sueco	Шведский	Schwedisch	Svedese	Svenska	Sueco	Sueco	Szwedzki	瑞典文	İsveççe	Suédois
lang_es_US	Spanish (Latin America)		スペイン語 「ラテンアメリカ」	Español (Latinoamérica)	Латиноамериканский	Spanisch (Lateinamerika)	Spagnolo (America Latina)	Spanska (Latinamerika)	Espanhol (América Latina)	Español (Latinoamérica)	Hiszpański (Ameryka Łacińska)	西班牙文（拉丁美洲）	İspanyolca (Latin Amerika)	Espagnol (Amérique latine)
lang_ru	Russian		ロシア語	Ruso	Русский	Russisch	Russo	Ryska	Russo	Ruso	Rosyjski	俄文	Rusça	Russe
														
action_jump	Jump		ジャンプ	Saltar	Прыгнуть	Sprung	Salto	Hopp	Pular	Saltar	Skok	跳躍	Zıpla	Sauter
action_exit	Exit		でる	Salir	Выйти	Verlassen	Esci	Lämna	Sair	Salir	Wyjdż	退出	Çık	Sortir
action_launch	Launch		とばす	Lanzar	Запустить	Schleudern	Lancio	Avfyra	Lançar	Lanzar	Wystrzał	投射	Fırlat	Lancer
action_ascend	Ascend		のぼる	Ascender	Подняться	Hinaufsteigen	Ascensione	Stig Upp	Ascender	Subir	Wzlot	上升	Yükselt	Monter
action_shuffle	Shuffle		シャッフル	Truco en Raíl	Перестроиться	Shuffle	Azione su Ringhiera	Blanda	Manobra em Trilho	Truco en riel	Przeplatanka	踏軌加速	Hareket	Mouvement sur Rails
action_grindstep	Grind Step		ステップ	Salto entre Raíles	Перескок на рельсу	Grind Step	Passo sulla Ringhiera	Grindsteg	Deslocamento em Trilho	Cambiar de rieles	Krok Szynowy	換軌	Büyük Adım	Saut sur Rails
action_stomp	Stomp		ストンプ	Caída Rápida	Растоптать	Stampfen	Calpestata	Stampa	Pisada	Pisotón	Tupnięcie	重踏	Ez	Piétiner
action_swing	Swing		スイング	Balancearse	Качаться	Schwingen	Oscilla	Svinga	Balançar	Balancearse	Huśtanie	擺盪	Sallan	Se balancer
action_charge	Charge		チャージ	Cargar	Зарядить	Aufladen	Carica	Ladda	Carregar	Cargar	Naładuj	蓄力	Şarj	Charger
action_attack	Attack		アタック	Atacar	Атаковать	Angreifen	Attacca	Attack	Atacar	Atacar	Atak	攻擊	Saldır	Attaque
action_pull	Pull		ひく	Accionar	Тянуть	Ziehen	Tira	Dra	Acionar	Jalar	Pociągnij	拔出	Çek	Tirer
action_escape	Break Free		ぬけだす	Liberarse	Вырваться	Befreien	Liberati	Bryt Dig Loss	Libertar-se	Liberarse	Uwolnienie Się	掙脫	Özgür bırak	Se libérer
														
unlock_mission	A new mission has been added to the Level Select List!		新しいミッションが追加されました。	¡Has desbloqueado una nueva misión!	Вы получили новую миссию в списке\nвыбора уровня!	Neue Mission wurde der\nMissionwahlliste hinzugefügt!	Una nuova missione è stata sbloccata!	Ett nytt uppdrag är upplåst!	Uma nova missão foi desbloqueada!	¡Una nueva misión se añadió a la lista de selección de niveles!	Dodano nową misję do Listy Wyboru Etapów!	解鎖一項新任務！	Bölüm Seçme Listesine yeni bir görev eklendi!	Une nouvelle mission a été débloquée !
unlock_mission_multiple	New missions have been added to the Level Select List!		新しいミッションが追加されました。	¡Has desbloqueado varias misiones nuevas!	Добавилась новая миссия в списке выбора уровня!	Neue Missionen wurden der\nMissionwahlliste hinzugefügt!	Nuove missioni sono state sbloccate!	Nya uppdrag har lagts till i Nivåvalslistan!  	Novas missões foram desbloqueadas!	¡Nuevas misiones se añadieron a la lista de selección de niveles!	Dodano nowe misję do Listy Wyboru Etapów!	解鎖多項新任務！	Bölüm Seçme Listesine yeni görevler eklendi!	Des nouvelles missions ont été débloquées !
unlock_skill	A new skill has been unlocked!		新しいスキルが追加されました。	¡Has desbloqueado una nueva habilidad!	Вы получили новый навык!	Neuer Skill erhalten!	Una nuova abilità è stata sbloccata!	En ny färdighet har blivit upplåst!	Uma nova habilidade foi desbloqueada!	¡Se desbloqueó una nueva habilidad!	Odblokowano nowy Talent!	解鎖一個新技能！	Yeni bir beceri açıldı!	Une nouvelle compétence a été débloquée !
unlock_skill_multiple	New skills have been unlocked!		新しいスキルが追加されました。	¡!Has desbloqueado varias habilidades nuevas!	Вы получили новые навыки!	Neue Skills erhalten!	Nuove abilità sono state sbloccate!	Nya färdigheter har blivit upplåsta!	Novas habilidades foram desbloqueadas!	¡Se desbloquearon nuevas habilidades!	Odblokowano nowe Talenty!	解鎖數個新技能！	Yeni beceriler açıldı!	De nouvelles compétences ont été débloquées !
unlock_page	A new page has been added\nto the Special Book!		新しいページが追加されました。	¡Has desbloqueado una nueva\npágina del Libro Especial!	Новая страница добавлена в книгу!	Eine neue Seite wurde dem\nExtrabuch hinzugefügt!	Una nuova pagina è stata aggiunta\nnel Libro Speciale!	En ny sida har lagts till i\nSpecialboken!	Uma nova página foi adicionada\nao Livro Especial!	¡Una nueva página se añadió al libro especial!	Dodano nową stronę do Specjalnej Książki!	特典書籍新增一頁！	Özel Kitab'a yeni\nbir sayfa eklendi!	Une nouvelle page vient d'être débloquée dans le Livre Spécial !
unlock_page_multiple	New pages have been added\nto the Special Book!		新しいページが追加されました。	¡Has desbloqueado varias páginas\nnuevas del Libro Especial!	Страницы добавлены в книгу!	Neue Seiten wurde dem\nExtrabuch hinzugefügt!	Nuove pagine sono state aggiunte\nnel Libro Speciale!	Nya sidor har blivit tillagada\ni Special Boken!	Novas páginas foram adicionadas\nao Livro Especial!	¡Nuevas páginas se añadieron al libro especial!	Dodano nowe strony do Specjalnej Książki!	特典書籍新增數頁！	Özel Kitab'a yeni\nsayfalar eklendi!	De nouvelles pages viennent d'être débloquées\ndans le Livre Spécial !
unlock_world	[AREA] has been added to the World Select List!		[AREA]が追加！\nワールドセレクトから選べます。	¡Has desbloqueado [AREA] en la lista de selección de mundo!	Открыт новый мир: [AREA] !	[AREA] wurde zur Weltenauswahl hinzugefügt!	[AREA] è stato aggiunto alla Lista di Selezione Mondi!	[AREA] har blivit upplåst!	[AREA] chegou na Lista de Seleção de Mundo!	¡[AREA] se añadió a la lista de selección de mundos!	[AREA] została dodana do Listy Wyboru Światów!	[AREA] 已新增至世界選單！	[AREA], Dünya Seçimi Listesi'ne eklendi!	Sand Oasis viens d'être débloqué !
unlock_ring_sand_oasis	You got the Ring of Joy!		喜びのリングゲット!	¡Has obtenido el Anillo del Júbilo!	Получено жёлтое Мировое кольцо!	Du hast den Ring der Freuden erhalten!	Hai ottenuto l'Anello della Gioia!	Du fick Ringen av Glädje!	Você obteve o Anel da Felicidade!	¡Conseguiste el Anillo amarillo de la Alegría!	Zdobyto Pierścień Radości!	獲得喜悅之戒！	Sevinç Yüzüğünü aldın!	Tu as obtenu le Ring Secret Jaune !
unlock_ring_dinosaur_jungle	You got the Ring of Hatred!		憎しみのリングゲット!	¡Has obtenido el Anillo del Odio!	Получено зелёное Мировое кольцо!	Du hast den Ring des Hasses erhalten!	Hai ottenuto l'Anello dell'Odio!	Du fick Ringen av Hat!	Você obteve o Anel do Ódio!	¡Conseguiste el Anillo verde del Odio!	Zdobyto Pierścień Nienawiści!	獲得憎恨之戒！	Nefret Yüzüğünü aldın!	Tu as obtenu le Ring Secret Vert ! 
unlock_ring_evil_foundry	You got the Ring of Rage!		怒りのリングゲット!	¡Has obtenido el Anillo de la Ira!	Получено красное Мировое кольцо!	Du hast den Ring der Wut erhalten!	Hai ottenuto l'Anello della Rabbia!	Du fick Ringen av Raseri!	Você obteve o Anel da Raiva!	¡Conseguiste el Anillo rojo de la Furia!	Zdobyto Pierścień Wściekłości!	獲得憤怒之戒！	Öfke Yüzüğünü aldın!	Tu as obtenu le Ring Secret Rouge
unlock_ring_levitated_ruin	You got the Ring of Prayers!		祈りのリングゲット!	¡Has obtenido el Anillo de la Fe!	Получено синее Мировое кольцо!	Du hast den Ring der Gebete erhalten!	Hai ottenuto l'Anello delle Preghiere!	Du fick Ringen av Böner!	Você obteve o Anel das Orações!	¡Conseguiste el Anillo azul de las Plegarias!	Zdobyto Pierścień Pacierzy!	獲得祈禱之戒！	Dua Yüzüğünü aldın!	Tu as obtenu le Ring Secret Bleu ! 
unlock_ring_pirate_storm	You got the Ring of Pleasure!		楽しみのリングゲット!	¡Has obtenido el Anillo del Placer!	Получено голубое Мировое кольцо!	Du hast den Ring des Vergnügens erhalten!	Hai ottenuto l'Anello del Piacere!	Du fick Ringen av Nöje!	Você obteve o Anel do Prazer!	¡Conseguiste el Anillo celeste del Placer!	Zdobyto Pierścień Przyjemności!	獲得歡樂之戒！	Zevk Yüzüğünü aldın!	Tu as obtenu le Ring Secret Turquoise ! 
unlock_ring_skeleton_dome	You got the Ring of Wishes!		願いのリングゲット!	¡Has obtenido el Anillo de la Ambición!	Получено белое Мировое кольцо!	Du hast den Ring der Wünsche erhalten!	Hai ottenuto l'Anello dei Desideri!	Du fick Ringen av Önskningar!	Você obteve o Anel dos Desejos!	¡Conseguiste el Anillo blanco de los Deseos!	Zdobyto Pierścień Życzeń!	獲得願望之戒！	Dilek Yüzüğünü aldın!	Tu as obtenu le Ring Secret Blanc !
unlock_ring_night_palace	You got the Ring of Sadness!		悲しみのリングゲット!	¡Has obtenido el Anillo de la Tristeza!	Получено фиолетовое Мировое кольцо!	Du hast den Ring der Trauer erhalten!	Hai ottenuto l'Anello della Tristezza!	Du fick Ringen av Sorg!	Você obteve o Anel da Tristeza!	¡Conseguiste el Anillo morado de la Tristeza!	Zdobyto Pierścień Smutku!	獲得悲戚之戒！	Üzüntü Yüzüğünü aldın!	Tu as obtenu le Ring Secret Violet ! 
unlock_minigame	A new mini-game has been\nadded to the Party Mode!		パーティーモードに新しいミニゲームが追加されました！	Has desbloqueado un nuevo\nminijuego del modo multijugador.	Новая мини-игра добавлена в режим """Вечеринка""".	Ein neues Minispiel wurde zum Partymodus hinzugefügt!	Un nuovo mini-gioco è stato\naggiunto alla Modalità Party	Ett nytt minispel har blivit\ntillagt till Party Läget.	Um novo minigame foi\nadicionado ao Modo Festa.	¡Se añadió un nuevo minijuego al modo fiesta!	Nowa mini-gra została dodana do Trybu Imprezowego!	派對模式新增一項小遊戲。	Parti Moduna yeni\nbir mini oyun eklendi.	Un nouveau mini-jeu dans le mode multijoueurs.
unlock_fire_soul	You got a Fire S@ul!		Fire S@ul ゲット!	¡Has obtenido un Alma Ígnea! @	Получена Душа @гня!	Feuerseele bek@mmen!	Hai ottenuto una Anima Infu@cata! 	Du fick en Eld S@äl!	Você obteve uma Alma de F@go!	¡Conseguiste un Alma de fueg@!	Zdobyto @gnistą Duszę!	得到一枚焰魂@!	Ateş R@hu'nu aldın!	Tu as obtenu une Âme de Feu ! @
unlock_time_attack	Time Attack Mode is now available.		タイムアタックモードが追加！\nメインメニューから選べます。	El modo Contrarreloj está ahora disponible.	Теперь доступен режим """Забег на время"""!	Zeit-Angriff ist nun verfügbar.	La Sfida a Tempo è ora disponibile.	Tidsattack är nu tillgängligt.	O modo Contra o Tempo está disponível	Ya está disponible el modo contrarreloj.	Tryb Ataku Czasowego jest teraz dostępny.	計時挑戰現已開放。	Artık Zamana Karşı Yarış\nmodunu oynayabilirsin.	Le mode Contre-la-montre est désormais disponible.
														
														
mission_tutorial01	Paragraph 01		第01節	Parágrafo 01	Параграф 01	Paragraph 01	Paragrafo 01	Paragraf 01	Parágrafo 01	Párrafo 01	Paragraf 01	第01節	Paragraf 01	Paragraphe 01
mission_tutorial02	Paragraph 02		第02節	Parágrafo 02	Параграф 02	Paragraph 02	Paragrafo 02	Paragraf 02	Parágrafo 02	Párrafo 02	Paragraf 02	第02節	Paragraf 02	Paragraphe 02
mission_tutorial03	Paragraph 03		第03節	Parágrafo 03	Параграф 03	Paragraph 03	Paragrafo 03	Paragraf 03	Parágrafo 03	Párrafo 03	Paragraf 03	第03節	Paragraf 03	Paragraphe 03
mission_tutorial04	Paragraph 04		第04節	Parágrafo 04	Параграф 04	Paragraph 04	Paragrafo 04	Paragraf 04	Parágrafo 04	Párrafo 04	Paragraf 04	第04節	Paragraf 04	Paragraphe 04
mission_tutorial05	Paragraph 05		第05節	Parágrafo 05	Параграф 05	Paragraph 05	Paragrafo 05	Paragraf 05	Parágrafo 05	Párrafo 05	Paragraf 05	第05節	Paragraf 05	Paragraphe 05
mission_tutorial06	Paragraph 06		第06節	Parágrafo 06	Параграф 06	Paragraph 06	Paragrafo 06	Paragraf 06	Parágrafo 06	Párrafo 06	Paragraf 06	第06節	Paragraf 06	Paragraphe 06
mission_tutorial07	Paragraph 07		第07節	Parágrafo 07	Параграф 07	Paragraph 07	Paragrafo 07	Paragraf 07	Parágrafo 07	Párrafo 07	Paragraf 07	第07節	Paragraf 07	Paragraphe 07
mission_tutorial08	Paragraph 08		第08節	Parágrafo 08	Параграф 08	Paragraph 08	Paragrafo 08	Paragraf 08	Parágrafo 08	Párrafo 08	Paragraf 08	第08節	Paragraf 08	Paragraphe 08
mission_tutorial09	Paragraph 09		第09節	Parágrafo 09	Параграф 09	Paragraph 09	Paragrafo 09	Paragraf 09	Parágrafo 09	Párrafo 09	Paragraf 09	第09節	Paragraf 09	Paragraphe 09
mission_tutorial10	Paragraph 10		第10節	Parágrafo 10	Параграф 10	Paragraph 10	Paragrafo 10	Paragraf 10	Parágrafo 10	Párrafo 10	Paragraf 10	第10節	Paragraf 10	Paragraphe 10
mission_tutorial11	Paragraph 11		第11節	Parágrafo 11	Параграф 11	Paragraph 11	Paragrafo 11	Paragraf 11	Parágrafo 11	Párrafo 11	Paragraf 11	第11節	Paragraf 11	Paragraphe 11
mission_tutorial12	Paragraph 12		第12節	Parágrafo 12	Параграф 12	Paragraph 12	Paragrafo 12	Paragraf 12	Parágrafo 12	Párrafo 12	Paragraf 12	第12節	Paragraf 12	Paragraphe 12
mission_tutorial13	Paragraph 13		第13節	Parágrafo 13	Параграф 13	Paragraph 13	Paragrafo 13	Paragraf 13	Parágrafo 13	Párrafo 13	Paragraf 13	第13節	Paragraf 13	Paragraphe 13
mission_tutorial14	Paragraph 14		第14節	Parágrafo 14	Параграф 14	Paragraph 14	Paragrafo 14	Paragraf 14	Parágrafo 14	Párrafo 14	Paragraf 14	第14節	Paragraf 14	Paragraphe 14
mission_tutorial15	Paragraph 15		第15節	Parágrafo 15	Параграф 15	Paragraph 15	Paragrafo 15	Paragraf 15	Parágrafo 15	Párrafo 15	Paragraf 15	第15節	Paragraf 15	Paragraphe 15
mission_tutorial16	Paragraph 16		第16節	Parágrafo 16	Параграф 16	Paragraph 16	Paragrafo 16	Paragraf 16	Parágrafo 16	Párrafo 16	Paragraf 16	第16節	Paragraf 16	Paragraphe 16
mission_tutorial17	Paragraph 17		第17節	Parágrafo 17	Параграф 17	Paragraph 17	Paragrafo 17	Paragraf 17	Parágrafo 17	Párrafo 17	Paragraf 17	第17節	Paragraf 17	Paragraphe 17
mission_tutorial18	Paragraph 18		第18節	Parágrafo 18	Параграф 18	Paragraph 18	Paragrafo 18	Paragraf 18	Parágrafo 18	Párrafo 18	Paragraf 18	第18節	Paragraf 18	Paragraphe 18
mission_tutorial19	Paragraph 19		第19節	Parágrafo 19	Параграф 19	Paragraph 19	Paragrafo 19	Paragraf 19	Parágrafo 19	Párrafo 19	Paragraf 19	第19節	Paragraf 19	Paragraphe 19
mission_tutorial20	Paragraph 20		第20節	Parágrafo 20	Параграф 20	Paragraph 20	Paragrafo 20	Paragraf 20	Parágrafo 20	Párrafo 20	Paragraf 20	第20節	Paragraf 20	Paragraphe 20
mission_tutorial21	Paragraph 21		第21節	Parágrafo 21	Параграф 21	Paragraph 21	Paragrafo 21	Paragraf 21	Parágrafo 21	Párrafo 21	Paragraf 21	第21節	Paragraf 21	Paragraphe 21
														
mission_locked	??????		??????	¿¿¿???	??????	??????	??????	??????	??????	¿¿¿???	??????	??????	??????	??????
mission_goal	Go for the Goal		ゴー　フォー　ザ　ゴール	Llega a la Meta	Добраться до финиша	Erreiche das Ziel	Vai verso il Traguardo	Sikta på Målet	Chegue ao Objetivo	Llega a la meta	Dobiegnij do Mety	抵達終點	Hedefe Git	Va à l'objectif !
mission_special	Special Challenge		スペシャル　チャレンジ	Desafío Especial	Особое условие	Sondermission	Sfida Speciale	Specialutmaning	Desafio Especial	Reto especial	Specjalne Wyzwanie	特殊挑戰	Özel Mücadele	Mission Spéciale !
mission_deathless	Diehard Challenge		ダイハード　チャレンジ	Desafío de Supervivencia	Остаться в живых	Überlebenskampf	Sfida dell'Ostinato	Tuff Utmaning	Desafio da Imortalidade	Reto intransigente	Wyzwanie Zagorzałego	不死挑戰	Ölümcül Mücadele	Mission sans prendre de dégâts 
mission_perfect	Perfect Challenge		パーフェクト　チャレンジ	Desafío de Perfección	Идеальный забег	Perfekte Mission	Sfida Perfetta	Perfekt Utmaning	Desafio da Perfeição	Reto perfecto	Perfekcyjne Wyzwanie	完美挑戰	Kusursuz Mücadele	Challenge parfait 
mission_time	Beat the Clock		ビート　ザ　クロック	Contrarreloj	Игра на время	Gegen die Zeit	Batti l'Orologio	Slå Klockan	Vença o Tempo	Vence al reloj	Wyścig z Czasem	限時通關	Saati Yen	Bats le contre-la-montre 
mission_enemy	Rampage		ランページ！	Combate	Ярость!	Randale	Furia	Härjning	Caçada	Masacre	Demolka	亂鬥	Öfke	Carnage 
mission_enemyless	Stealth Attack		ステルス　アタック	Incursión Sigilosa	Скрытая атака	Heimlicher Angriff	Attacco Furtivo	Smygande Attack	Avanço Discreto	Ataque sigiloso	Dyskretny Atak	奇襲	Gizli Saldırı	Attaque furtive
mission_race	Head to Head		ヘード　トゥ　ヘード	Cara a cara	Один на один	Kopf an Kopf	Testa a Testa	Huvud mot Huvud	Cara a Cara	Frente a frente	Łeb w Łeb	賽跑	Kafa Kafaya	Tête à tête
mission_ring	Collect Rings		コレクト　リング	Acumula Anillos	Собрать кольца	Ringe sammeln	Colleziona Anelli	Samla Ringar	Colete Anéis	Reúne Anillos	Zbierz Pierścienie	收集金環	Yüzükleri Toplama	Collecte les rings 
mission_ringless	Hands Off		ハンド　オフ	Suelta Eso	С пустыми руками	Hände weg	Giù le Mani	Håll Händerna Borta	Mãos Vazias	No toques	Łapy Precz	不碰金環	Elleri Çek	Ne touche pas
mission_ring_chain	Chain of Rings		チェイン　オブ　リングス	Cadenas de Anillos	Цепь из колец	Ringkette	Concatena gli Anelli	Kedja av Ringar	Sequência de Anéis	Cadena de Anillos	Łańcuch Pierścieni	連續獲得金環	Yüzük Zinciri	Chaîne de Rings 
mission_pearless	No Pearls		ノー　パール	Nada de Perlas	Без жемчужин	Keine Perlen	Senza Perle	Inga Pärlor	Sem Pérolas	Sin Perlas	Bez Pereł	不碰魂珠	İnci Yok	Pas de Perles 
mission_boss	Defeat the Boss		ディフィート　ザ　ボス	Derrota al Jefe	Дуэль с боссом	Besiege den Boss	Sconfiggi il Boss	Slå Bossen	Derrote o Chefe	Vence al jefe	Pokonaj Bossa	擊敗Boss	Bossu Yen	Bats le boss 
mission_last	Last Chapter		ラスト　チャプター	Capítulo Final	Последняя глава	Letztes Kapitel	Ultimo Capitolo	Sista Kapitel	Último Capítulo	Último capítulo	Ostatni Rozdział	最終章	Son Bölüm	Dernier Chapitre 
														
mission_description_locked	This mission is not available yet.		このミッションはオープンされていません。	Esta misión aún no está disponible.	Эта миссия пока недоступна.	Diese Mission ist noch nicht verfügbar.	Questa missione non è ancora disponibile.	Det här uppdraget är inte tillgängligt än. 	Esta missão ainda não está disponível.	Está misión aún no está disponible.	Ta misja nie jest jeszcze dostępna.	此任務尚未開放。	Bu görev henüz ulaşılabilir değil.	Cettte mission n'est pas encore disponible.
mission_description_goal	Reach the goal!		ゴールに向かえ！	¡Llega a la meta!	Доберитесь до финиша!	Erreiche das Ziel!	Raggiungi il Traguardo	Nå Målet!	Alcance o Objetivo!	¡Llega a la meta!	Dotrzyj do mety!	抵達終點！	Hedefe ulaş!	Atteins l'arrivée!
mission_description_charge_jump	Use Charge Jumps\nto reach the goal!		チャージジャンプを使い\nゴールに向かえ！	¡Utiliza Saltos con Carga\npara llegar a la meta!	Доберитесь до финиша,\nиспользуя заряженный прыжок!	Nutze aufgeladene Sprünge, um das Ziel zu erreichen!	Usa i Salti Caricati\nper raggiungere il traguardo!	Använd Laddningshopp\nför att nå målet!	Use Pulos Carregados para alcançar o objetivo!	¡Usa saltos cargados\npara llegar a la meta!	Użyj Ładowanych Skoków\naby dotrzeć do mety!	使用蓄力跳躍\n抵達終點吧！	Hedefe ulaşmak için\nŞarjlı Zıplamaları kullan!	Utilise les Sauts Chargés\npour atteindre l'arrivée !
mission_description_jump_dash	Use Jump Dashes\nto reach the goal!		ジャンプダッシュを使い\nゴールに向かえ！	¡Utiliza Acelerones Aéreos\npara llegar a la meta!	Доберитесь до финиша,\nиспользуя рывок в прыжке!	Nutze Jump Dashs,\num das Ziel zu erreichen!	Usa i Salti a Scatto\nper raggiungere il traguardo!	Använd Hopprusningar\nför att nå målet!	Use Investidas para alcançar o objetivo!	¡Usa Arranques en salto\npara llegar a la meta!	Użyj Skoków Pędowych\naby dotrzeć do mety!	使用跳躍衝刺\n抵達終點吧！	Hedefe ulaşmak için\nZıplama Atılımlarını kullan!	Utilise les Sauts Propulsés\npour atteindre l'arrivée !
mission_description_homing_attack	Use the Homing Attack\nto defeat 10 enemies!		ホーミングアタックで\nマジンを１０体倒せ！	¡Utiliza el Ataque Teledirigido\npara derrotar a 10 enemigos!	Одолейте 10 злых духов с помощью\nСамонаводящейся атаки!	Nutze die Homing Attack,\num 10 Gegner zu besiegen!	Usa l'Attacco a Ricerca\nper sconfiggere 10 nemici!	Använd Homingattacken\nför att nå målet!	Use o Ataque Direcionado para derrotar 10 inimigos!	¡Usa Ataques teledirigidos\npara vencer 10 enemigos!	Użyj Ataku Naprowadzającego\naby pokonać 10 przeciwników!	使用追蹤攻擊\n打倒10位敵人吧！	10 düşman yenmek için\nGüdümlü Saldırı kullan!	Utilise l'Attaque Téléguidée\npour vaincre 10 ennemis !
mission_description_brake	Use Braking\nto reach the goal!		ブレーキを使い\nゴールに向かえ！	¡Frena para llegar a la meta!	Доберитесь до финиша,\nиспользуя торможение!	Nutze Bremsen,\num das Ziel zu erreichen!	Usa il Freno\nper raggiungere il traguardo!	Använd Bromsning\nför att nå målet!	Use o Freio para alcançar o objetivo!	¡Usa el frenado\npara llegar a la meta!	Użyj Hamowania\naby dotrzeć do mety!	使用煞車\n抵達終點吧！	Hedefe ulaşmak için\nfrenlemeyi kullan!	Utilise le Freinage\npour atteindre l'arrivée !
mission_description_backstep	Use Backstep\nto gather 25 Rings!		バックステープを使い\nリングを２５個集め！	¡Usa la Marcha Atrás\npara acumular 25 Anillos!	Соберите 25 колец\nс помощью обратного шага!	Nutze Rückschritt,\num 25 Ringe zu sammeln!	Usa il Passo all'Indietro\nper collezionare 25 Anelli!	Använd Baksteg\nför att samla 25 ringar!	Use a Esquiva para coletar 25 anéis!	¡Usa pasos hacia atrás\npara juntar 25 Anillos!	Użyj Kroku Wstecz\naby zebrać 25 pierścieni!	使用退步\n抵達終點吧！	25 tane yüzük toplamak için\ngeri adımları kullan!	Utilise le Pas en arrière pour récolter 25 anneaux !
mission_description_accel_jump	Use Short Jumps\n to reach the goal!		小ジャンプを使い\nゴールに向かえ！	¡Utiliza Brincos\npara llegar a la meta!	Доберитесь до финиша,\nиспользуя короткие прыжки!	Nutze Beschleunigkeitssprünge,\num das Ziel zu erreichen!	Usa i Salti Corti\n per raggiungere il traguardo!	Använd Accelerationshopp\nför att nå målet!	Use o Pulo Curto para alcançar o objetivo!	¡Da brinquitos\npara llegar a la meta!	Użyj Skoku Akceleracyjnego\naby dotrzeć do mety!	使用短跳\n抵達終點吧！	Hedefe ulaşmak için\nHızlandırma Zıplamasını kullan!	Utilise des Petit Sauts\npour atteindre l'arrivée !
mission_description_grind	Use Grinding\nto reach the goal!		グラインドを使い\nゴールに向かえ！	¡Desslízate por Raíles\npara llegar a la meta!	Доберитесь до финиша,\nскользя по рельсам!	Nutze Grinding,\num das Ziel zu erreichen!	Grinda sulle Ringhiere\nper raggiungere il traguardo!	Använd Grinding\nför att nå målet!	Deslize nos trilhos para alcançar o objetivo!	¡Deslízate en rieles\npara llegar a la meta!	Użyj Szynowania\naby dotrzeć do mety!	使用滑軌\n抵達終點吧！	Hedefe ulaşmak için\nTaşlama kullan!	Utilise les rails\npour atteindre l'arrivée !
mission_description_speed_break	Use Speed Break\nto reach the goal!		スピードブレイクを使い\nゴールに向かえ！	¡Utiliza el Impulso\npara llegar a la meta!	Доберитесь до финиша\nс помощью ускорения!	Nutze Speed Break,\num das Ziel zu erreichen!	Usa la Rottura della Velocità\nper raggiungere il traguardo!	Använd Fartbrytning\nför att nå målet!	Use o Impulso Veloz para alcançar o objetivo!	¡Usa el Speed Break para llegar a la meta!	Użyj Zryw Pędu\naby dotrzeć do mety!	使用速度突破\n抵達終點吧！	Hedefe ulaşmak için\nHız Kırmayı kullan!	Utilise Speed Break\npour atteindre l'arrivée !
mission_description_time_break	Use Time Break\nto reach the goal!		タイムブレイクを使い\nゴールに向かえ！	¡Utiliza la Ralentización\npara llegar a la meta!	Доберитесь до финиша\nс помощью замедления!	Nutze Time Break,\num das Ziel zu erreichen!	Usa la Rottura del Tempo\nper raggiungere il traguardo!	Använd Tidsbrytning\nför att nå målet!	Use o Atraso Temporal para alcançar o objetivo!	¡Usa el Time Break para llegar a la meta!	Użyj Zryw Czasu\naby dotrzeć do mety!	使用時間突破\n抵達終點吧！	Hedefe ulaşmak için\nZaman Dondurmayı kullan!	Utilise le Time Break\npour atteindre l'arrivée !
mission_description_volcano_slider	Use Volcano Slider\nto defeat 3 enemies!		ボルカノスライダーで\nマジンを３体倒せ！	¡Usa el Deslizamiento Volcán para derrotar a 3 enemigos!	Одолейте трёх злых духов с помощью\n"""Атакующего скольжения"""!	Nutze Vulkan-Rutscher,\num 3 Gegner zu besiegen!	Usa lo Scivolata Vulcanica\nper sconfiggere 3 nemici!	Använd Vulkanslider\nför att besegra 3 fiender!	Use o Deslizamento Vulcânico para derrotar 3 inimigos!	¡Usa el Derrape vulcano\npara vencer 3 enemigos!	Użyj Wulkanicznego Ślizgu\naby pokonać 3 przeciwników!	使用火山滑行\n打倒3位敵人吧！	3 düşman yenmek için\nVolkan Kayıcı kullan!	Utilise la Glissade Volcan\npour vaincre 3 ennemis !
mission_description_perfect_homing_attack	Use Perfect Homing Attacks\nto defeat 3 enemies!		パーフェクトストライクで\nマジンを３体倒せ！	¡Usa Ataques Teledirigidos Precisos\npara derrotar a 3 enemigos!	Одолейте трёх злых духов с помощью\n"""Идеальной Самонаводящейся атаки"""!	Nutze Perfekte Homing Attacks,\num 3 Gegner zu besiegen!	Usa l'Attacco a Ricerca Perfetto\nper sconfiggere 3 nemici!	Använd Perkfekta Homing Attacker\nför att besegra 3 fiender!	Use Ataques Direcionados Perfeitos para derrotar 3 inimigos!	¡Usa Ataques teledirigidos perfectos\npara vencer 3 enemigos!	Użyj Perfekcyjnego Ataku Naprowadzającego\naby pokonać 3 przeciwników!	使用完美追蹤攻擊\n打倒3位敵人吧！	3 düşman yenmek için\nKusursuz Güdümlü Saldırı kullan!	 Utilise des Attaques Téléguidées Parfaites\npour vaincre 3 ennemis !
mission_description_fire_gaze	Use Fire Gaze\nto break 20 boxes!		フャイヤーゲイズを使い\n木箱を２０個壊せ！	¡Utiliza la Mirada Ardiente\npara romper 20 cajas!	Сломайте 20 коробок во время отмены\nпрыжка с помощью """Огненного взора"""!	Nutze Feuerblick,\num 20 Kisten zu zerbrechen!	Usa Sguardo Infuocato\nper rompere 20 scatole!	Använd Eldblick\för att ha sönder 20 lådor!	Use o Olhar Ardente para quebrar 20 caixas!	¡Usa la Mirada de fuego\npara romper 20 cajas!	Użyj Ogniste Spojrzenie\naby zniszczyć 20 pudełek!	使用火焰凝視\n破壞20個箱子吧！	20 kutuyu kırmak için\nAteş Bakışı'nı kullan!	Utilise Piétinement enflammé\npour briser 20 caisses !
mission_description_down_cancel	Use Down Cancel\nto reach the goal!		ダウンキャンセルを使い\nゴールに向かえ！	¡Usa Antiderribos\npara llegar a la meta!	Доберитесь до финиша,\nприменив """Восстановление при уроне"""!	Nutze Knockdown Abbruch,\num das Ziel zu erreichen!	Usa Infermabile\nper raggiungere il traguardo!	Använd Ned Avbrytning\nför att nå målet!	Use a Retomada para alcançar o objetivo!	¡Cancela los daños recibidos\ny llega a la meta!	Użyj Anulowanie Powalenia\naby dotrzeć do mety!	使用追蹤攻擊\n抵達終點吧！	Hedefe ulaşmak için\nAşağı İptal özelliğini kullan!	Utilise l'Annulation Bas pour\natteindre l'arrivée !
mission_description_backflip	Use Backflip\nto gather 25 Rings!		バックフリップを使い\nリングを２５個集め！	¡Utiliza Volteretas hacia Atrás\npara acumular 25 Anillos!	Соберите 25 колец с помощью прыжка назад!	Nutze Rückwärtssalto,\num 25 Ringe zu sammeln!	Usa la Capriola all'Indietro\nper collezionare 25 anellI!	Använd Bakåtvolt\nför att samla 25 ringar!	Use a Esquiva para coletar 25 anéis!	¡Haz volteretas hacia atrás\npara reunir 25 Anillos!	Użyj Przewrotu w Tył\naby zebrać 25 pierścieni!	使用翻跟斗\n來收集25枚金環吧！	25 tane yüzük toplamak için\nters taklaları kullan!	Utilise Backflip\npour récolter 25 anneaux !
mission_description_splash_jump	Use Splash Jump\nto reach the goal!		スプラッシュジャンプを使い\nゴールに向かえ！	¡Utiliza el Salto de Respaldo\npara llegar a la meta!	Доберитесь до финиша,\nприменив """Прыжок при столкновении"""!	Nutze Splash Jump,\num das Ziel zu erreichen!	Usa Salto Sguazzante\nper raggiungere il traguardo!	Använd Plaskhopp\nför att nå målet!	Use o Pulo Suplementar para alcançar o objetivo!	¡Usa el Salto parkour\npara llegar a la meta!	Użyj Skoku Rozpryskowego\naby dotrzeć do mety!	使用噴濺跳躍\n抵達終點吧！	Hedefe ulaşmak için\nÇırpınma Zıplaması kullan!	Utilise Saut Eclaboussant\n pour atteindre l'arrivée !
mission_description_rocket_start	Use Rocket Start\nto reach the goal!		ロケットスタートを使い\nゴールに向かえ！	¡Utiliza la Salida Cohete\npara llegar a la meta!	Используйте """Стартовый разгон"""\nи доберитесь до финиша!	Nutze Raketen-Start,\num das Ziel zu erreichen!	Usa Inizio a Razzo\nper raggiungere il traguardo!	Använd Raketstart\nför att nå målet!	Use a Largada Foguete para alcançar o objetivo!	¡Usa el Inicio cohete\npara llegar a la meta!	Użyj Rakietowy Start\naby dotrzeć do mety!	使用火箭起步\n抵達終點吧！	Hedefe ulaşmak için\nRoket Başlangıcı kullan!	Utilise Départ Fusée\n pour atteindre l'arrivée !
mission_description_quick_step	Use Quick Step\nto reach the goal!		クイックステップを使い\nゴールに向かえ！	¡Utiliza el Paso Rápido\npara llegar a la meta!	Используйте """Шаг в сторону"""\nи доберитесь до финиша!	Nutze Quick Step,\num das Ziel zu erreichen!	Usa Passo Veloce\nper raggiungere il traguardo!	Använd Snabbsteg\nför att nå målet!	Use o Deslocamento Rápido para alcançar o objetivo!	¡Usa el Paso rápido\npara llegar a la meta!	Użyj Szybkiego Kroku\naby dotrzeć do mety!	使用快速跨步\n抵達終點吧！	Hedefe ulaşmak için\nHızlı Adımları kullan!	Utilise Pas Rapide\npour atteindre l'arrivée !
mission_description_quick_slide	Use Quick Slide\nto reach the goal!		クイックスライドを使い\nゴールに向かえ！	¡Utiliza el Deslizamiento Rápido\npara llegar a la meta!	Используйте """Плавное скольжение"""\nи доберитесь до финиша!	Nutze Quick Slide,\num das Ziel zu erreichen!	Usa Scivolata Veloce\n per raggiungere il traguardo!	Använd Snabbglid\för att nå målet!	Use o Deslizamento Rápido para alcançar o objetivo!	¡Usa el Deslizamiento rápido\npara llegar a la meta!	Użyj Szybkiego Wślizgu\naby dotrzeć do mety!	使用快速滑行\n抵達終點吧！	Hedefe ulaşmak için\nHızlı Kaymayı kullan!	Utilise Glissade Rapide\npour atteindre l'arrivée !
mission_description_time_attack1	Clear the stage\nas quickly as possible!		タイムアタック　１\nステージを最速で駆けめけろ！	¡Completa el nivel\ntan rápido como puedas!	Пройдите мир как можно быстрее!	Schließe das Level so\nschnell wie möglich ab!	Completa il livello\n il più velocemente possibile!	Klara banan\nså snabbt som möjligt!	Complete a fase\no mais rápido possível!	Contrarreloj 1: ¡Recorre el nivel\ntan rápido como puedas!	Ukończ etap\ntak szybko, jak możesz!	以最快速度通關吧！	Olabildiğince hızlı şekilde\nbölümü bitir!	Terminez le niveau le plus vite possible !
mission_description_time_attack2	Clear the stage\nas quickly as possible!		タイムアタック　２\nステージを最速で駆けめけろ！	¡Completa el nivel\ntan rápido como puedas!	Пройдите мир как можно быстрее!	Schließe das Level so\nschnell wie möglich ab!	Completa il livello\n il più velocemente possibile!	Klara banan\nså snabbt som möjligt!	Complete a fase\no mais rápido possível!	Contrarreloj 2: ¡Recorre el nivel\ntan rápido como puedas!	Ukończ etap\ntak szybko, jak możesz!	以最快速度通關吧！	Olabildiğince hızlı şekilde\nbölümü bitir!	Terminez le niveau le plus vite possible !
														
mission_description_deathless	Don't Get Defeated!		1度もたおれずに進め！	¡No Seas Derrotado!	Пройдите, ни разу не умерев!	Lass dich nicht besiegen!	Non Farti Sconfiggere!	Bli Inte Besegrad!	Mantenha-se Vivo!	¡Avanza sin ser derrotado!	Nie Daj Się Pokonać!	別被擊倒！	Yenilme!	Ne perds pas!
mission_description_perfect	Don't Take Any Damage!		ダメージをうけずに進め！	¡No Sufras Ningún Daño!	Пройдите, не получив урон!	Erleide keinen Schaden!	Non Subire Alcun Danno!	Ta Ingen Skada!	Não Tome Dano!	¡No recibas daño!	Nie Odnieś Żadnych Obrażeń!	別受到任何攻擊！	Hiç Hasar Alma!	Ne prends aucun dégât !
mission_description_race	Beat Uhu to the Goal!		ウーフーより先にゴールへ！	¡Llega a la Meta antes que Uhu!	Доберитесь до финиша раньше Уху!	Erreiche das Ziel vor Uhu!	Batti Uhu fino al Traguardo!	Slå Uhu Till Målet!	Vença Uhu na Corrida!	¡Llega antes que Uhu a la meta!	Pokonaj Uhu w Wyścigu!	比烏福先到終點！	Hedef için Uhu'yu yen!	Bats Uhu le génie du vent !
mission_description_ringless	Finish With 0 Rings!		リング0個でゴールへ進め！	¡Cruza la Meta con 0 Anillos!	Доберитесь до финиша без колец!	Beende mit 0 Ringen!	Concludi Senza Anelli!	Slutför Med 0 Ringar!	Termine Com 0 Anéis!	¡Termina sin Anillos!	Skończ z 0 Pierścieniami!	以0枚金環通關！	0 Yüzükle Bitir!	Termine avec 0 Rings !
mission_description_pearless	Don't Collect Any Pearls!		パールを取らずに進め！	¡No Obtengas Ninguna Perla!	Пройдите, не собирая жемчужины!	Sammle keine Perlen!	Non Collezionare Perle!	Samla Inga Pärlor!	Não Colete Nenhuma Pérola!	¡No juntes ni una Perla!	Nie Zbierz Żadnej Perły!	別收集任何魂珠！	Hiçbir İnci Toplama!	Ne récupère aucune perle !
mission_description_enemyless	Don't Defeat Any Enemies!		マジンをたおさずにいそげ！	¡No Derrotes a Ningún Enemigo!	Пройдите, не убив ни одного злого духа!	Besiege keine Gegner!	Non Sconfiggere Nemici!	Besegra Inga Fiender!	Não Derrote Nenhum Inimigo!	¡No venzas a ningún enemigo!	Nie Pokonaj Żadnego Przeciwnika!	別擊敗任何敵人！	Hiçbir Düşman Yenme!	Ne bat aucun ennemi !
														
mission_description_enemy_1	Defeat 1 Enemy!		マジンを1体たおせ！	¡Derrota a un Enemigo!	Одолейте одного злого духа!	Besiege 1 Gegner!	Sconfiggi 1 Nemico!	Besegra 1 Fiende!	Derrote 1 Inimigo!	¡Derrota 1 enemigo!	Pokonaj 1 Przeciwnika!	擊敗1個敵人！	1 Düşman Yen!	Bats 1 ennemi !
mission_description_enemy_10	Defeat 10 Enemies!		マジンを10体たおせ！	¡Derrota a 10 Enemigos!	Одолейте 10 злых духов!	Besiege 10 Gegner!	Sconfiggi 10 Nemici!	Besegra 10 Fiender!	Derrote 10 Inimigos!	¡Derrota 10 enemigos!	Pokonaj 10 Przeciwników!	擊敗10個敵人！	10 Düşman Yen!	Bats 10 ennemis !
mission_description_enemy_15	Defeat 15 Enemies!		マジンを15体たおせ！	¡Derrota a 15 Enemigos!	Одолейте 15 злых духов!	Besiege 15 Gegner!	Sconfiggi 15 Nemici!	Besegra 15 Fiender!	Derrote 15 Inimigos!	¡Derrota 15 enemigos!	Pokonaj 15 Przeciwników!	擊敗15個敵人！	15 Düşman Yen!	Bats 15 ennemis !
mission_description_enemy_20	Defeat 20 Enemies!		マジンを20体たおせ！	¡Derrota a 20 Enemigos!	Одолейте 20 злых духов!	Besiege 20 Gegner!	Sconfiggi 20 Nemici!	Besegra 20 Fiender!	Derrote 20 Inimigos!	¡Derrota 20 enemigos!	Pokonaj 20 Przeciwników!	擊敗20個敵人！	20 Düşman Yen!	Bats 20 ennemis !
mission_description_enemy_40	Defeat 40 Enemies!		マジンを40体たおせ！	¡Derrota a 40 Enemigos!	Одолейте 40 злых духов!	Besiege 40 Gegner!	Sconfiggi 40 Nemici!	Besegra 40 Fiender!	Derrote 40 Inimigos!	¡Derrota 40 enemigos!	Pokonaj 40 Przeciwników!	擊敗40個敵人！	40 Düşman Yen!	Bats 40 ennemis !
														
mission_description_ring_10	Gather 10 Rings!		リングを10個あつめろ！	¡Acumula 10 Anillos!	Соберите 10 колец!	Sammle 10 Ringe!	Ottieni 10 Anelli!	Samla 10 Ringar!	Colete 10 Anéis!	¡Junta 10 Anillos!	Zbierz 10 Pierścieni!	收集10枚金環！	10 Yüzük Topla!	Récupère 10 Rings !
mission_description_ring_25	Gather 25 Rings!		リングを25個あつめろ！	¡Acumula 25 Anillos!	Соберите 25 колец!	Sammle 25 Ringe!	Ottieni 25 Anelli!	Samla 25 Ringar!	Colete 25 Anéis!	¡Junta 25 Anillos!	Zbierz 25 Pierścieni!	收集25枚金環！	25 Yüzük Topla!	Récupère 25 Rings !
mission_description_ring_50	Gather 50 Rings!		リングを50個あつめろ！	¡Acumula 50 Anillos!	Соберите 50 колец!	Sammle 50 Ringe!	Ottieni 50 Anelli!	Samla 50 Ringar!	Colete 50 Anéis!	¡Junta 50 Anillos!	Zbierz 50 Pierścieni!	收集50枚金環！	50 Yüzük Topla!	Récupère 50 Rings !
mission_description_ring_80	Gather 80 Rings!		リングを80個あつめろ！	¡Acumula 80 Anillos!	Соберите 80 колец!	Sammle 80 Ringe!	Ottieni 80 Anelli!	Samla 80 Ringar!	Colete 80 Anéis!	¡Junta 80 Anillos!	Zbierz 80 Pierścieni!	收集80枚金環！	80 Yüzük Topla!	Récupère 80 Rings !
mission_description_ring_99	Gather 99 Rings!		リングを99個あつめろ！	¡Acumula 99 Anillos!	Соберите 99 колец!	Sammle 99 Ringe!	Ottieni 99 Anelli!	Samla 99 Ringar!	Colete 99 Anéis!	¡Junta 99 Anillos!	Zbierz 99 Pierścieni!	收集99枚金環！	99 Yüzük Topla!	Récupère 99 Rings !
mission_description_ring_100	Gather 100 Rings!		リングを100個あつめろ！	¡Acumula 100 Anillos!	Соберите 100 колец!	Sammle 100 Ringe!	Ottieni 100 Anelli!	Samla 100 Ringar!	Colete 100 Anéis!	¡Junta 100 Anillos!	Zbierz 100 Pierścieni!	收集100枚金環！	100 Yüzük Topla!	Récupère 100 Rings 
														
mission_description_ring_chain_30	Chain Together 30 Rings!		リングチェインを30チェイン決めろ！	¡Encadena 30 Anillos!	Соберите цепь из 30 колец!	Kette 30 Ringe aneinander!	Concatena 30 Anelli!	Kedja Ihop 30 Ringar!	Sequencie 30 Anéis!	¡Consigue 30 cadenas de Anillos!	Zbierz 30 Pierścieni w Łańcuchu!	連續獲得30枚金環吧！	30 Yüzüğü Birbirine Bağla!	Enchaîne 30 Rings ! 
mission_description_ring_chain_50	Chain Together 50 Rings!		リングチェインを50チェイン決めろ！	¡Encadena 50 Anillos!	Соберите цепь из 50 колец!	Kette 50 Ringe aneinander!	Concatena 50 Anelli!	Kedja Ihop 50 Ringar!	Sequencie 50 Anéis!	¡Consigue 50 cadenas de Anillos!	Zbierz 50 Pierścieni w Łańcuchu!	連續獲得50枚金環吧！	50 Yüzüğü Birbirine Bağla!	Enchaîne 50 Rings ! 
mission_description_ring_chain_60	Chain Together 60 Rings!		リングチェインを60チェイン決めろ！	¡Encadena 60 Anillos!	Соберите цепь из 60 колец!	Kette 60 Ringe aneinander!	Concatena 60 Anelli!	Kedja Ihop 60 Ringar!	Sequencie 60 Anéis!	¡Consigue 60 cadenas de Anillos!	Zbierz 60 Pierścieni w Łańcuchu!	連續獲得60枚金環吧！	60 Yüzüğü Birbirine Bağla!	Enchaîne 60 Rings ! 
mission_description_ring_chain_100	Chain Together 100 Rings!		リングチェインを100チェイン決めろ！	¡Encadena 100 Anillos!	Соберите цепь из 100 колец!	Kette 100 Ringe aneinander!	Concatena 100 Anelli!	Kedja Ihop 100 Ringar!	Sequencie 100 Anéis!	¡Consigue 100 cadenas de Anillos!	Zbierz 100 Pierścieni w Łańcuchu!	連續獲得100枚金環吧！	100 Yüzüğü Birbirine Bağla!	Enchaîne 100 Rings ! 
														
mission_description_time_45	Finish Within 45 Seconds!		45秒以内に進め！	¡Llega a la Meta en menos de 45 Segundos!	Доберитесь до финиша за 45 секунд!	Beende in 45 Sekunden!	Concludi Entro 45 Secondi!	Slutför Inom 45 Sekunder!	Termine em 45 Segundos!	¡Termina en menos de 45 segundos!	Skończ w 45 Sekund!	45秒以內完成關卡！	45 Saniye İçinde Bitir!	Termine en moins de 45 secondes !
mission_description_time_90	Finish Within 90 Seconds!		90秒以内に進め！	¡Llega a la Meta en menos de 90 Segundos!	Доберитесь до финиша за 90 секунд!	Beende in 90 Sekunden!	Concludi Entro 90 Secondi!	Slutför Inom 90 Sekunder!	Termine em 90 Segundos!	¡Termina en menos de 90 segundos!	Skończ w 90 Sekund!	90秒以內完成關卡！	90 Saniye İçinde Bitir!	Termine en moins de 90 secondes !
mission_description_time_100	Finish Within 100 Seconds!		100秒以内に進め！	¡Llega a la Meta en menos de 100 Segundos!	Доберитесь до финиша за 100 секунд!	Beende in 100 Sekunden!	Concludi Entro 100 Secondi!	Slutför Inom 100 Sekunder!	Termine em 100 Segundos!	¡Termina en menos de 100 segundos!	Skończ w 100 Sekund!	100秒以內完成關卡！	100 Saniye İçinde Bitir!	Termine en moins de 100 secondes !
mission_description_time_120	Finish Within 120 Seconds!		120秒以内に進め！	¡Llega a la Meta en menos de 120 Segundos!	Доберитесь до финиша за 120 секунд!	Beende in 120 Sekunden!	Concludi Entro 120 Secondi!	Slutför Inom 120 Sekunder!	Termine em 120 Segundos!	¡Termina en menos de 120 segundos!	Skończ w 120 Sekund!	120秒以內完成關卡！	120 Saniye İçinde Bitir!	Termine en moins de 120 secondes !
														
mission_description_lp_main	Find Erazor Djinn!		イレイザー・ジンを探しだせ！	¡Encuentra a Erazor el Yinn!	Найдите Эрейзора Джинна!	Finde den Erazor Djinn!	Trova Erazor Djinn!		Encontre o Erazor Djinn!	¡Encuentra a Erazor, el Genio!	Znajdż Erazora Dżina!	尋找伊萊薩！	Erazor Cini Bul!	Trouve Erazor Djinn
mission_description_so_main	Head to King Shahryar's Palace!		シャフリヤール王宮へいそげ！	¡Dirígete al Palacio del Sultán Shahriar!	Дойдите до дворца царя Шахрияра!	Gehe zu König Shahryas Palast!	Vai verso il Palazzo del Re Shahriyar!	Gå till Kung Shahryars Palats!	Encontre o Palácio do Rei Xariar!	¡Ve al palacio del sultán Shahriar!	Udaj się do Pałacu Króla Shahryar'a!	抵達山魯亞爾國王的宮殿！	Kral Shahyar'ın Sarayına Git!	Pars au Palais du Roi Shahyar ! 
mission_description_so_jar	Break 5 Jars!		ツボを5個こわせ！	¡Rompe 5 Jarrones!	Разбейте 5 кувшинов!	Zerbrich 5 Krüge!	Rompi 5 Anfore!	Slå Sönder 5 Krukor!	Quebre 5 Vasos!	¡Rompe 5 jarrones!	Zniszcz 5 Dzbanków!	打破5個陶壺！	5 Kavanoz Kır!	Casse 5 Jarres !
mission_description_so_jarless	Don't Break Any Jars!		ツボをわらずに進め！	¡No Rompas Ningún Jarrón!	Пройдите, не разбив ни одного кувшина!	Zerbrich keine Krüge!	Non Rompere Alcuna Anfora!	Slå Inte Sönder Några Krukor!	Não Quebre Nenhum Vaso!	¡No rompas ningún jarrón!	Nie Zniszcz Żadnych Dzbanków!	不要打破任何陶壺！	Hiçbir Kavanoz Kırma!	Ne casse aucune jarre !
mission_description_so_boss	Battle! Sand Scorpion!		対決!サンドスコーピオン！	¡Lucha contra el Escorpión de las Arenas!	Битва с песчаным скорпионом!	Kämpfe! Sand Scorpion!	Battaglia Contro lo Scorpione delle Sabbie!	Strid! Sandskorpionen!	Derrote Sand Scorpion!	¡Pelea! ¡Es el Escorpión de la Arena!	Bitwa! Skorpion Piaskowy!	對決！沙漠巨蠍！	Dövüş! Kum Akrebiyle!	Bats le Scorpion de Sable ! 
														
mission_description_dj_main	Follow the Pterosaur!		いそいで翼竜を追え！	¡Sigue al Pterosaurio!	Поскорее догоните птерозавра!	Verfolge den Flugsaurier!	Segui Il Pterosauro!	Följ efter Pterosaurien!	Siga o Pterossauro!	¡Deprisa, sigue al pterosaurio!	Podążaj za Pterozaurem!	追上翼龍！	Pterosaur'u takip et!	Suis le Ptétosaure ! 
mission_description_dj_genie_eggs	Smash 5 Spirit Eggs!		マジンの卵を5個こわせ！	¡Rompe 5 Huevos de Espíritu!	Разбейте 5 яиц злых духов!	Zerschlage 5 Seeleneier!	Distruggi 5 Uova di Spirito!	Krossa 5 Andeägg!	Destrua 5 Ovos Espirituais!	¡Rompe 5 huevos de majin!	Rozbij 5 Duchowych Jaj!	打碎5個精靈蛋！	5 Ruh Yumurtası Kır!	Brise 5 Esprits d'oeufs ! 
mission_description_dj_dino_eggs	Return the Dinosaur Eggs to their nests!		恐竜の巣に卵を運べ！	¡Recupera los Huevos de Dinosaurio!	Отнесите яйца в гнёзда динозавров!	Bringe die Dinosaurier Eier zum Nest!	Restituisci le Uova di Dinosauro ai loro nidi!	Lämna tillbaka Dinosaurieäggen till deras bon!	Recupere os Ovos de Dinossauro!	¡Lleva los huevos al nido del dinosaurio!	Zwróć Jaja Dinozaurów do ich gniazd!	把恐龍蛋放回巢穴！	Dinozor Yumurtalarını yuvalarına geri koy!	Remettez les œufs de dinosaures dans leurs nids !
														
mission_description_ef_main	Head to the Center!		最深部へいそげ！	¡Dirígete al Núcleo!	Пройдите вглубь дворца!	Gehe zum Kern der Fabrik!	Dirigiti al Centro!	Gå till Mitten!	Chegue até o Centro!	¡Corre a las profundidades!	Udaj się do Centrum!	抵達最深處！	Merkeze Git!	Pars au Centre ! 
mission_description_ef_time	Find the Exit in Time!		時間内に出口へいそげ！	¡Llega a la Salida dentro del Tiempo Límite!	Найдите выход за отведённое время!	Finde rechtzeitig den Ausgang!	Trova l'Uscita in Tempo!	Hitta Utgången i Tid!	Encontre a Saída a Tempo!	¡Corre y llega a tiempo a la salida!	Znajdź Wyjście na Czas!	在時限內抵達出口！	Zamanında Çıkışı Bul!	Trouve la sortie avant le temps imparti ! 
mission_description_ef_boss	Battle! Ifrit Golem!		対決!イフリートゴーレム！	¡Lucha contra el Gólem Ifrit!	Битва с Ифритом!	Kämpfe! Ifrit Golem!	Battaglia Contro il Golem Ifrit!	Strid! Ifrit-Golemen!	Derrote Ifrit Golem!	¡Pelea! ¡Es el Ifrit Gólem!	Bitwa! Golem Ifrit!	對決！伊弗利特巨像！	Dövüş! İfrit Golemiyle!	Bats le Golem Ifrit ! 
														
mission_description_lr_main	Find Sinbad!		シンドバッドを探しだせ！	¡Encuentra a Simbad!	Найдите Синдбада!	Finde Sindbad!	Trova Sinbad!	Hitta Sinbad!	Encontre Simbad!	¡Encuentra a Simbad!	Znajdź Sinbada!	尋找辛巴達！	Sinbad'i Bul!	Trouve Sinbad ! 
mission_description_lr_cage	Open Sinbad's Cage!		シンドバッドの牢をあけろ！	¡Libera a Simbad de su Jaula!	Откройте клетку с Синдбадом!	Öffne Sindbads Käfig!	Apri la Gabbia di Sinbad!	Öppna Sinbads Bur!	Abra a Jaula de Simbad!	¡Abre la celda de Simbad!	Otwórz Klatkę Sinbada!	打開辛巴達的牢籠！	Sinbad'in Kafesini Aç!	Ouvre la Cage de Sinbad ! 
														
mission_description_ps_main	Follow the Pirates!		嵐の海をこえ海賊団を追え！	¡Sigue a los Piratas!	Преодолейте морской шторм\nи догоните пиратов!	Folge den Piraten!	Segui i Pirati!	Följ efter Piraterna!	Siga os Piratas!	¡Sigue a los piratas por los mares tormentosos!	Podążaj za Piratami!	在波濤洶湧的海域中追上海賊團！	Korsanları Takip Et!	Suis les Pirates ! 
mission_description_ps_boss	Battle! Captain Bemoth!		対決!キャプテンベモス！	¡Lucha contra el Capitán Bimoz!	Битва с капитаном Бемотом!	Kämpfe! Captain Bemoth!	Battaglia Contro il Capitano Bemoth!	Strid! Kapten Bemoth!	Derrote Captain Bemoth!	¡Pelea! ¡Es el Capitán Bémot!	Bitwa! Kapitan Bemoth!	對決！貝摩斯船長！	Dövüş! Kaptan Bemothla!	Affronte le Capitaine Bemoth ! 
														
mission_description_sd_main	Find King Solomon!		ソロモン王をさがせ！	¡Encuentra al Rey Salomón!	Найдите царя Соломона!	Finde König Solomon!	Trova il Re Salomone!	Hitta Kung Solomon!	Encontre o Rei Salomão!	¡Encuentra al Rey Salomón!	Znajdź Króla Solomona!	尋找所羅門王！	Kral Solomon'u Bul!	Trouve le Roi Salomon !
mission_description_sd_bones	Find the King's Bones!		骸骨王の骨をあつめろ！	¡Encuentra los Huesos del Rey!	Соберите кости царя!	Finde die Knochen des Königs!	Trova le Ossa del Re	Hitta Kungens Ben!	Encontre os Ossos do Rei!	¡Recoge el esqueleto del rey!	Znajdź Kości Króla!	尋找骷髏王的骨骸！	Kral'ın Kemiklerini Bul!	Suis les os du Roi ! 
														 
mission_description_np_main	Sneak Into the Palace!		宮殿の最深部へ突入しろ！	¡Infíltrate en el Palacio!	Проникните во дворец!	Schleiche durch den Palast!	Infiltrati nel Palazzo!	Smyg In till Palatset!	Invada o Palácio!	¡Irrumpe en lo profundo del palacio!	Zakradnij Się do Pałacu!	潛入宮殿的最深處！	Saraya Gizlice Gir!	Infiltre toi dans le Palais ! 
mission_description_np_boss	Battle! Erazor Djinn!		対決!イレイザー・ジン！	¡Lucha contra el Erazor el Yinn!	Битва с Эрейзором Джинном!	Kämpfe! Erazor Djinn!	Battaglia contro Erazor Djinn!	Strid! Erazor-Djinn!	Derrote o Erazor Djinn!	¡Pelea! ¡Es Erazor, el Genio!	Bitwa! Erazor Dżin!	對決！伊萊薩！	Dövüş! Erazor Djinle!	Affronte Erazor Djinn ! 
mission_description_np_last	It's the Final Battle!		ラスト　チャプター！	¡La Batalla Final!	Битва с Альф-Лейла-ва-Лейла!	Der finale Kampf!	È la Battaglia Finale!	Det är Sista Striden!	A Batalha Final!	¡Último capítulo!	Bitwa Ostateczna!	最終對決！	Bu Son Dövüş!	Le Combat Final !
														
														
common_start_so	Let's go, Shahra!		いくぜシャーラ！	¡Vamos, Shara!	Погнали, Шахра!	Fertig, Shahra?!	Andiamo Shahra!	Låt oss gå, Shahra!	Vamos nessa, Shahra!	¡Vamos, Shahra!	Do dzieła, Shahra!	走吧，夏拉！	Hadi gidelim Shahra!	Allons-y Shahra !
common_start2_so	All right,\nlet's get started!		それじゃあ　はじめるとするか！	¡Venga!,\n¡a por todas!	Ну что ж, начнём?	OK, lass uns loslegen!	Bene,\niniziamo!	Okej, \nlåt oss börja!	Beleza, \npartiu!	Muy bien, ¡empecemos!	W porządku,\nzaczynajmy!	好，我們開始吧！	Pekala,\nhadi başlayalım!	D'accord, commençons ! 
common_start3_so	All right,\nlet's go!		気合入れていくぜ！	Bien,\n¡allá vamos!	Я приложу все усилия!	OK, los geht's!	Bene,\nAndiamo!	Okej, \nlåt oss gå!	Beleza, \nvamos nessa!	¡Manos a la obra!	W porządku,\ndo dzieła!	好，我們走吧！	Pekala,\nhadi gidelim!	Très bien,\n c'est parti !
common_start4_so	Here we go, Shahra!		飛ばすぜシャーラ！	¡Al lío, Shara!	Шахра, я полетел!	Auf geht's, Shahra!	Ci siamo Shahra!	Här kör vi, Shahra!	Lá vamos nós, Shahra!	¡Sígueme, Shahra!	Ruszamy, Shahra!	走囉，夏拉！	İşte gidiyoruz, Shahra!	On y va, Shahra !
common_start_sh	Be careful, Sonic!		気をつけてねソニック！	¡Ten cuidado, Sonic!	Будь осторожен, Соник!	Sei vorsichtig, Sonic!	Sta attento Sonic!	Var försiktig, Sonic!	Cuidado, Sonic!	¡Ten cuidado, Sonic!	Ostrożnie, Sonic!	要小心喔，索尼克！	Dikkatli ol, Sonic!	Sois prudent, Sonic !
common_start2_sh	Good luck, Sonic!		がんばってねソンック！	¡Mucha suerte, Sonic!	Удачи, Соник!	Viel Glück, Sonic!	Buona fortuna, Sonic!	Lycka till, Sonic!	Boa sorte, Sonic!	¡Da lo mejor, Sonic!	Powodzenia, Sonic!	祝好運，索尼克！	İyi şanslar, Sonic!	Bonne chance Sonic !
common_start3_sh	This is going to be fun!		期待してるわよ！	¡Esto promete!	Я надеюсь на тебя!	Das wird ein Spaß!	Questo sarà divertente!	Det här kommer att bli kul!	Isso vai ser divertido!	¡Cuento contigo!	To będzie świetna zabawa!	這下好玩囉！	Bu eğlenceli olacak!	Ca va être amusant ! 
common_start4_sh	Sonic, slow down!		ほどほどにねソニック！	Sonic,\n¡no vayas tan rápido!	Соник, притормози!	Sonic, nicht so schnell!	Sonic, rallenta!	Sonic, sakta ner!	Calma, Sonic!	¡Tranquilo, Sonic!	Sonic, zwolnij!	索尼克，慢點！	Sonic, yavaşla!	Sonic, ralenti !
common_advice_so	What should we do, Shahra?		どうするシャーラ？	¿Y ahora qué, Shara?	Что будем делать, Шахра?	Was jetzt, Shahra?	Cosa dovremmo fare, Shahra?	Vad borde vi göra, Shahra!	O que vamos fazer, Shahra?	¿Qué hacemos, Shahra?	Co powinniśmy zrobić, Shahra?	夏拉，我們該怎麼辦？	Ne yapmalıyız, Shahra!	Que devrions-nous faire, Shahra ?
common_advice_sh	Keep going, of course!		もちろん　行くしかないででっしょう！	¡Hemos de seguir avanzando!	Конечно идти! Другого выхода нет!	Weiterlaufen, natürlich.	Continuare, ovviamente!	Fortsätta, så klart!	Seguir adiante, é claro!	¡Obvio, sólo podemos seguir!	Nie zwalniać tempa, oczywiście!	當然是繼續走囉！	Devam etmeliyiz, elbette!	On continue, bien sûr !
common_resolution_so	Let's do it!		一気にいくぜ！！	¡A por todas!	Сделаю всё сразу!	Na dann los!	Facciamolo!	Låt oss göra det!	Vamos nessa!	¡¡Démoslo todo!!	Zróbmy to!	來做吧！	Hadi yapalım!	Allons-y !
common_resolution_sh	Hey Sonic, wait!		ちょっ！　まってよソニック！！	¡Eh, Sonic!; ¡espera!	Стой, Соник! Подожди!	H-hey! Sonic, warte!	Ehi Sonic, aspetta!	Hörru Sonic, vänta!	Ei Sonic, espera!	Esp... ¡Espera, Sonic!	Hej Sonic, czekaj!	嘿索尼克，等等啊！	Hey Sonic, bekle!	Hey Sonic, attends !
common_unknown_so	What is it?		なんだこれ？	¿Qué pasa?	Это ещё что?	Was ist das?	Che cosa c'è?	Vad är det?	O que foi?	¿Qué es esto?	Co to jest?	怎麼了？	Bu nedir?	Qu'y a-t-il ?
common_unknown_sh	Hmm...What's that?		お　なにかしら？	Hum... ¿Qué es eso?	Хм? Что это?	Hmm...Was ist das?	Hmm...Cos'è quello?	Hmm... Vad är det där?	Hmm... O que é isso?	¿Ah? ¿Qué es eso?	Hmm... Co to?	嗯…那是什麼？	Hmm... Bu da ne?	Hmm... Qu'est-ce que c'est ?
common_confused_so	Hey! What's going on?		ヘーイ　なんだこりゃ？	¡Eh!, ¿que está pasando?	Эй, а это ещё что?	Hey! Was geht denn hier ab?!	Ehi! Cosa sta succedendo?	Hörru! Vad är det som händer?	Ei! O que tá rolando?	¡Ey, ¿qué es esto?!	Hej! Co jest grane?	嘿！怎麼回事？	Hey! Neler oluyor?	Hé! Que se passe-t-il ?
common_confused_sh	I think there's something we can do here.		ためしに何かしてみたら？	Debe de haber algo que podamos hacer.	Попробуй что-нибудь сделать.	Ich denke es gibt hier etwas, was wir tun können.	Penso che ci sia qualcosa che possiamo fare qui.	Jag tror det är något vi kan göra här.	Acho que tem algo que podemos fazer aqui.	¿Hay algo que quieras intentar?	Myślę, że jest tu coś, co możemy zrobić.	我覺得我們可以在這裡做些什麼事。	Sanırım burada yapabileceğimiz bir şey var.	Je pense que nous pouvons faire quelque chose ici.
common_concern_sh	Are you okay, Sonic?		大丈夫ソニック？	¿Estás bien, Sonic?	Соник, всё хорошо?	Alles in Ordnung, Sonic?	Stai bene, Sonic?	Är du okej, Sonic?	Você está bem, Sonic?	¿Estás bien, Sonic?	Nic ci nie jest, Sonic?	索尼克，你沒事吧？	İyi misin, Sonic?	Ça va, Sonic ?
common_concern2_sh	Don't strain yourself too much.		飛ばしすぎないでよ？	No te fuerzes hasta el límite.	Не лети так быстро!	Überanstrenge dich nicht!	Non sforzarti troppo.	Änsträng dig inte för myckert!	Evite se esforçar demais.	No vayas tan rápido, ¿sí?	Nie nadwyrężaj się tak.	別做過頭囉。	Kendinizi çok fazla zorlama.	Ne te fatigue pas trop !
common_confident_so	Just leave it to me!		なーにまかせとけって！	¡Tú déjamelo a mí!	Конечно! Положись на меня!	Ich mach das schon!	Lascia fare a me!	Bara lämna det till mig!	Deixa comigo!	¡Yo me encargo!	Po prostu zostaw to mnie!	就交給我吧！	Sadece bana bırak!	Laisse-moi faire ! 
common_goal_so	Let's head for the goal!		ゴールまで突っ走るぜ！	¡Dirijámonos a la meta!	Я бегу к финишу со всех ног!	Wir sind schon fast da!	Andiamo verso il traguardo!	Låt oss gå till målet!	Partiu pro objetivo!	¡Corramos a la meta!	Ruszajmy do mety!	我們趕往終點吧！	Hadi hedefe gidelim!	Direction droit au but !
common_dizzy_so	Wahoo!		ヒヤッホー！	¡Toma ya!	Ву-ху!	Wahuu!	Wahoo!	Wahoo!	Wahoo!	¡Yajúu!	Łuhu!	哇呼！	Wahoo!	Wahoo !
common_dizzy2_so	Yeah, excellent!		ＹＥＡＨ！　ゴキゲンだぜ！	¡Sí! ¡Genial!	Йе-е-е-е! Отлично!	Yeah, nur weiter so!	Sì, eccellente!	Ja, utmärkt!	É isso aí!	¡Sí! ¡Súper bien!	Ta, ekstra!	Yeah！完美！	Evet, mükemmel!	Ouais,excellent ! 
common_dizzy3_so	Yahoo!		ＹＡＨＯＯ！	¡Qué pasada!	Йее-хуу!	Yahoo!	Yahoo!	Yahoo!	Yahoo!	¡Oh, sí!	Juhu!	呀呼！	Yahoo!	Yahoo !
common_dizzy_sh	Ahhhh!\nI'm getting dizzy!		やーっ！　目が回る～！！	¡Aaah!\n¡Qué mareo!	Уа-а-а! Голова кружится!	Aaaah! Mir wird schwindelig!	Ahhhh!\nHo le vertigini!	Ahhhh!\nJag börjar bli yr!	Ahhhh!\nEu tô ficando zonza!	¡Ah...! ¡Estoy mareada!	Ahhhh!\nKręci mi się w głowie!	啊啊！我要暈了！	Ahhh!\nSersemliyorum!	Ahhh !\nJ'ai le vertige !
common_dizzy2_sh	Eeeek!		きゃー！！	¡Aaah!	А-а-а-а-а!	Aaaah!	Eeeek!	Eeeek!	Aaaah!	¡Ay...!	Aaaah!	伊呀呀！！	Eeeek!	Je crois que je vais vomir...
common_dizzy3_sh	Wh-whooaa!		ちょ　ちょっとー！！	¡Aaah!	Уа-а-а!	Wh-whoaa!	Wh-whoaa!	Wh-whooaa!	Aaaah!	¡E-Espera...!	Ł-Łoooł!	哇啊啊！	Wh-whooaa!	Ouah !
common_secret_so	Yes! I knew it!		ＹＥＳ！　思ってとりだ	¡Sí! ¡Lo sabía!	Да! Как я и думал!	Yes! Wie ich's mir dachte!	Sì, lo sapevo!	Ja! Jag visste det!	Isso! Sabia!	¡Sí, justo como imaginé!	Tak! Wiedziałem!	讚啦！我就知道！	Evet! Biliyordum!	Ouais ! Je le savais !
common_secret_sh	You're lucky, Sonic!		ラッキーねソニック！	¡Qué suerte tienes, Sonic!	Повезло, Соник!	Du hast Glück, Sonic!	Sei fortunato Sonic!	Du har tur, Sonic!	Você é sortudo, Sonic!	¡Eres un suertudo, Sonic!	Szczęściarz z Ciebie, Sonic!	索尼克你真幸運！	Şanslısın, Sonic!	Tu es chanceux Sonic ! 
common_collect_so	Heheh, I'll take that!		へへ　いただきだぜ！	¡Ja,ja! ¡Me quedo con eso!	Хе-хе, эту игру выиграл я!	Hehe. Wenn's sonst keiner will!	Heheh, questo lo prendo io!	Heheh, den tar jag!	Heheh, bobeou, dançou! 	Ja, ja. ¡Me lo llevo!	Heh, wezmę to Sobie!	嘿嘿，我就不客氣啦！	Heheh, bunu alacağım!	Héhé, je prend ça ! 
common_collect_sh	Good job!		やるじゃない！	¡Bien hecho!	Ты молодец!	Gut gemacht!	Ottimo lavoro!	Bra jobbat!	Bom trabalho!	¡Nada mal!	Dobra robota!	做得好！	İyi iş!	Bon travail !
common_caution_so	Shahra, watch out!		来るぞ！　シャーラ！	¡Cuidado, Shara!	Они наступают, Шахра!	Shahra, pass auf!	Shahra, attenta!	Shahra, akta dig!	Shahra, cuidado!	¡Nos atacan, Shahra!	Shahra, uważaj!	夏拉，小心！	Shahra, dikkat et!	Shahra, attention !
common_caution_sh	Ahhh!		うわっ！！	¡Aaah!	А-а-а-а!	Aah!	Ahhh!	Ahhh!	Ahhh!	¡Guaah...!	Ahhh!	啊啊啊！	Ahhh!	Ahhh!
common_caution2_so	Let's be careful here.		ちょい気をつけていくか	Tengamos cuidado ahora.	Постараюсь быть осторожным.	Hier passen wir lieber auf.	Facciamo attenzione qui.	Låt oss vara försiktiga här.	Vamos com cuidado aqui.	Aquí tengamos cuidado...	Bądżmy tutaj ostrożni.	我們小心點過去吧。	Hadi burada dikkatli olalım.	Faisons attention ici.
common_caution2_sh	Proceed with caution.		ここからは慎重にいきましょ	Avanza con cuidado.	А теперь сосредоточься!	Sei vorsichtig hier.	Procedi con cautela.	Forsätt med varsamhet.	Avance com cuidado.	Hay que avanzar con más cuidado.	Postępuj ostrożnie.	謹慎地前進吧。	Dikkatli ilerle.	Avançons attentivement.
common_jump_so	Jump!		とぶぜ！	¡Salta!	Я полетел!	Spring!	Salta!	Hopp!	Pula!	¡A volar!	Skacz!	跳！	Zıpla!	Saute ! 
common_jump2_so	Yahoo!		ＹＡＨＯＯ！	¡Toma ya!	Йее-хуу!	Yahoo!	Yahoo!	Yahoo!	Yahoo!	¡Yajúu!	Jupi!	呀呼！	Yahoo!	Yahoo !
common_jump_sh	Okay!		ＯＫ！	¡Bien!	Окей!	OK!	Ok!	Okej!	Ok!	¡Okey!	Okej!	OK！	Tamam!	Ok ! 
common_jump2_sh	Hyahhh!		ひゃああああ	¡Aaah!	И-а-а-а!	Jaaaa!	Hyahhh!	Hyahhh!	Riahhh!	¡Aaaah!	Hjahhh!	哈呀啊啊！	Hyahhh!	Hyahhh !
common_fall_so	Whoa!			¡Hala!	Уа-а-а-а!	Whoa!	Whoa!	Whoa!	Uou!	¡Guau...!	Łoł!	哇嗚！	Whoa!	Ouah !
common_fall2_so	Look out below!		急降下だぜ！	¡Mira abajo!	Резкий спуск!	Vorsicht, da unten!	Attenzione in basso!	See upp där nere!	Cuidado aí em baixo!	¡Está bastante alto!	Uwaga na dole!	下面的小心！	Aşağa bak!	Regarde en-dessous ! 
common_fall_sh	We're falling!		おちるわ！	¡Nos caemos!	Ты падаешь!	Wir fallen!	Stiamo cadendo!	Vi faller!	Estamos caindo!	¡Nos caemos!	Spadamy!	我們要摔下去了！	Düşüyoruz!	On tombe !
common_fall2_sh	Ahhhh!		やーん！	¡Aaah!	А-а-а-а-а!	Aaah!	Ahhhh!	Ahhhh! 	Ahhhh!	¡Aaah...!	Ahhhh!	啊啊啊！	Ahhhh!	Ahhh !
common_recovery_so	Heh, no problem!		どうってことないさ！	¡Je! ¡Sin un rasguño!	Всё обошлось!	Ha! Kein Problem!	Heh, nessun problema!	Heh, inga problem!	Heh, sem problemas!	¡No fue para tanto!	Heh, żaden problem!	嘿，沒問題啦！	Heh, sıkıntı yok!	Hehe, aucun problème !
common_recovery2_so	Had me worried there for a second.		ちょっと　今のはやばかったかな	Que susto me acabo de llevar...	Да, это было опасно!	Woah. Knappe Kiste, dass!	Mi hai fatto preoccupare per un attimo.	Du gjorde mig orolig för en stund där.	Fiquei preocupado por um instante.	Vaya, la vimos cerca...	Martwiłem się tam przez chwilę.	害我擔心了一下呢。	Beni biraz olsun endişelendirdin.	J'ai eu peur sur le coup.
common_recovery_sh	That was close!		あぶなかったわね！	¡Por poco!	Это было опасно!	Das war knapp!	Per un pelo!	Det var nära!	Essa foi por pouco!	Ah... ¡Por poco!	Było blisko!	剛才好險！	Bu yakındı!	C'est pas passé loin !
common_recovery2_sh	Talk about a close call!		危機一髪ってカンジね	¡Ha estado cerca!	Ты был на волоске!	Das war eine knappe Sache!	Parlando di situazioni rischiose!	Snacka om nära ögat!	Essa foi por um triz!	Estuvo cerca, ¿no?	O mały włos!	真是好險呢！	Çok yakın bir tehlikeden bahsediyoruz!	Quelle situation !
common_worry_so	Hey, don't worry!			Hey, ¡no te preocupes!	Не беспокойся!	Hey, mach dir keinen Kopf!	Ehi, non preoccuparti!	Hörru, oroa dig inte!	Ei, não se preocupa!	¡No te preocupes!	Hej, nie martw się!	嘿，別擔心啦！	Hey, endişelenme!	Hey, t'inquiète !
common_worry_sh	Sonic, are you alright?		ちょっと　大丈夫ソニック？	Sonic, ¿estás bien?	Соник, ты в порядке?	Sonic, geht es dir gut?	Sonic, Stai bene?	Sonic, är du okej!	Sonic, você está bem?	Oye, ¿estás bien, Sonic?	Sonic, wszystko w porządku?	索尼克，你還好嗎？	Sonic, iyi misin?	Sonic, ça va ?
common_lap_sh	That's one lap!		一周したわね	¡Ya llevas una vuelta!	Ты сделал круг!	Das war eine Runde!	Questo è un giro!	Det var ett varv!	Completamos uma volta!	¡Completamos una vuelta!	To było pierwsze okrążenie!	這樣就繞完一圈了！	Bu bir tur!	C'était le premier tour !
common_lap_so	One down, more to go!		みたいだな！	Esa es la primera;\n¡a por la siguiente!	Похоже на то!	Erste Runde, abgehakt!	Uno giù, passiamo al prossimo!	En avklarad, flera kvar!	Uma já foi, e ainda tem mais!	¡Eso parece!	Jedno z głowy, więcej przed nami!	再來繼續把剩下的解決掉吧！	Biri gitti, daha gidilecek var!	Un de moins, au suivant !
common_end_so	All right!		ＡＬＬ　ＲＩＧＨＴ！	¡Nada mal!	Хорошо!	OK!	Bene!	Okej!	Beleza!	¡Muy bien!	Jasne!	好耶！	Pekala!	Super !
common_end_sh	Just a little more, Sonic!		あと少しよソニック！	¡Ya casi está, Sonic!	Ещё немного, Соник!	Nicht nachlassen, Sonic!	Ancora un pochino, Sonic!	Bara lite till, Sonic!	Só mais um pouco, Sonic!	¡Sólo un poco más, Sonic!	Jeszcze tylko troszkę, Sonic!	就快到了，索尼克！	Sadece biraz daha, Sonic!	Ce n'est plus très loin, Sonic !
common_halfway_so	Roger that!		りょうかい	¡Recibido!	Понял!	Alles klar!	Ricevuto!	Uppfattat!	Entendido!	¡Entendido!	Przyjąłem!	收到！	Anlaşıldı!	Compris !
common_halfway_sh	We're about halfway!		今大体半部でとこね	¡Vamos por la mitad!	Осталась примерно половина!	Wir sind etwa halbwegs fertig!	Siamo a metà!	Vi är ungefär halvvägs!	Estamos na metade do caminho!	¡Llevamos casi la mitad del camino!	Jesteśmy mniej więcej w połowie!	路程只剩一半了！	Yarısındayız!	On est presque à la moitié !
common_encourage_so	All right already!		やれやれだぜ全く！	¡Venga, vamos!	Давай-давай!	Ist ja gut!	Dai, andiamo!	Nu räcker det!	Já entendi!	Ah... ¡esto es un fastidio!	No, dalej!	知道了！	Pekala o zaman!	Allez, c'est parti !
common_encourage_sh	Keep going, Sonic!		まだまだあるわよソニック！	¡No te rindas, Sonic!	Ещё не всё, Соник!	Weiter, Sonic!	Continua, Sonic!	Fortsätt framåt, Sonic!	Continue, Sonic!	¡Aún hay más, Sonic!	Tak trzymaj, Sonic!	繼續走，索尼克！	Devam et, Sonic!	Continue, Sonic !
common_up_so	Let's go up.		この上行ってみよう	Vayamos hacia arriba.	Попробуем забраться наверх?	Da oben geht's weiter.	Andiamo su.	Låt oss gå uppåt.	Vamos subir.	Hay que subir.	Chodżmy na górę.	我們上去吧。	Hadi yukarı çıkalım.	Montons.
common_up_sh	Try going up there.		ねぇ、上に行ってみましょう	Prueba subir ahí arriba.	Давай попробуем забраться наверх.	Versuche nach oben zu gehen.	Prova ad andare lì sopra.	Prova att gå upp där!	Tente ir lá em cima.	Oye, subamos allá.	Spróbuj wejść na górę.	我們試試看上去吧	Buradan yukarı çıkmayı dene.	Essaie de monter là-bas.
common_up2_so	Maybe we should go up here.		この先で　上に行ってみるか	Quizás deberíamos subir ahí.	Попробуем залезть наверх?	Hmm, da oben könnte was sein!	Forse dovremmo andare quassù.	Vi kanske borde gå upp där.	Talvez a gente devesse subir aqui.	¿Deberíamos subir?	Może powinniśmy wejść na górę.	或許我們該從這裡上去。	Belki buradan yukarı çıkmalıyız.	On pourrait monter par là.
common_up2_sh	Let's try going up here.		この先で　上に行ってみましょう	Probemos subir ahí arriba.	Попробуй залезть наверх!	Lass uns versuchen nach oben zu gehen.	Proviamo ad andare quassù.	Vi provar att gå upp där!	Vamos tentar subir aqui.	Sigamos por arriba.	Spróbujmy wejść na górę.	我們試試看從這裡上去吧	Hadi buradan yukarı çıkmayı deneyelim.	Essayons de monter par là.
common_down_so	We should go down.		ここで　降りてみるか	Deberíamos bajar.	Попробуем спуститься отсюда?	Da unten ist ein Weg.	Dovremmo andare giù.	Vi borde gå ner!	Vamos descer.	¿Y si bajamos?	Powinniśmy zejść na dół.	我們下去吧。	Aşağı inmeliyiz.	On devrait descendre.
common_down_sh	Let's try going down.		ここから　降りてみましょう	Probemos bajar.	Попробуй спуститься отсюда!	Lass uns versuchen nach unten zu gehen.	Proviamo ad andare giù.	Vi provar att gå ner!	Vamos tentar ir lá em baixo.	Bajemos allá.	Spróbujmy zejść na dół.	我們下去看看吧。	Hadi aşağı inelim.	Essayons de descendre.
common_down2_so	Maybe we should go down here.		この先で　下に行ってみるか	Quizás deberíamos bajar.	Попробуем спуститься?	Vielleicht sollten wir hier heruntergehen.	Forse dovremmo andare quaggiù.	Vi kankse borde gå ner där!	Talvez a gente devesse ir aqui em baixo.	¿Deberíamos bajar?	Może powinniśmy zejść na dół.	我們或許該從這裡下去。	Belki buradan aşağı inmeliyiz.	On pourrait descendre ici.
common_down2_sh	Let's try going down here.		この先で　下に降りてみましょう	Probemos bajar allí.	Попробуй спуститься!	Lass uns hier versuchen nach unten zu gehen.	Proviamo ad andare quaggiù.	Vi provar att gå ner här.	Vamos tentar descer aqui.	Sigamos por abajo.	Spróbujmy tam zejść.	我們從這裡下去看看吧。	Hadi aşağı inmeyi deneyelim.	Tentons de descendre là.
common_feeling_so	I have a bad feeling about this.		イヤなの感がするぜ	Esto me da mala espina.	У меня плохое предчувствие.	Ich hab ein schlechtes Gefühl bei der Sache.	Ho un brutto presentimento a riguardo.	Jag har en dålig känsla för det här.	Isso não tá me cheirando bem.	Tengo un mal presentimiento.	Coś mi tu śmierdzi.	我對這有股不妙的感覺。	Bunun hakkında kötü hislerim var.	Ça ne me dit rien qui vaille.
common_feeling_sh	I've got a bad feeling.\nBe careful.		イヤなの感がするわ\n気をつけて！	Tengo un mal presentimiento.\nTen cuidado.	У меня плохое предчувствие!\nБудь осторожен!	Mir ist ganz mulmig. Sei vorsichtig!	Ho un brutto presentimento.\nSta attento.	Jag har en dålig känsla. \nVar försiktig!	Estou com um mal pressentimento.\nCuidado.	Tengo un mal presentimiento.\n¡Ten cuidado!	Obawiam się.\nUważaj.	我有股不妙的感覺。小心！	Kötü hislerim var.\nDikkatli ol.	J'ai un mauvais pressentiment.\nSois prudent.
common_heights_so	Woah. Don't want to fall, here.		落ちないように気をつけなきゃな	¡Uf! Será mejor no caerse.	Надо быть осторожным, чтобы не упасть.	Woah. Hier leg ich mich lieber nicht ab.	Woah. Devo stare attento a non cadere, qui.	Woah. Vill inte ramla ner, här. 	Uou. Eu que não quero cair aqui.	Tengamos cuidado de no caer.	Łał. Tutaj nie chcesz spaść.	哇喔。別摔下去了。	Woah. Buradan düşmek istemem.	Woah. Évitons de tomber ici.
common_heights_sh	Be careful not to fall.		落ちないように気をつけてよね	Ten cuidado de no caerte.	Будь осторожен, не упади!	Pass auf, dass du nicht fällst.	Sta attento a non cadere.	Va försiktig så du inte ramlar!	Cuidado para não cair.	Ten cuidado de no caer.	Uważaj, aby nie spaść.	小心不要摔下去。	Dikkatli ol, düşme.	Prends garde à ne pas tomber.
														
common_enemy_so	Hey look, we have company!		ハン　おいでなすったぜ！	¡Mira!; ¡tenemos compañía!	Ха, а вот и враги!	Hey, scheint als hätten wir Besuch!	Ehi guarda, abbiamo compagnia!	Hörru titta, vi har sällskap!	Ei olha, a gente tem companhia!	Ja, ¡vinieron!	Hej spójrz, mamy towarzystwo!	看啊，有人來囉！	Hey bakın, misafirlerimiz var!	Hey, nous avons de la compagnie !
common_enemy2_so	Well, look who's here!		お　いたいた！	Vaya, vaya,\n¡mira quién está aquí!	О, нашёл!	Ach, sieh mal einer an!	Bene bene, guarda chi abbiamo qui!	Men, titta vem som är här!	Ora ora, olha só quem tá aqui!	Oh, ¡vaya, vaya!	No proszę, kogo my tu mamy!	哈，看看是誰來了！	Vay, bakın burada kimler var!	Regarde qui voilà !
common_enemy3_so	Hmph! More pests!		へ　ざこが！	¡Hum! ¡Más alimañas!	Ха! Мелюзга!	Hmpf! Mehr Ungeziefer!	Hmph! Più scocciature!	Hmph! Fler odjur!	Hum! Mais pestes!	Je, ¡qué escoria!	Hmph! Więcej szkodników!	哼！還有雜兵啊！	Hmph! Daha fazla haşare!	Mmph ! Encore des ennuis !
common_enemy4_so	Heh, I'll take you all on!		へ　いくらでも来いってんだ！	¡Je! ¡Puedo con todos vosotros!	Ха, нападайте сколько влезет!	Heh, macht 'nen Abgang!	Heh, vi posso sconfiggere tutti!	Heh, jag tar er allihop!	Heh, eu dou conta de todos vocês!	Je, ¡los venceré a todos!	Heh, wszystkimi Się zajmę!	嘿，讓我來對付你們！	Heh, hepinizi yeneceğim!	Hé, vous allez tous perdre !
common_enemy5_so	Whoa! They're over here too?		おっと！　こっちにもおでましか？	¡Hala! ¿Hay más por aquí?	Ой, они и тут тоже!	Oh! Hier sind also auch welche?!	Whoa! Sono anche qui?	Whoa! Dem är här också?	Uou, eles estão aqui também?	¡Ah...! ¿También están aquí?	Łoł! Tutaj też są?	哇嗚！它們也在這裡？	Whoa! Onlar da mı burada?	Whoa ! Ils sont là aussi ?
common_enemy6_so	Looks like we've got our hands full.		まとめて相手になってやるぜ！	Vaya... enemigos, ¡qué no falten!	Да я разом вас всех одолею!	Scheint als hätten wir alle Hände voll zu tun.	Sembra proprio che abbiamo molto da fare.	Ser ut som att vi har händerna fulla.	Isso vai dar trabalho.	¡Puedo con todos ustedes!	Wygląda na to,\nże mamy ręcę pełne roboty.	看樣子要忙得不可開交了。	Anlaşılan işimiz çok zor.	On ne manque pas d'adversaires.
common_enemy7_so	How many of these guys are there?!		ゾロゾロでてきやがって！	¿Los enemigos no se acaban nunca, o qué?	Появляются один за другим!	Wie viele sind das denn?!	Quanti ce ne sono di questi tizi?!	Hur många av dem här typerna finns det?	Quantos desses caras ainda faltam?!	¡Vienen uno tras otro!	Ile tych gości tu jest?!	到底有多少人啊？！	Bunlardan kaç tane var?!	Combien de ces types y a-t-il ?!
common_enemy8_so	Aha! Trying to block my way, huh?		おっと！　通せんぼってわけかい	¡Ajá! Conque bloqueando el camino, ¿eh?	Вот как! Пытаетесь преградить мне путь?	Aha! Du lässt mich wohl nicht durch, was?	AHA! Cerchi di intralciarmi, eh?	Aha! Försöker blockera vägen, huh?	Ahá! Tentando bloquear o meu caminho, né?	¡Oh! Conque una barricada, ¿eh?	Aha! Chcesz mi zablokować drogę, co?	啊哈！想要擋路是吧？	Aha! Yolumu kapatmaya çalışıyorsunuz, huh?	Aha ! On essaie de m'arrêter, hein ?
common_enemy_sh	Erazor's henchmen!		イレイザーの手下よ！	¡Los esbirros de Erazor!	Это подчинённые Эрейзора!	Erazors Handlanger!	Gli scagnozzi di Erazor!	Erazors hantlangare!	Lacaios do Erazor!	¡Secuaces de Erazor!	Sługusy Erazora!	是伊萊薩的手下！	Erazor'un adamları!	Les sbires d'Erazor !
common_enemy2_sh	Look out, Sonic!		気をつけてソニック！	¡Cuidado, Sonic!	Будь осторожен, Соник!	Pass auf, Sonic!	Attento Sonic!	Akta dig, Sonic!	Cuidado, Sonic!	¡Cuidado, Sonic!	Uważaj, Sonic!	索尼克要小心啊！	Dikkat et, Sonic!	Sonic, regarde !
common_enemy3_sh	Go get them, Sonic!		たのんでわよソニック！	¡A por ellos, Sonic!	Рассчитываю на тебя, Соник!	Räum sie aus dem Weg, Sonic!	Vai a prenderli Sonic!	Gå och ta dem, Sonic!	Pega eles, Sonic!	¡Véncelos, Sonic!	Dorwij ich, Sonic!	打倒它們吧，索尼克！	Onları hallet, Sonic!	Vas-y, Sonic !
common_enemy4_sh	Don't get too cocky, Sonic.		あんまり調子にのらないでよソニック	No te confíes demasiado, Sonic.	Не слишком увлекайся, Соник!	Sei nicht so übermütig, Sonic.	Non essere troppo spavaldo, Sonic.	Bli inte för kaxig, Sonic!	Não se empolgue demais, Sonic!	No flashees tanto, Sonic.	Nie bądż taki zarozumiały, Sonic.	別太過自信了，索尼克！	Çok emin olma, Sonic!	Ne sois pas téméraire, Sonic.
common_enemy5_sh	Ah-Sonic, watch out!		きゃ！　ソニック来たわよ！	Ah- ¡Sonic! ¡Cuidado!	А-а-а! Соник, будь осторожен!	Aaah! Sonic, pass auf!	Ah-Sonic, attento!	Ah-Sonic, akta dig!	Ah-Sonic, cuidado!	¡Ah! ¡Sonic, están aquí!	Ah-Sonic, uważaj!	啊！索尼克，小心！	Ah-Sonic, dikkat et!	Ah-Sonic, attention !
common_enemy6_sh	Sonic, are we going to be okay?		大丈夫なのソニック？	Sonic, ¿saldrá todo bien?	Соник, ты справишься?	Sonic, schaffst du das?	Sonic, staremo bene?	Sonic, kommer vi att klara oss?	Sonic, nós vamos ficar bem?	¿Estaremos bien, Sonic!	Sonic, nic nam nie będzie?	索尼克，我們這樣沒事吧？	Sonic, iyi olacak mıyız?	Sonic, est-ce qu'on va s'en sortir ?
common_enemy7_sh	There's no end to them!		キリがないわね！	¡No paran de aparecer!	Да им конца и края нет!	Sie nehmen kein Ende!	Vai a prenderli, Sonic!	Det finns inget slut på dem!	Eles não acabam nunca!	Parece interminable, ¿no?	Nie ma ich końca!	它們有完沒完啊！	Bunların sonu yok!	Ça n'en finit pas !
common_enemy8_sh	Take them out, Sonic!		やっちゃってソニック！	¡Acaba con ellos, Sonic!	Вперёд, Соник!	Besiege sie, Sonic!	Sconfiggili Sonic!	Slå ut dem, Sonic!	Dê um fim neles, Sonic!	¡Adelante, Sonic!	Załatw ich, Sonic!	打倒它們，索尼克！	Bunları hallet, Sonic!	Élimine-les, Sonic !
common_victory_so	Ha, that was a piece of cake!		ハン！　たいしたことないねえ	¡Ja! ¡Fue pan comido!	Ха, да они слабаки!	Ha, war ja ein Kinderspiel!	Ha, è stata una passeggiata!	Ha, det där var lätt som en plätt!	Há, foi moleza!	¡Ja! ¡No fue gran cosa!	Ha, bułka z masłem!	哈！易如反掌！	Ha, çantada keklikti!	Ha, c'était du gâteau !
common_victory2_so	Is that all you spirits can do?		マジンってのは\nこの程度のモンなのか？	¿Es eso todo lo que podéis hacer?	Все злые духи такие?	Was, mehr habt ihr Geister nicht drauf?	È tutto qui quello che voi spiriti sapete fare?	Är det allt ni andar kan göra?	Isso é tudo o que vocês espíritos conseguem fazer?	¿Es todo lo que pueden hacer, majin?	Tylko na tyle was stać, duszki?	精靈的程度就到這裡而已嗎？	Siz ruhların yapabileceği hepsi bu mu?	C'est tout ce que vous pouvez faire ?
common_victory3_so	Whew, that was pretty rough!		ヒュー！　いまのはちょいと\nてこずったかな	Uf, ¡no estado nada fácil!	Фуф! Сейчас было сложновато!	Puh! Das war ganz schön knapp!	Fiuu, è stato piuttosto duro!	Whew, det var ganska svårt!	Ufa, essa foi ossada!	¡Fíu! Fue algo difícil.	Fiu, niełatwe to było!	呼！真不容易！	Whew, bu çok zordu!	Fiou, ce n'était pas facile !
common_victory4_so	Hey, those guys were no sweat!		あんなヤツラ楽勝だぜ！	Hey, ¡esos no se andaban con bromas!	Да их победить проще простого!	Hey, Bringt das nächste mal Verstärkung mit!	Ehi, quei tipi non erano affatto forti!	Hörru, dem där typerna var ingen match!	Ei, esses caras foram moleza!	¡Esos no se andaban con rodeos!	Hej, ci goście to bułka z masłem!	嘿，那些傢伙真不好惹！	Hey, bu adamlar hiç de fena değilmiş!	Hey, ces types tombent sans effort !
common_victory5_so	Hey, no problem.\nTrust me!		Ｎｏ　ｐｒｏｂｌｅｍ！　もんだいないて！	¡Ja! ¡Sin problema!\n¡Tú confía en mí!	Нет проблем!\nЯ сказал нет проблем!	Hey, kein Problem.\nVertrau mir!	Ehi, nessun problema.\nFidati di me!	Du, inga problem.\nLita på mig!	Ei, sem problema.\nConfie em mim!	¡Sin problemas!\nNo costó nada.	Hej, żaden problem.\nZaufaj mi!	嘿，別擔心！相信我吧！	Hey, sıkıntı yok.\nGüven bana!	Hey, pas de problème.\nFais-moi confiance !
common_victory_sh	Great job, Sonic!		すごいわソニック！	¡Bien hecho, Sonic!	Ты крутой, Соник!	Das war toll, Sonic!	Ottimo lavoro, Sonic.	Bra jobbat, Sonic!	Bom trabalho, Sonic!	¡Genial, Sonic!	Dobra robota, Sonic!	做得好，索尼克！	İyi iş, Sonic!	Bien joué, Sonic !
common_victory2_sh	Stay on guard, Sonic.\nThere are others to worry about.		油断しないで！\nマジンは他にもいるのよ	Estate atento, Sonic.\nSiempre hay algún otro al acecho.	Не расслабляйся!\nЕсть и другие злые духи!	Bleib wachsam, Sonic.\nDas war bloß ein Vorgeschmack.	In guardia Sonic.\nC'è ne sono altri di cui preoccuparsi.	Var på din vakt, Sonic.\nDet finns andra att oroa sig för!	Fique atento, Sonic. Ainda há outros\ncom quem se preocupar.	¡No bajes la guardia!\nAún hay majin ahí afuera.	Stój na straży, Sonic.\nTrzeba się zająć innymi.	別鬆懈了，索尼克！還有其他精靈得擔心呢。	Gardını indirme, Sonic!\nEndişelenecek başka şeyler de var.	Reste sur tes guardes, Sonic.\nIl y en a encore d'autres.
common_victory3_sh	Sonic, are you hurt?		ケガはないソニック？	Sonic, ¿estás bien?	Соник, ты не ранен?	Sonic, bist du verletzt?	Sonic, sei ferito?	Sonic, är du skadad?	Sonic, você se machucou?	¿Estás herido, Sonic?	Sonic, stała ci się krzywda?	索尼克，你受傷了嗎？	Sonic, incindin mi?	Sonic, tu es blessé ?
common_victory4_sh	Way to go, Sonic!		やるじゃないソニック！	¡Nada mal, Sonic!	Молодец, Соник!	Weiter so, Sonic!	Ben fatto, Sonic!	Så ska det se ut, Sonic!	É isso aí, Sonic!	No estuvo mal, Sonic.	Tak trzymać, Sonic!	做得好，索尼克！	Devam et, Sonic!	Pas mal, Sonic !
common_victory5_sh	Sonic, that one was pretty close!		ちょっと！　今のわあぶかったじゃないのソニック！	Sonic; ¡por los pelos!	Кошмар!\nСейчас было очень опасно, Соник!	Sonic, das war sehr knapp!	Sonic, per poco non ci prendeva!	Sonic, den där var ganska nära!	Sonic, essa foi por pouco!	Oye... ¿no crees que estuvo cerca, Sonic?	Sonic, było bardzo blisko!	索尼克，剛才真是好險！	Sonic, bu çok yakındı!	Sonic, ça n'est pas passé loin !
														
common_red_majin_sh	Watch out, the red spirits can breath fire.		赤いマジン炎を吐くから\n気をつけて！	Ten cuidado,\nlos espíritus rojos escupen fuego.	Красные злые духи извергают пламя.\nБудь осторожен!	Vorsicht! Die roten Geister\nspeien Feuer!	Attento, gli spiriti rossi possono sputare fuoco.	Akta dig, dem röda andarna kan andas eld.	Cuidado, os espíritos vermelhos cospem fogo.	Cuidado, los majin rojos\nlanzan fuego.	Uważaj, czerwone duchy potrafią ziać ogniem.	小心！那些紅色精靈會噴火！	Dikkat et, kırmızı ruhlar ateş üfleyebilir.	Attention, les esprits rouges crachent du feu.
common_enemy_pearl_sh	Sonic, you can get pearls\nby defeating those spirits!		マジンを倒すとパールが手に入るわよソニック	¡Sonic, puedes obtener perlas\nderrotando a espíritus!	Если одолеть злого духа,\nто получишь жемчужины, Соник!	Sonic, du erhältst Perlen,\nwenn du diese Geister besiegst!	Sonic, puoi ottenere perle\nsconfiggendo quegli spiriti!	Sonic, du kan få pärlor\ngenom att besegra dem där andarna!	Sonic, você pode coletar pérolas\nao derrotar esses espíritos	Derrota a los majin para\nobtener Perlas, Sonic.	Sonic, możesz zdobywać perły\npokonując te duchy!	索尼克，你可以從那些被打倒的精靈中獲得魂珠！	Sonic bu ruhları yenerek\ninciler alabilirsin!	Sonic, tu peux obtenir des perles\nen éliminant ces esprits !
common_enemy_lock_sh	You need to defeat the spirits, Sonic.			Tienes que derrotar a los espíritus, Sonic.	Сначала одолей злого духа, Соник!	Du musst diese Geister besiegen, Sonic.	Devi sconfiggere gli spiriti, Sonic.	Du måste besegra andarna, Sonic.	Você precisa derrotar os espíritos, Sonic.	Tenemos que vencer a esos majin, Sonic.	Musisz pokonać te duchy, Sonic.	你得打敗那些精靈。	Ruhları yenmen lazım, Sonic.	Tu dois vaincre ces esprits, Sonic.
common_enemy_lock2_sh	Defeat all the spirits first, Sonic.			Primero vence a todos los espíritus, Sonic.	Сначала одолей злых духов, Соник!	Besiege zuerst alle Geister, Sonic.	Prima sconfiggi tutti gli spiriti, Sonic.	Besegra alla andarna först, Sonic.	Derrote todos os espíritos primeiro, Sonic.	Venzamos primero a todos los majin, Sonic.	Najpierw pokonaj wszystkie duchy, Sonic.	索尼克，先把那些精靈打倒。	Önce tüm ruhları yen, Sonic.	Élimine d'abord tous ces esprits, Sonic.
														
common_hint_ring_sh	If you have at least one ring,\nyou can get hit without being hurt.		このリングが一個でもあれば\nダメージをうけてもミスにならないわよ	Siempre que te quede algún anillo,\npuedes recibir daños sin ser derrotado.	Если у тебя будет хотя бы одно кольцо,\nдаже получив урон, ты не проиграешь.	Wenn du mind. einen Ring hast,\nkönnen dir Treffer nichts anhaben.	Se hai almeno un anello,\npuoi essere colpito senza farti male.	Om du har minst en ring,\nså kan du bli träffad utan att ta skada.	Se você tiver ao menos 1 anel,\nvocê pode sofrer dano sem ser derrotado.	Mientras tengas uno de estos Anillos,\nsobrevivirás aunque te golpeen.	Jeśli masz przynajmniej jeden pierścień,\nnie stanie Ci się krzywda.	如果你至少有一個金環，就能被攻擊而不被打倒。	En azından bir yüzüğün varsa,\nyaralanmadan vurulabilirsin.	Si tu as au moins un ring,\ntu peux être touché sans te blesser.
common_hint_fire_soul_sh	This red ring is a Fire Soul.		この赤いリングはファイヤーソウルよ	Ese anillo rojo es un Alma Ígnea.	Это красное кольцо - Душа огня.	Bei diesem roten Ring handelt es\nsich um eine Feuerseele.	Questo anello rosso è una Anima Infuocata.	Den röda ringen är en Eldsjäl.	Este anel vermelho é uma Alma de Fogo.	Este anillo rojo es un Alma de fuego.	Ten czerwony pierścień to Ognista Dusza.	那個紅環叫做焰魂。	Bu kırmızı yüzük bir Ateş Ruhu.	Cet ring rouge est une Âme de Feu.
common_hint_treasure_sh	That is a Treasure Box.\nOpen it up and see what's inside!		アレは宝箱よ\n中身は開けてのお楽しみ！	¡Un Cofre del Tesoro!\n¡Ábrelo y mira que hay dentro!	Это сундук с сокровищами!\nИнтересно, что же там внутри!	Eine Schatztruhe! Mach sie auf,\num zu sehen, was drin ist!	Quella è una Cassa del Tesoro.\nAprila per vedere cosa c'è dentro!	Det där är en Skattlåda.\nÖppna den och se vad som finns inutti!	Isso é um Baú do Tesouro!\nAbra-o e veja o que tem dentro!	¡Es un cofre del tesoro!\n¡Lo que hay es una sorpresa, así que ábrelo!	Tam jest skrzynia skarbów.\nOtwórz ją i zobacz, co jest w środku!	這是一個藏寶箱，打開來看裡面有什麼吧！	Bu bir Hazine Sandığı.\nAç ve içinde ne olduğunu gör!	C'est un Coffre au Trésor !\nOuvre-le et regarde dedans !
common_hint_thorn_spring_sh	You can use your Homing Attack\non the balls that don't have spikes.		あの鉄球　トゲのないほうは\nホーミングアタックできそうよ	Puedes usar tu Ataque Teledirigido\nen las bolas sin pinchos.	Сделай Самонаводящуюся атаку\nпо тем железным шарам без шипов.	Benutze deine Homing Attack\nauf den Bällen, die keine Stacheln haben.	Puoi usare il tuo Attacco a Ricerca\nnelle palle senza spine.	Du kan använda din Homingattack\npå bollarna som inte har spikar.	Você pode usar seu Ataque Direcionado\nnas esferas sem espinhos.	Puedes usar tu Ataque teledirigido\nen esas bolas de hierro sin picos.	Możesz użyć Ataku Naprowadzającego\nna kulach, które nie mają kolców.	你可以對沒有尖刺的鐵球使用追蹤攻擊。	Dikeni olmayan toplara\nGüdümlü Saldırı kullanabilirsin.	Tu peux utiliser l'Attaque Téléguidée\nsur les balles qui n'ont pas de pointes.
common_hint_pot_sh	Press [button_action] to fly upwards.		アクションボータンを押すと羽ばたいて\n上に飛べるわよ	Pulsa [button_action] para ascender.	Если нажать кнопку действия, то кувшин\nначнёт махать крыльями и взлетит.	Drücke den Action-Knopf, um hochzufliegen.	Premi [button_action] per volare in su.	Tryck på Handlingsknappen för att flyga uppåt. 	Pressione [button_action] para levantar voo.	Presiona [button_action] para batir las alas y subir.	Aby wznieść się w górę,\nwciśnij [button_action].	按下動作鍵讓陶壺往上飛。	Yukarı doğru uçmak için [button_action] tuşuna bas.	Appuie sur [button_action] pour voler.
common_hint_pot_exit_sh	Press [button_jump] to get off of the Flying Pot.		壺から出るときはジャンプボタンね	Pulsa [button_jump] para salir del jarrón.	Чтобы вылезти из кувшина, нажмите кнопку прыжка.	Drücke den Sprung-Knopf, um\naus dem Topf herauszuspringen.	Premi [button_jump] per uscire dal Vaso Volante.	Tryck på Hoppknappen för att gå av den Flygande Krukan.	Pressione [button_jump] para sair do Jarro Voador.	Presiona [button_jump] para salir del jarrón volador.	Naciśnij [button_jump],\naby wyjść z Latającej Wazy.	按下跳躍鍵來跳出飛天陶壺。	Uçan Kazan'dan inmek için Zıplama Düğmesine bas.	Appuie sur [button_jump]\npour sortir du Pot Volant.
common_hint_pot_tilt_sh	You can tilt left and right\nto move when flying.		飛んでる間は\n左右に移動もできるわよ	Puedes inclinarte a los\nlados mientras vuelas.	Во время полёта наклоняйте левый стик,\nчтобы перемещаться вправо и влево.	Neige dich links und rechts,\num dich beim Fliegen zu bewegen.	Puoi inclinarti a sinistra e destra\nper muoverti mentre voli.	Du kan luta vänster och höger\nför att förflytta dig när du flyger.	Você pode ir para a esquerda e direita enquanto voa.	También puedes moverte a la\nizquierda o derecha mientras vuelas.	Przechyl się na lewo lub prawo,\naby poruszyć się podczas latania.	你可以在飛翔時左右傾斜移動。	Uçarken hareket etmek için\nsola ve sağa eğilebilirsin.	Incline à droite ou à gauche\npour te diriger en vol.
common_hint_catapult3_sh	This catapult looks like it works\nat a different angle than the last.		さっきのカタパルト　傾ける角度で\nズイブン飛距離が違うみたいね	Esta catapulta parece funcionar con\nun ángulo diferente a la anterior.	В зависимости от угла наклона катапульты\nможно улететь на разное расстояние.	Dieses Katapult arbeitet in einem\nanderen Winkel als das letzte.	Questa catapulta sembra che funzioni\n a un angolo diverso rispetto all'ultima.	Den här katapulten ser ut att funka\ni en annan vinkel än den andra.	Parece que essa catapulta funciona\ncom um ângulo diferente da anterior.	Parece que la distancia a la que te mandará\nesta catapulta depende del ángulo que le des.	Wygląda na to, że ta katapulta działa\npod innym kątem niż poprzednia.	剛才的投石機，飛行距離似乎會根據傾斜角度而改變。	Bu mancınık, bir öncekinden farklı bir açıyla çalışıyor gibi görünüyor.	On dirait que cette catapulte\na un angle différent de la précédente.
common_hint_jump_carpet_sh	If you do a Homing Attack while flying\nhigh up on the carpet,		高く跳ね上がったときに\nホーミングアタックすると	Si realizas un Ataque Teledirigido\nmientras vuelas en la alfombra,	Если сделать Самонаводящуюся атаку,\nкогда ковёр поднялся высоко,	Falls du eine Homing Attack benutzt,\nwährend du auf dem Teppich fliegst,	Se fai un Attacco a Ricerca mentre voli\nsopra un tappeto,	Om du gör en Homingattack när du flyger\n högt upp på mattan,	Se você realizar um Ataque Direcionado\nenquanto estiver no tapete,	Si usas el Ataque teledirigido mientras vas volando,	Jeśli wykonasz Atak Naprowadzający,\nlecąc wysoko na dywanie,	如果你在高空中對飛毯使出追蹤攻擊，	Halının üzerinde yüksekte uçarken bir Güdümlü Saldırı yaparsan,	Si tu fais une Attaque Téléguidée\n en hauteur sur le tapis,
common_hint_jump_carpet2_sh	You can make it go even higher.		さらに高く跳ね上がっていくみたいよ\nこの絨毯	Podrás llevarla aún más alto.	он поднимется ещё выше!	kannst du noch höher fliegen.	Puoi mandarlo ancora più in alto.	Så kan du göra att den går ännu högre.	Você poderá ir ainda mais alto.	harás que la alfombra vuele aún más alto.	Możesz wznieść się jeszcze wyżej.	就能讓你跳得更高。	Daha da yükseğe çıkarabilirsin.	Tu peux le faire aller encore plus haut.
common_hint_majin_stone_sh	This stone is full of genie magic.		これはマジンの魔法が掛かった石よ	Esta piedra está llena de\nmagia espiritual.	Это камень, заколдованный злым духом.	Dieser Stein ist voller Geistermagie.	Questa pietra è piena di magia di genio.	Den här stenen är full av andmagi.	Esta pedra está cheia\nde magia espiritual.	Esta piedra está encantada\npor magia de los majin.	Ten kamień jest przepełniony magią dżina.	這顆石頭充滿著精靈的魔法。	Bu taş tamamen Cin Sihriyle dolu.	Cette pierre est pleine de magie de génie.
common_hint_spikes_sh	Watch out for those spikes, Sonic!		トゲに気をつけてねソニック！	¡Atento a esos pinchos, Sonic!	Соник, будь осторожен, там шипы!	Sonic, pass auf diese Stacheln auf!	Sta attento a quelle spine, Sonic!	Akta dig för dem där spikarna, Sonic!	Cuidado com os espinhos, Sonic!	¡Cuidado con las púas, Sonic!	Uważaj na te kolce, Sonic!	索尼克小心那些尖刺！	Dikenlere dikkat et, Sonic!	Attention à ces pointes, Sonic !
common_hint_flames_sh	Sonic, watch out for the flames!		ホノオに気をつけてねソニック！	¡Sonic, cuidado con las llamas!	Соник, будь осторожен, там пламя!	Pass auf die Flammen auf, Sonic!	Sonic, sta attento a quelle fiamme!	Sonic, akta dig för eldflammorna!	Sonic, cuidado com as chamas!	¡Cuidado con las llamas, Sonic!	Sonic, uważaj na płomienie!	索尼克小心那些火焰！	Sonic, ateşlere dikkat et!	Sonic, fais attention aux flammes !
common_hint_spikeball_sh	Watch out for the balls with spikes on them, Sonic!		あのトゲ鉄球に気をつけてソニック！	¡Estate atento a las bolas con pinchos, Sonic!	Соник, будь осторожен!\nТам железные шары с шипами!	Vorsicht vor diesen Stachelbällen, Sonic!	Sta attento alle palle chiodate, Sonic!	Akta dig för bollarna med spikar, Sonic!	Cuidado com as esferas com espinhos, Sonic!	¡Cuidado con las bolas de hierro con picos, Sonic!	Uważaj na kule z kolcami, Sonic!	索尼克小心那些尖刺鐵球！	Dikenli toplara dikkat et, Sonic!	Fais attention aux balles avec des pointes, Sonic !
common_hint_ball_spin_sh	Is there a way to keep these\nfrom spinning so fast?		もっと鉄球の回転が\nゆっくりにならないかしら	¿Habrá alguna forma de ralentizar\nsu rotación?	Нельзя ли сделать так, чтобы\nжелезные шары вращались помедленнее?	Könnten wir das Ding vielleicht\nirgendwie verlangsamen?	C'è un modo per farle\nsmettere di girare così velocemente?	Finns det något sätt att förhindra dem här\nfrån att snurra så snabbt?	Será que há um jeito\npra fazer girar mais lento?	¿Será posible hacer que gire\nmás lento la bola de hierro?	Jest jakiś sposób, żeby przestały się\ntak szybko kręcić?	有辦法讓這些鐵球不要轉得這麼快嗎？	Bunların bu kadar hızlı dönmesini\nengellemenin bir yolu var mı?	Peut-on les empêcher\nde tourner si rapidement ?
common_hint_ball_spin_so	This would be easier if these\nwere spinning around more slowly.		もうちょっと回転がゆっくりなら\n楽勝なんだかな	Esto sería más fácil si\ngirasen más lento.	Вращались бы они помедленнее,\nя бы легко с ними разобрался.	Das wäre einfacher, wenn es sich langsamer drehen würden.	Sarebbe più semplice se\ngirassero lentamente.	Det här vore lättare om dem här\nsnurrade långsammare.	Isso seria mais fácil se\nestivessem girando mais lentamente.	Si girara un poco más lento,\nsería pan comido.	Byłoby łatwiej, gdyby\nwolniej się kręciły.	這些東西轉得慢一些的話，事情就簡單多了。	Eğer bunlar daha yavaş dönüyor\nolsaydı bu daha kolay olurdu.	Ce serait plus facile\ns'ils tournaient plus lentement.
														
														
														
														
														
common_hint_murmur_sh	(Murmur...\nHey Sonic, listen to this.)		（ヒソヒソ…\nねぇねぇソニック、ちょっと耳をかして）	(Murmuro...\nEh, Sonic, escúchame un segundo.)	(шёпотом...\nСоник, послушай меня)	(Psst...\nHey Sonic, hör mal zu.)	(Mormorio...\nEhi Sonic, ascolta.)	(Murmur...\n Hörru Sonic, lystna på det här.)	(Murmuro...\nEi Sonic, escute isso.)	(*susurro*... Oye, Sonic,\npréstame atención un momento).	(Szmer...\nHej Sonic, słuchaj tego).	（悄悄地…\n欸欸索尼克，聽我說一下。）	(Hırıltı....\nHey Sonic, şunu dinle.)	(Murmure...\nHey Sonic, écoute.)
common_hint_uhu_sh	(This orb of light is the Wind Genie\nUhu, known for his speed.)		（この光の球が、\n最速と名高い\n風マジン「ウーフー」ね…）	(Este orbe de luz es el Genio del Viento,\nUhu, conocido por su velocidad.)	(Этот шар света - дух ветра Уху,\nкоторый знаменит высокой скоростью.)	(Diese Lichtkugel ist der Windgeist Uhu,\nbekannt für sein Tempo.)	(Questa sfera di luce, è il Genio del Vento\nUhu, conosciuto per la sua velocità.)	(Den här kulan av ljus är Vind Anden\nUhu, som är känd för sin hastighet.)	(Este orbe de luz é o Gênio do Vento,\nUhu, conhecido por sua velocidade.)	(Esta bola de luz es el veloz y\nfamoso majin del viento, Uhu...)	(Ta kula światła, to Dżin Wiatru Uhu,\nznany ze swojej prędkości.)	（那顆光球啊，是號稱速度最快的風之精靈「烏福」。）	(Bu ışık küresi, hızıyla bilinen\nRüzgar Cini Uhu'dur.)	(Cette orbe de lumière, c'est le Génie du Vent\nUhu, connu pour sa vitesse.)
														
														
														
warning_nomods	NO MODS INSTALLED		MODはインストールされていません	NO HAY NINGÚN MOD INSTALADO	МОДЫ НЕ УСТАНОВЛЕНЫ	KEINE MODS INSTALLIERT	NESSUNA MOD INSTALLATA	INGA MODS ÄR INSTALLERADE	NENHUM MOD INSTALADO	NO HAY MODS INSTALADOS	BRAK ZAINSTALOWANYCH MODYFIKACJI	沒有安裝模組	HİÇBİR MOD YÜKLENMEDİ	Aucun mod installé
warning_nomods_description	No level mods are installed.		レベルMODはインストールされていません。	No hay ningún mod de nivel instalado.	Моды уровней не установлены.	Keine Level-Mods sind installiert.	Nessuna mod per i livelli è installata.	Inga banmods är installerade.	Não há mods de fases instalados.	No hay mods de niveles instalados	Nie zainstalowano modyfikacji etapów.	沒有安裝關卡模組。	Herhangi bir seviye modu yüklü değil.	Aucun mod de niveau n'est installé.
														
														
world_mods	Mods			Mods	Моды	Mods	Mod	Mods	Mods	Mods	Modyfikacje	模組	Modlar	Mods
world_mods_description	Play modded levels			Jugar a niveles de mods	Играйте в моды уровней	Spiele modifizierte Levels	Gioca Livelli Moddati	Spela moddade banor	Jogue fases de mods	Jugar niveles añadidos por mods	Zagraj w zmodyfikowane etapy	遊玩模組關卡	Modlanmış seviyeleri oyna	Jouer à des niveaux moddés
lost_prologue	Lost Prologue		ロスト　プロローグ	Prólogo Perdido	Потерянный пролог	Lost Prologue	Prologo Perduto	Förlorad Prolog	Lost Prologue	Prólogo perdido	Zaginiony Prolog	失落序章	Kayıp Giriş	Lost Prologue
lost_prologue_description	The beginning of the end.		失われいく序章。	El comienzo del fin.	Исчезающее предисловие.	Der Anfang vom Ende.	L'inizio della fine.	Starten av slutet.	O início do fim.	El prólogo que se desvanece.	Początek końca.	終焉之始。	Sonun Başlangıcı.	Le début de la fin.
lp_strafe_sh	Press left or right\nto change direction.		左右に押すと\n左右移動できるわよ	Presiona izquierda o derecha\npara moverte hacia los lados.	Нажимая левый стик вправо и влево,\nвы сможете передвигаться в стороны!	Drücke links und rechts,\num dich in diese Richtungen zu bewegen.	Premi a sinistra o a destra\nper cambiare direzione.	Tryck på vänster eller höger\nför att byta riktning.	Pressione para a esquerda ou para a direita para mudar de direção.	Inclina a la izquierda o derecha\npara ir en dicha dirección.	Wciśnij lewy lub prawy aby zmienić kierunek.	按下左或右來改變方向。	Yön değiştirmek için\nsola veya sağa bas.	 Appuyez à gauche ou à droite\npour changer de direction 
lp_jump_sh	Press [button_jump] to jump!		 [button_jump] を押すと　ジャンプよ！	¡Presiona [button_jump] para saltar!	Нажмите кнопку прыжка, чтобы прыгнуть!	Drücke [button_jump], um zu springen!	Premi [button_jump] per saltare!	Tryck på [button_jump] för att hoppa!	Aperte [button_jump] para pular!	Presiona [button_jump] para saltar.	Wciśnij [button_jump] aby skoczyć!	按下 [button_jump] 進行跳躍！	Zıplamak için\n[button_jump]'a bas.	Appuyez sur [button_jump] pour sauter!
lp_full_jump_sh	Hold [button_jump] down\nand you can jump higher!		 [button_jump] を長く押すほど\n高くジャンプできるわよ	¡Mantén pulsado [button_jump]\ny saltarás más alto!	Зажмите и отпустите кнопку прыжка,\nчтобы подпрыгнуть выше!	Halte [button_jump] gedrückt, um höher zu springen!	Tieni premuto [button_jump] per più tempo e potrai saltare più in alto!	Håll ner [button_jump] \noch du kan hoppa högre!	Segure [button_jump] para pular mais alto!	¡Mantén presionado [button_jump] para saltar más alto!	Przytrzymaj [button_jump] aby skoczyć wyżej!	按住 [button_jump] ，\n你就可以跳得更高！	[button_jump] tuşunu basılı tutarak daha yükseğe zıplayabilirsin!	Maintenez [button_jump] enfoncé\net vous pourrez sauter plus haut !
lp_lockon_sh	You can do a Homing Attack while jumping\nwhen the lock-on mark appears.		ジャンプ中　ロックオンマークがでたら\nホーミングアタックできる合図よ	Puedes realizar un Ataque Teledirigido en el aire cuando aparezca la retícula.	Если во время прыжка появится прицел,\nвы сможете применить Самонаводящуюся атаку.	Wenn das Visier erscheint, kannst du eine\nHoming Attack während eines Sprungs machen.	Puoi fare un Attacco a Ricerca mentre stai saltando\n una volta che appare l'Indicatore d'Aggancio. 	Du kan utföra en Homing Attack medan du hoppar\nnär låsmärket visas.	Você pode realizar um Ataque Direcionado enquanto pula\nquando a mira aparecer.	¡Puedes hacer un Ataque teledirigido al saltar\ncuando la retícula aparezca!	Możesz wykonać Atak Naprowadzający\npodczas skoku jak pokaże się celownik.	跳躍途中出現準星時，你可以使用追蹤攻擊。	Odaklanabilir işaret çıktığı zaman\nzıplarken Güdümlü Saldırı yapabilirsin.	Vous pouvez effectuer une Attaque téléguidée en sautant\nlorsque le marqueur de verrouillage apparaît.
lp_lockon2_sh	When the lock-on mark changes\nfrom green to red, press [button_attack] quickly.		ロックオンマークが緑から赤に\n変わったら [button_attack] を押してね	Cuando las marcas verdes cambien\na la retícula roja, presiona [button attack].	Когда цвет прицела изменится с зелёного\nна красный, нажмите кнопку атаки.	Drücke [button_attack] sobald sich\ndas Visier von grün zu rot ändert.	Quando l'Indicatore d'Aggancio cambia\nda verde a rosso, Premi [button_attack].	När låsmarkeringen ändras\nfrån grönt till rött, Tryck på [button_attack].	Aperte [button_attack] quando a mira mudar de verde para vermelho.	Presiona [button_attack] cuando la retícula\ncambie de verde a rojo.	Kiedy celownik zmieni się z\nzielonego na czerwony, Wciśnij [button_jump].	當準星從綠色變為紅色時，\n按下 [button_attack] 。	Odaklanabilir işaret yeşilden kırmızıya\ndöndüğü zaman [button_jump]  bas.	Lorsque le marqueur de verrouillage passe\ndu vert au rouge, appuyez rapidement sur [button_attack].
lp_brake_sh	Press [button_brake] to brake!		 [button_brake] ボタンを押すとブレーキだよ！	¡Presiona [button_brake] para frenar!	Нажмите кнопку действия, чтобы затормозить!	Drücke [button_brake], um zu bremsen!	Premi [button_brake] per frenare!	Tryck på [button_brake] för att bromsa!	Aperte [button_brake] para frear!	¡Presiona [button_brake] para frenar!	Wciśnij [button_brake], aby zahamować!	按下 [button_brake] 停住移動！	Fren yapmak için [button_brake] düğmesine bas!	Appuyez sur [button_brake] pour freiner !
lp_backstep_sh	Hold back to back up.		後ろに押すと後ろに移動できるわ	Mantén presionado atrás\npara retroceder.	Наклоните левый стик на себя и держите,\nчтобы двигаться назад.	Halte nach hinten, um rückwärts zu gehen.	Tieni premuto indietro per andare indietro.	Håll bakåt för att backa.	Segure para trás para recuar.	Mantén la palanca atrás para retroceder.	Idż do tyłu, aby się wycofać.	按住後方就能往後方倒退。	Geriye doğru basılı tutarak geri sar.	Maintenez arrière pour reculer.
lp_grind_sh	You can grind on places that\nhave squared edges.		四角い角のある場所にのると\nグラインドできることがあるわ	Puedes deslizarte sobre raíles.	Запрыгните на рельсы,\nчтобы скользить по ним.	An Stellen mit quadratischen Kanten kann man grinden.	Puoi grindare sui posti\n che hanno i bordi squadrati.	Du kan glida på ställen som\nhar fyrkantiga kanter.	Você pode deslizar em trilhos\ncom pontas quadradas.	¡Puedes deslizarte en superficies con bordes cuadrados!	Możesz szynować na miejscach,\nktóre mają kanciaste brzegi.	你可以在有方形邊緣的地方進行滑軌。	Kare kenarlı yerlerde\ntaşlama yapabilirsiniz.	Vous pouvez glisser sur\nles endroits avec des angles droits.
lp_jumpdash_sh	While Jumping, press [button_attack] to perform a Jump Dash.		ジャンプ中に [button_attack] 押すと\nジャンプダッシュよ	En el aire, pulsa [button_attack] para realizar un Acelerón Aéreo.	Во время прыжка нажмите кнопку атаки,\nчтобы выполнить рывок в воздухе!	Drücke [button_attack] während eines Sprungs erneut,\num einen Jump Dash auszuführen.	Mentre Salti, premi [button_attack] per fare un Salto a Scatto.	Medan du hoppar, tryck på [button_attack] för att utföra en Hopprusning.	Enquanto estiver pulando, aperte [button_attack] para realizar uma Investida.	¡Durante el salto, presiona [button_attack]\npara hacer un Arranque en salto!	Podczas Skoku, wciśnij [button_attack] aby wykonać Skok Pędowy.	跳躍時，按下 [button_attack] 使用跳躍衝刺。	Bir Zıpplama Atılması yapmak için için zıplarken [button_attack]'a bas.	En sautant, appuyez sur [button_attack] pour effectuer un dash aérien.
lp_enemychain_sh	(Defeating multiple enemies\nwill start an Enemy Chain.)		「敵を早く倒すと\n敵チェーンが始まるよ」	(Derrotar a múltiples enemigos\ninicia una Cadena de Enemigos.)	Быстро уничтожьте нескольких врагов,\nчтобы запустить цепочку атак.	(Besiege mehrere Gegner auf einmal,\num eine Gegner-Combo zu starten.)	(Sconfiggere più nemici darà il via a\nuna Catena di Nemici.)	Besegra flera fiender snabbt\nför att starta en Fiendekedja.	Derrote vários inimigos sem pisar no chão para iniciar uma Sequência de Inimigos.	Vence a varios enemigos sin tocar el suelo para iniciar\nuna Cadena de enemigos.	Szybko pokonaj kilku przeciwników,\naby odpalić Łańcuch Przeciwników.	快速打倒數個敵人以開始攻擊連鎖。	Bir Düşman Zinciri başlatmak için\nhızlıca bir sürü düşman yen.	(Vaincre plusieurs ennemis\ndéclenchera une Chaîne d'Ennemis.)
lp_enemychain2_sh	(Your chain will reset after\nlanding on the ground.)		「地面に着地すると、\nチェーンがリセットするわ」	(La cadena se reinicia\nsi tocas el suelo.)	После приземления, цепь автоматически сбросится.	Die Combo stoppt sobald du den Boden berührst.	La tua Catena si azzererà appena atterri sul pavimento.	Din kedja återställs efter att du landat på marken.	Sua sequência reinicia após pisar no chão.	Tu cadena se reiniciará al tocar el suelo.	Twój łańcuch wyłączy się po wylądowaniu na ziemie.	攻擊連鎖會在著地時重置。	Yere indikten sonra zincir başa döner.	(Votre chaîne se réinitialisera\naprès l'atterrissage.)
lp_ring_chain_sh	(Collect Rings to start a Ring Chain.)		「リングを集めると\nリングチェーンが始まるよ」	(Recoge anillos para iniciar\nuna Cadena de Anillos.)	Собирайте кольца, чтобы начать цепочку из колец.	Sammle schnell Ringe, um eine Ringkette zu starten.	(Colleziona Anelli per dare il via a una Catena di Anelli.)	Samla ringar för att starta en Ringkedja.	Pegue anéis em sequência para iniciar uma Sequência de Anéis.	Junta Anillos en sucesión rápida\npara iniciar una Cadena de Anillos.	Zbieraj Pierścienie, aby odpalić Łańcuch Pierścieni.	收集金環以開始金環連鎖。	Bi Yüzük Zinciri başlatmak için Yüzükler topla.	(Ramassez des Anneaux pour\ndémarrer une Chaîne d'Anneaux.)
lp_ring_chain2_sh	(After a Ring Chain ends,\nyou will get a score bonus based on its length.)		「チェイン終わり時に\nリングボーナスできるわ」	(Cuando se termine la Cadena, recibirás\nuna bonificación de puntos basada en su longitud.)	После завершения цепи колец вы получите\nбонусные очки, размер которых зависит от её длины.	Je nachdem wie viele du gesammelt hast,\nwirst du mit Punkten für die Ringkette belohnt.	(Dopo che finisce una Catena di Anelli,\nriceverai un bonus che è determinato dalla sua lunghezza.)	När en Ringkedja tar slut\nfår du en poängbonus baserat på dess längd.	Após a Sequência de Anéis acabar, você ganhará\num bônus de pontuação baseado no tamanho da sequência.	Al terminar una Cadena de Anillos,\nobtendrás puntos dependiendo de su duración.	Kiedy Łańcuch Pierścieni się skończy,\ndostaniesz bonusowe punkty na podstawie jego długości.	當金環連鎖停止時，\n會依據連鎖持續時間長短給予分數獎勵。	Yüzük zinciri sona erdiğinde, uzunluğuna\nbağlı olarak puan bonusu alacaksın.	(Une fois la Chaîne d'Anneaux terminée,\nvous recevrez un bonus de score en fonction de sa longueur.)
lp_adv_grind_sh	(Press [button_action] when Grinding\nto maintain your speed.)		「グラインディング中に [button_action] を押して\nスピードを保るよ」	(Presiona [button_action] en un raíl\npara mantener tu velocidad.)	Нажимайте кнопку действия во время скольжения\nпо рельсам, чтобы поддерживать скорость.	Drücke [button_action] während Grinding,\num deine Geschwindigkeit zu behalten.	Premi [button_action] mentre stai Grindando per mantenere la tua velocità.	Tryck på [button_action] när du Glider för att bibehålla din hastighet.	Aperte [button_action] enquanto estiver deslizando para manter sua velocidade.	Presiona [button_action] al deslizarte\npara mantener tu velocidad.	Wciśnij [button_action] podczas Szynowania,\naby utrzymać swoją prędkość.	在滑軌時，按下 [button_action] 以維持你的速度。	Öğütme işlemi sırasında hızınızı korumak için [button_action] düğmesine bas.	(Appuyez sur [button_action] pendant que vous glissez\nsur les rails pour maintenir votre vitesse.)
lp_adv_grind2_sh	(Hold [button_action] before releasing\nand you can go even faster.)		「 [button_action] を長く押すと\nさらにスピードを上がってできるわ」	(Manten pulsado [button_action] durante\nmás tiempo e irás más rápido.)	Удерживайте кнопку действия перед тем,\nкак отпустить, и вы сможете скользить ещё быстрее.	Halte [button_action] etwas länger gedrückt bevor du loslässt,\num dich noch schneller zu bewegen.	Tieni premuto [button_action] prima di rilasciare\ne potrai andare ancora più veloce.	Håll [button_action] nedtryckt innan du släpper knappen så kan du gå ännu snabbare.	Segure [button_action] antes de solta-lo e você ganhará mais velocidade.	Mantén [button_action] antes de soltarlo\ny podrás ir más rápido.	Trzymaj [button_action] przed puszczeniem,\naby nabrać więcej prędkości.	按住 [button_action] 直到放開前，你可以走得更快。	[button_action] tuşunu basılı tutarak bıraktığınızda daha da hızlı gidebilirsin.	(Maintenez [button_action] enfoncé avant\nde relâcher pour aller encore plus vite.)
lp_adv_grindstep_sh	(Press [button_jump] while holding left or right\nto do a Grind Step.)		「左右を押すときに [button_jump] を押すと\nグラインドステップよ」	(Presiona [button_jump] mientras te inclinas a un lado\npara realizar un Salto entre Raíles en esa dirección.)	Нажмите кнопку прыжка, удерживая левый стик\nвправо или влево, чтобы выполнить перескок на рельсу.	Drücke [button_jump] während man\nlinks oder rechts hält, um einen Grind Step auszuführen.	Premi [button_action] mentre tieni premuto verso sinistra o destra per fare un Passo sulla Ringhiera.	Tryck på [button_jump] medan du håller vänster eller höger för att utföra ett Glidsteg.	Aperte [button_jump] enquanto se move para esquerda ou direita para fazer um Deslocamento em Trilho.	Presiona [button_jump] mientras inclinas\na la izquierda o derecha para cambiar de riel.	Wciśnij [button_jump] podczas przechylania się\nna lewo lub prawo, aby wykonać Krok Szynowy.	按住左或右時，按下 [button_action] 就能換軌。	Öğütme Adımı yapmak için sol veya sağ tuşu basılı tutarken [button_jump] tuşuna bas.	(Appuyez sur [button_jump] tout en maintenant gauche ou droite\npour effectuer un Grind Step.)
lp_adv_grindstep2_sh	(Press [button_action] during a Grind Step\nto land onto a nearby rail.)		「グラインドステップ中に[button_attack]を押すと\n近くのレールに着地するできるわ」	(Presiona [button_action] durante un Salto entre Raíles\npara aterrizar en un raíl próximo.)	Нажмите кнопку действия во время перескока\nна рельсу, чтобы приземлиться на ближайший рельс.	Drücke [button_action], um nach einem Grind Step\nauf einem anderen Gleis in der Nähe zu landen.	Premi [button_action] durante un Passo sulla Ringhiera per atterrare su una ringhiera vicina.	Tryck på [button_action] under ett Glidsteg för att landa på ett närliggande räcke.	Aperte [button_action] durante o Deslocamento em Trilho para aterrissar em um trilho abaixo de você.	Al cambiar de riel, presiona [button_action]\njusto encima del riel para aterrizar en él.	Wciśnij [button_action] podczas Kroku Szynowego\naby wylądować na kolejną szynę.	在換軌時按下 [button_action] ，就能降落在鄰近的軌道上。	Öğütme Adımı sırasında [button_action] tuşuna basarak yakındaki bir rayın üzerine inebilirsin.	(Appuyez sur [button_action] pendant un Grind Step\npour atterrir sur un rail à proximité.)
lp_adv_grindstep3_sh	(You will get a score bonus\nif you perform a Grind Step successfully.)		グラインドステップが成功すると\nステップボーナスできるわ	(Si realizas un Salto entre Raíles con éxito,\nrecibirás una bonificación de puntos.)	Вы получите бонусные очки, если успешно\nвыполните перескок на рельсу.	Du wirst mit vielen Punkten belohnt,\nwenn du den Grind Step erfolgreich anwendest.	Avrai un punteggio bonus se fai un Passo sulla Ringhiera con successo.	Du får en poängbonus om du lyckas utföra ett Glidsteg	Você ganhará um bônus de pontuação se realizar um Deslocamento em Trilho corretamente.	Obtendrás puntos extra si cambias de riel exitosamente.	Dostaniesz bonusowe punkty za poprawnie wykonany Krok Szynowy.	成功進行換軌就能獲得獎勵分數。	Bir "Öğütme Adımı"nı başarıyla tamamlarsanız puan bonusu kazanacaksın. 	(Vous obtiendrez un bonus de score\nsi vous réussissez un Grind Step.)
lp_adv_accel_jump_sh	Quickly press and release [button_jump]\nto do an Small Jump.		 [button_jump] を軽く押すと\n小ジャンプよ	(Pulsa [button_jump] brevemente para realizar un Brinco.)	Нажмите и сразу отпустите кнопку прыжка,\nчтобы сделать короткий прыжок.	Halte vorwärts und drücke [button_jump] kurz,\num einen Beschleunigungssprung zu machen.	Premi [button_jump] mentre ti muovi in avanti\nper fare un Salto Piccolo. 	Håll framåt och tryck på [button_jump]\nför att göra ett Accelerationshopp.	Aperte e solte [button_jump] rapidamente\npara realizar um Pulo Curto.	¡Presiona ligeramente y suelta [button_jump]\npara dar un brinquito!	Podczas chodzenia do przodu wciśnij [button_jump]\naby wykonać Skok Akceleracyjny.	按住前方並輕按 [button_jump] ，\n便能使用短跳。	İleriye doğru basılı tut ve Hızlanma Zıplaması \nyapmak için [button_jump] düğmesine dokun.	Appuyez brièvement sur [button_jump]\npour effectuer un petit saut.
lp_adv_accel_jump2_sh	(A Short Jump can quickly\nbring you to top speed.)		「小ジャンプはさっそく高速ができるわ」	(Un brinco puede ayudarte a acelerar\nmás rápido desde cero.)	Если сделаете короткий прыжок,\nто ваша скорость резко возрастёт.	Ein Beschleunigungssprung bringt dich\nsehr schnell auf deine Höchstgeschwindigkeit.	(Un Salto Corto può velocemente portarti alla tua velocità massima.)	Ett Accelerationshopp kan snabbt ta dig upp till toppfart.	Um Pulo Curto fará você ganhar velocidade máxima rapidamente.	¡Los brinquitos pueden ayudarte a llegar rápido a tu velocidad máxima!	Skok Akceleracyjny może szybko przywrócić Cię do maksymalnej prędkości.	使用短跳就可以快速地達到最高速度。	Hızlanma atlayışı seni hızla en yüksek hıza ulaştırabilir.	(Un saut court peut rapidement\nvous propulser à vitesse maximale.)
lp_pearls_sh	Collecting Pearls will fill up your Soul Gauge.		パールをとると　ソウルゲージがたまっていくわ	Recoger Perlas llena tu Barra de Almas.	Когда собираете жемчужины,\nнакапливается шкала души.	Sammle Peerlen, um deine Soul Gauge aufzufüllen.	Collezzionare Perle ti riempirà la Barra dell'Anima.	Att samla Pärlor kommer att fylla din själsmätare.	Coletar Pérolas encherá a sua Barra Espiritual.	Recoger Perlas llenará gradualmente tu\nMedidor de almas.	Zbieranie Pereł zapełni twój Pasek Dusz.	收集魂珠會累積魂力量表。	İnci toplamak ruh göstergeni dolduracaktır.	Ramasser des Perles remplira\nvotre jauge d'âme.
lp_speedbreak_desc_sh	You can run ultra fast\nwhen performing a Speed Break.		スピードブレイク中は\n超高速で走ることができるわ	Puedes correr a velocidades vertiginosas\nmientras realizas un Impulso.	Во время ускорения вы побежите\nна супервысокой скорости.	Du kannst ultraschnell rennen, wenn du einen Speed Break ausführst.	Puoi correre super veloce\nmentre attivi una Rottura della Velocità.	Du kan springa ultrasnabbt\nnär du gör en Fartbrytning.	Você pode correr muito rápido ao realizar um Impulso Veloz.	Con el Speed Break puedes alcanzar\nvelocidades muy altas.	Możesz biec mega szybko podczas wykonywania Zrywu Pędu.	使用速度突破就能以超快速度衝刺。	Hız kesme hareketi yaptığında\nultra hızlı koşabilirsiniz.	Vous pouvez courir à toute vitesse\nlorsque vous effectuez une acceleration.
lp_speedbreak_input_sh	When your Soul Gauge has power,\npress [button_speedbreak] and hold to do a Speed Break.		ソウルゲージが溜まってときに\n [button_speedbreak] を押すとスピードブレイクよ	Cuando tu Barra de Almas esté suficientemente\nllena, pulsa y mantén [button_speedbreak] para realizar un Impulso.	Если нажать кнопку ускорения, когда шкала души\nнаполнится, то активируется ускорение.	Sobald deine Soul Gauge Kraft erlangt,\nkannst du Speed Break mit [button_speedbreak] aktivieren.	Quando la tua Barra dell'Anima ha abbastanza potenza,\mpremi [button_speedbreak] per attivare la Rottura della Velocità	När din själsmätare har fått energi,\ntryck på [button_speedbreak] för att göra en Fartbrytning.	Quando sua Barra Espiritual tiver energia,\naperte [button_speedbreak] para realizar um Impulso Veloz.	Cuando el Medidor de almas esté lleno, presiona\n[button_speedbreak] para realizar un Speed Break.	Kiedy twój Pasek Dusz się podświetli,\nwciśnij [button_speedbreak] aby wykonać Zryw Pędu.	當你的魂力量表有足夠的能量時，\n按下 [button_speedbreak] 就能使用速度突破。	Ruh göstergen dolu olduğunda, Hız Kırma\nyapmak için [button_speedbreak] düğmesine bas.	Lorsque votre Jauge d'âme est chargée,\nmaintenez la touche [button_speedbreak] enfoncée pour effectuer\nune acceleration.
lp_timebreak_desc_sh	During Time Break, everything around you will slow down.		タイムブレイク中は　まわりの時間を\nゆっくりにすることができるわ	Durante la Ralentización, todo\na tu alrededor irá más lento.	Во время замедления вокруг\nостанавливается время.	Im Time Break verlangsamt sich alles um dich herum.	Durante una Rottura del Tempo, tutto quello che hai intorno rallenterà.	Under Tidsbrytningen, kommer allt runt omkring dig att sakta ner.	Durante o Atraso Temporal, tudo ao seu redor ficará mais lento.	Con el Time Break puedes ralentizar\ntodo tu entorno.	Podczas Zrywu Czasu, wszystko wokół Ciebie się zwolni.	使用速度突破時，\n你周遭的一切事物都會慢下來。	Zaman Duraklaması sırasında çevrendeki her şey yavaşlayacak.	Pendant Time Break,\ntout autour de vous ralentit.
lp_timebreak_input_sh	When your Soul Gauge has power,\npress [button_timebreak] and hold to do a Time Break.		ソウルゲージが溜まってときに\n [button_timebreak] を押すとタイムブレイクよ	Cuando tu Barra de Almas esté suficientemente\nllena, pulsa y mantén [button_timebreak] para realizar la Ralentización.	Если нажать кнопку замедления, когда шкала души\nнаполнится, то активируется замедление.	Sobald deine Soul Gauge Kraft erlangt,\nkannst du Time Break mit [button_timebreak] aktivieren.	Quando la tua Barra dell'Anima ha abbastanza potenza,\mpremi [button_timebreak] per attivare la Rottura del Tempo.	När din själsmätare har fått energi,\ntryck på [button_timebreak] för att göra en Tidsbrytning.	Quando sua Barra Espiritual tiver energia,\naperte [button_timebreak] para realizar um Atraso Temporal.	Cuando el Medidor de almas esté lleno, presiona\n[button_speedbreak] para realizar un Time Break.	Kiedy twój Pasek Dusz się podświetli,\nwciśnij [button_timebreak], aby wykonać Zryw Czasu.	當你的魂力量表有足夠能量時，\n按下 [button_timebreak] 就能使用時間突破。	Ruh göstergen dolu olduğunda, Zaman Kırılması\nyapmak için [button_timebreak] düğmesine bas.	Lorsque votre Jauge d'âme est chargée,\nmaintenez la touche [button time break] enfoncée pour effectuer un Time Break.
lp_perfect_homing_attack_sh	Press [button_attack] when the green marks overlap\nthe red circle to perform a Perfect Homing Attack.		緑マークが赤い円と重なった時に [button_attack]  を押すと\nパーフェクトホーミングアタックよ	Presiona [button_attack] cuando las marcas verdes solapen la retícula\npara realizar un Ataque Teledirigido Perfecto.	Для выполнения идеальной Самонаводящейся атаки,\nнажмите кнопку атаки, когда зелёный\nи красный прицелы пересекутся.	Wende eine Perfekte Homing Attack an, indem du [button_attack] drückst\nsobald sich der grüne und der rote Kreis überlappen.	Per effettuare un Attacco a Ricerca Perfetto, premi [button_attack]\nquando l'indicatore d'aggancio verde sovrappone con il cerchio rosso. 	Tryck på [button_attack] när de gröna markeringarna överlappar\nden röda cirkeln för att utföra en Perfekt Målsökande Attack.	Para realizar um Ataque Direcionado Perfeito, aperte [button_attack]\nquando as marcas verdes entrarem no circulo vermelho.	Para realizar un Ataque teledirigido perfecto, presiona [button_attack]\ncuando las guías verdes estén sobre\nel círculo rojo.	Aby wykonać Perfekcyjny Atak Naprowadzający,\nwciśnij [button_attack] kiedy zielony znak najedzie na czerwone kółko.	當綠色的符號跟紅色的圓圈重疊時，\n按下 [button_attack] 就能發動完美追蹤攻擊。	Kusursuz Güdümlü Saldırı gerçekleştirmek için, yeşil\nişaretler kırmızı dairenin üzerine geldiğinde [button_attack] düğmesine bas.	Appuyez sur [button_attack] lorsque les repères verts chevauchent le cercle rouge\npour effectuer une Attaque Téléguidée Parfaite.
lp_perfect_homing_attack2_sh	Perfect Homing Attacks travel faster and\ndo more damage than regular Homing Attacks.		「ホーミングアタックより移動速度が速く\n攻撃力が増加する」	El Ataque Teledirigido Preciso es más rápido\ny poderoso que uno estándar.	Идеальные Самонаводящиеся атаки выполняются\nбыстрее и наносят больший урон, чем обычные\nСамонаводящиеся атаки.	Perfekte Homing Attacks sind schneller und\nfügen Gegnern mehr Schaden zu als reguläre Homing Attacks.	L'Attacco a Ricerca Perfetto viaggia più velocemente e fà più danno degli Attacchi Mirati normali.	Perfekta Målsökande Attacker färdas snabbare och\ngör mer skada än vanliga Målsökande Attacker.	Ataques Direcionados Perfeitos são mais rápidos\ne causam mais dano do que Ataques Direcionados.	Los Ataques teledirigidos perfectos son más rápidos\ny hacen más daño que los normales.	Perfekcyjny Atak Naprowadzający jest szybszy\ni zadaje więcej obrażeń od zwykłego Ataku Naprowadzającego.	完美追蹤攻擊比普通追蹤攻擊移動速度更快，\n攻擊力也更高。	Kusursuz Güdümlü Saldırılar, normal Güdümlü Saldırılardan\ndaha hızlı ilerler ve daha fazla hasar verir.	Les Attaques Teleguidées Parfaites sont plus rapides et\ninflige plus de dégâts que les Attaques Teleguidées normales.
lp_perfect_homing_attack3_sh	They also increase your defense while they are active.		「パーフェクトホーミングアタック中\n防御力が追加されるよ」	También aumenta tu defensa mientras lo realizas.	Они также повышают вашу защиту, пока выполняются.	Währenddessen steigern sie auch deine Verteidigung.	Ti aumentano anche la difesa mentre sono attivi.	De stärker också ditt försvar medan de är aktiva.	Eles também aumentam a sua defesa enquanto estiverem ativos.	También aumentan tu defensa mientras los realizas.	Zwiększają one również twoją obronę podczas gdy są aktywne.	你的防禦力也會在發動過程中提高。	Aktif oldukları süre boyunca savunmanı da artırırlar.	Ils augmentent également votre défense\ntant qu'ils sont actifs.
lp_volcano_slider_sh	Hold down [button_crouch] to slide.		[button_crouch] を押し続けると\nスライディングよ	Mantén presionado [button_crouch] para deslizarte.	Удерживайте кнопку действия, чтобы скользить.	Halte beim Bewegen [button_action] gedrückt, um zu rutschen.	Tieni premuto [button_crouch] quando ti muovi per scivolare.	Håll [button_crouch] medan du Rör Dig för att glida.	Segure [button_crouch] enquanto estiver em movimento para deslizar.	Presiona [button_crouch] al moverte para deslizarte.	Wciśnij i przytrzymaj [button_crouch], aby wykonać wślizg.	在移動時按住 [button_crouch] 就能滑行。	Hareket halindeyken [button_crouch] düğmesini basılı tutarak kay.	Maintenez [button_crouch] pour glisser.
lp_volcano_slider2_sh	While sliding, you can damage enemies\nand break obstacles.		スライディング中　敵や障害物に\nダメージを与えることができるわ	Mientras te deslizas, puedes hacer daño a\nenemigos y romper obstáculos.	Во время скольжения вы можете наносить\nурон врагам и препятствиям.	Beim Rutschen kannst du Gegner angreifen und Hindernisse zerstören.	Mentre Scivoli, puoi danneggiare i nemici\ne gli ostacoli.	När du glider så kan du skada fiender\noch bryta hinder.	Enquanto estiver deslizando, você pode danificar inimigos\ne quebrar obstáculos.	Al deslizarte podrás dañar enemigos\ny romper obstáculos.	Podczas wślizgu możesz zadawać obrażenia\nprzeciwnikom i niszczyć przeszkody.	滑行時，你可以攻擊敵人\n並打碎障礙物。	Kayma hareketi yaparken düşmanlara hasar verebilir ve engelleri kırabilirsin.	En glissant, vous pouvez blesser les ennemis et\nbriser des obstacles.
lp_fire_gaze_sh	Press [button_action] while Jumping\nto attack straight down!		ジャンプ中に [button_action] を押すと\n真下に攻撃することができるわ！	¡Pulsa [button_action] en el aire para\nrealizar un pisotón que hace daño!	Нажмите кнопку действия во время прыжка,\nчтобы атаковать прямо вниз!	Drücke [button_action] in der Luft, um zu Stampfen!	Premi [button_action] mentre Salti per andare dritto in giù!	Tryck på [button_action] medan du Hoppar för att attackera rakt ner!	Aperte [button_action] durante um pulo para descer reto!	¡Presiona [button_action] mientras saltas\npara dar un pisotón!	Wciśnij [button_action] podczas Skakania,\naby zaatakować prosto w dół!	跳躍時按下 [button_action] ，\n就能垂直向下攻擊！	Zıplarken [button_action] tuşuna basarak doğrudan aşağı doğru saldır!	Appuyez sur [button_action] pendant que vous sautez\npour attaquer directement vers le bas !
lp_down_cancel_sh	If you get knocked back, press [button_jump],\nand you'll flip back upright in no time!		ダメージで吹き飛ばされている間に [button_jump] を押すと\nすぐに体勢を立て直すことができるわ	¡Si recibes daño, pulsa [button_jump]\ny recuperarás el control de inmediato!	Если вас отбросит назад от удара,\nнажмите кнопку прыжка, чтобы сразу встать!	Falls du zurückgeschlagen wirst, drücke [button_jump],\ndamit du im Nu wieder aufrecht stehst!	Se vieni respinto, premi [button_jump],\ne ti rialzerai in piedi in un istante!	Om du blir bakåtslagen, tryck på [button_jump],\nså ställs du upp på nolltid!	Caso seja jogado para trás, aperte [button_jump],\npara se recuperar!	¡Si te derriban, presiona [button_jump] y\nte levantarás de inmediato!	Jeśli zostaniesz powalony, wciśnij [button_jump],\naby wstać od razu na nogi!	被攻擊打飛時，\n按下 [button_jump] 就能立刻重整姿態！	Geriye doğru savrulursan, [button_jump] tuşuna\nbas ve anında tekrar dik pozisyona geçersin!	Si vous êtes projeté en arrière, appuyez sur [button_jump],\net vous vous redresserez en un clin d'œil !
lp_backflip_sh	If you press [button_jump] while moving backwards,\nyou can leap back quickly.		後ろに移動中に [button_jump] を軽くちょんと押すと\n素早く　後ろに移動できるわ	Si pulsas [button_jump] mientras caminas hacia atrás,\npuedes dar una veloz voltereta en esa dirección.	Двигаясь назад, нажмите кнопку прыжка,\nчтобы сделать прыжок назад.	Falls du im Rückwärtsgang [button_jump] drückst,\nkannst du schnell zurückspringen.	Se premi [button_jump] mentre ti stai muovendo all'indietro,\npuoi balzare all'indietro velocemente.	Om du trycker på [button_jump] medan du rör dig bakåt,\nså kan du hoppa bakåt snabbt.	Se você apertar [button_jump] enquanto se move para trás,\nvocê pode se esquivar para trás rapidamente.	Si presionas [button_jump] mientras vas hacia atrás\npodrás saltar hacia atrás rápido.	Jeśli wciśniesz [button_jump] podczas cofania się, możesz szybko skoczyć do tyłu.	往後移動時，按下 [button_jump] 就能快速地往後跳。	Geriye doğru hareket ederken [button_jump]\ntuşuna basarsan, hızlıca geriye sıçrayabilirsin.	Si vous appuyez sur [button_jump] tout en reculant,\nvous pouvez faire un bond en arrière rapide.
lp_splash_jump_sh	If you do a Jump Dash and hit a wall,\nyou can flip right over it.		ジャンプダッシュで壁に当てると\nそのまま壁を飛び越えることができるわよ	Si realizas un Acelerón Aéreo contra una pared,\nobtendrás algo de altura extra.	Если во время рывка в прыжке попасть\nв стену, то сможете преодолеть стену.	Wenn du einen Jump Dash ausführst und eine Wand triffst,\nkannst du darüber springen.	Se fai un Salto a Scatto e colpisci un muro,\n potrai saltarlo.	Om du gör en Hopprusning och träffar en vägg,\nså kan du volta rakt över den.	Se você fizer uma Investida e acertar uma parede,\nvocê realizará um pulo extra.	Si chocas contra una pared con un Arranque en salto,\npuedes saltarla.	Jeśli wykonasz Skok Pędowy i uderzysz nim w ścianę,\nmożesz przez nią przeskoczyć.	如果跳躍衝刺撞到牆，\n就能直接跳過去。	Eğer zıplayarak hızlanırken duvara çarparsan,\nduvarın üzerinden takla atabilirsin.	Si tu effectues un Jump Dash et que tu heurtes un mur,\ntu peux passer par-dessus d'un simple saut.
lp_quickstep_sh	(Press [button_step_left]/[button_step_right] while moving forward\nto quickly step left or right.)		「前進しながら [button_step_left] / [button_step_right] を押すと\n左右にステップするわ」	(Presiona [button_step_left] o [button_step_right] mientras avanzas para\ndar un Paso Rápido a izquierda o derecha.)	Нажимайте кнопки """Шаг в сторону""" вправо или\nвлево во время движения вперёд, чтобы быстро\nсделать "Шаг в сторону" вправо или влево.	Drücke [button_step_left] [button_step_right] während du dich nach vorn bewegst,\num schnell nach links oder rechts zu schreiten.	Premi [button_step_left] [button_step_right] mentre ti muovi in avanti\nper fare un passo veloce a sinistra o a destra.	Tryck på [button_step_left]/[button_step_right] medan du rör dig framåt\nför att snabbt stega åt vänster eller höger.	Aperte [button_step_left] [button_step_right] enquanto se move para frente\npara se deslocar rápidamente para a esquerda ou direita.	Presiona [button_step_left] o [button_step_right] mientras avanzas\npara dar un paso en esa dirección.	Wciśnij [button_step_left] [button_step_right] podczas ruszania się do przodu,\naby zrobić szybki krok w lewo lub prawo.	往前移動時，按下 [button_step_left]/[button_step_right] \n就能快速地移動至左或右。	İleri doğru hareket ederken sola veya sağa hızlıca adım atmak\niçin [button_step_left] [button_step_right] tuşlarına bas.	(Appuyez sur [button_step_left]/[button_step_right] tout en avançant\npour vous déplacer rapidement vers la gauche ou vers la droite.)
lp_quickslide_sh	(Hold [button_step_left]/[button_step_right] while moving forward\nto slide left or right.)		「前進しながら [button_step_left] / [button_step_right] を押し続けると\n左右にスライドするわ」	(Mantén presionado [button_step_left] o [button_step_right] mientras avanzas para\ndeslizarte a izquierda o derecha.)	Нажимайте и удерживайте кнопки """Шаг в сторону"""\nвправо или влево во время движения вперёд,\тчтобы сделать скольжение вбок.	Halte [button_step_left] [button_step_right] gedrückt, während du\ndich nach vorn bewegst, um nach links oder rechts zu rutschen.	Tieni premuto [button_step_left] [button_step_right] mentre ti muovi in avanti\nper scivolare a sinistra o a destra.	Håll [button_step_left]/[button_step_right] nedtryckt medan du rör dig framåt\nför att glida åt vänster eller höger.	Aperte e segure [button_step_left] [button_step_right] enquanto se move para frente\npara deslizar para a esquerda ou direita.	Presiona y mantén [button_step_left] o [button_step_right] mientras avanzas\npara deslizarte en esa dirección.	Wciśnij i trzymaj [button_step_left] [button_step_right] podczas ruszania się do przodu,\naby ślizgać się w lewo lub prawo.	往前移動時，按住 [button_step_left]/[button_step_right] \n就能滑行至左或右。	İleri doğru hareket ederken [button_step_left] [button_step_right]\ntuşlarına basılı tutarak sola veya sağa kaydır.	(Maintenez la touche [button_step_left]/[button_step_right] enfoncée tout en avançant\npour glisser vers la gauche ou vers la droite.)
														
														
														
sand_oasis	Sand Oasis		サンド　オアシス	Oasis de Arena	Песчаный оазис	Sand Oasis	Oasi Sabbiose	Sandoas	Sand Oasis	Oasis Arenoso	Piaszczysta Oaza	沙漠綠洲	Kum Vahası	Sand Oasis
sand_oasis_description	A desert strewn about with ruins.		砂漠にひろがる遺跡群。	Un desierto cubierto de ruinas.	Руины, простирающиеся по пустыне.	Die von Ruinen übersäte Wüste.	Un deserto con rovine sparse dappertutto.	En öken spridd med ruiner.	Um deserto repleto de ruínas.	Un conjunto de ruinas que se extiende por el desierto.	Pustynia usiana ruinami.	佈滿遺跡的沙漠。	Harabelerle dolu bir çöl.	Un désert rempli de ruines.
oas_opening_so	First, let's find the king's palace.		まずは王宮を目指すんだよな	Busquemos el palacio del Sultán.	Сначала нам надо\nв царский дворец, да?	Lass uns zuerst den Palast des\nKönigs finden.	Come prima cosa, troviamo il palazzo del re.	Först, låt oss hitta kungens palats.	Pra começar, vamos achar o palácio do rei.	Primero, vayamos al palacio real.	Najpierw znajdżmy pałac króla.	首先，我們得找到王宮。	Önce kralın sarayını bulalım.	Trouvons d'abord le palais du roi.
oas_opening_sh	Yes, let's hurry!		そう　急ぎましょ！	Sí, ¡démonos prisa!	Да! Надо поторопиться!	Genau, beeilen wir uns!	Sì, sbrighiamoci!	Ja, låt oss skynda på!	Sim, vamos logo!	¡Sí, démonos prisa!	Tak, pośpieszmy się!	沒錯，我們得動作快！	Evet, hadi acele edelim!	Dépêchons-nous !
oas_pillar_sh	That pillar is being manipulated by magic! Look out!		魔法で柱が動き始めています!\n気をつけて！	¡Cuidado! ¡Están manipulando los pilares con magia!	Колонны начали двигаться из-за магии!\nБудь осторожен!	Die Säulen werden durch\nZauberei bewegt! Sieh nur!	Quel pilastro sta venendo manipolato dalla magia! Fai attenzione!	Den där pelaren manipuleras av magi! Se upp!	Aquele pilar está sendo manipulado por magia! Cuidado!	¡Los pilares se mueven por arte de magia!\n¡Cuidado con ellos!	Te filary są manipulowane przez magię! Uważaj!	小心！柱子被魔法操控住了！	O sütun sihirle manipüle ediliyor! Dikkat et!	Ce pillier est manipulé par magie ! Attention !
oas_uturn_sh	It's a dead end!		ちょっ　この先は壁よ！	¡Un callejón sin salida!	Стой, впереди стена!	Hier geht's nicht weiter!	È un vicolo cieco!	Det är en återvändsgränd!	É um beco sem saída!	¡Hay una pared adelante!	To ślepy zaułek!	前面是死路啊！	Çıkmaz yol!	C'est une impasse !
oas_uturn_so	Whoops! Time to make a U-turn!		ちょっとUターンするぜ	¡Ups! ¡Habrá que tomar una curva!	Развернусь немного!	Huups! Kehrtwende!	Ops! Tempo di fare una inversione a U!	Whoops! Dags att göra en U-sväng!	Oops! Hora de dar meia-volta!	Bueno, demos vuelta en U.	Ups! Czas na mały U-nik!	嗚哇！那就讓我迴轉一下！	Whoops! U dönüşü yapma zamanı!	Oups ! Temps de faire demi-tour !
oas_interior_sh	It should be cooler inside.		中は涼しいわね	Ahí dentro hará menos calor.	Внутри должно быть прохладно.	Drinnen ist es bestimmt kühler.	Dovrebbe essere più freddo all'interno.	Det borde vara svalare på insidan.	Deve estar mais fresquinho aqui dentro.	Adentro debe estar más fresco.	Powinno być chłodniej w środku.	裡面應該會涼快點。	İçerisi daha serin olmalı.	Il devrait faire plus frais à l'intérieur.
oas_interior_so	Um...Doesn't quite look like it.		そーでも無いみたいだぜ	Pues... Me da que no.	Эм... Не похоже, что это так.	Ähm... Sieht nicht danach aus.	Em...Non sembra affatto cosí.	Um...Ser inte direkt ut som det.	Hmm... Pelo visto não é o caso.	Sí... Parece que no.	Em... Nie do końca na to wygląda.	呃…看樣子並沒有。	Hımm... Pek öyle görünmüyor.	Euh... On dirait que non.
oas_sandfall_event_sh	Huh? What?		な　何！？	¿Eh? ¿Qué?	Ч-что?!	Hä? Was?	Eh? Cosa?	Huh? Vadå?	Hã? O quê?	¡¿Q-Qué?!	Hę? Co?	欸？什麼！？	Huh? Ne?	Hein ? Quoi ?
oas_sandfall_event_so	Woah!		うぉー！	¡Hala!	Оу!	Woah!	Woah!	Woah!	Uou!	¡Guau!	Ło!!	嗚喔！	Woah!	Woah !
oas_sandfall_event2_so	Ha!		は!	¡Ja!	Ха!	Ha!	Ha!	Ha!	Há!	¡Ja!	Ha!	哈！	Ha!	Ha !
oas_sandfall_event3_so	Whew! That was a close one!		ヒュー！ 危機一髮だったな	¡Buf! ¡Por los pelos!	Ох! Ещё чуть-чуть, и я бы всё!	Puh! Das war knapp!	Fiuu! C'è mancato poco!	Whew! Det var nära ögat!	Ufa! Essa foi por pouco!	*silbido* ¡Estuvo cerca!	Fiu! O mały włos!	呼！真是千鈞一髮呢！	Whew! Bu çok yakındı!	Fiou ! Ce n'est pas passé loin !
oas_pier_sh	Just past that pier is the town.		あの桟橋を過ぎれば　すぐ街よ	Tras cruzar el muelle, llegaremos a la ciudad.	За мостом сразу будет город.	Die Stadt liegt direkt hinter\ndem Steg.	Dopo quel molo c'è la città.	Precis förbi den där piren ligger byn.	Logo após aquele cais está a cidade.	Pasando ese muelle, estaremos en la ciudad.	Tuż za molo znajduje się miasto.	經過那個碼頭就到城鎮裡了。	İskelenin hemen ilerisinde kasaba var.	La ville se trouve après cette jetée.
oas_town_so	A town! The king's palace must be close!		マジ？　そろそろ王宮を近いのか？	¿La ciudad?\nEstamos cerca del palacio, ¿no?	Город? Царский дворец совсем близко!	Ne Stadt? Dann kann der Palast ja auch nicht mehr weit sein!	Una città! Il palazzo del re deve essere vicino!	En by! Kungens palats måste vara nära.	Uma cidade! O palácio do rei deve estar por perto!	¿En serio?\n¿Estamos cerca del palacio real?	Miasto! Pałac króla musi być blisko!	是城鎮！那宮殿肯定就在附近了！	Bir kasaba! Kralın sarayı yakında olmalı!	Une ville ! Le palais du roi doit être proche !
oas_palace_so	There it is! I see it!		見えた！あれだな	¡Ahí está! ¡Ya puedo verlo!	Я вижу! Это же он?	Hmm, nette Hütte!	Eccolo lí! Lo vedo!	Där är den! Jag ser den!	Lá está! Posso vê-lo!	¡Ahí está! Ese es.	Tam jest! Widzę go!	看啊！就是那個吧！	İşte orada! Görüyorum!	Le voilà ! Je le vois !
oas_palace_sh	That's the king's palace!		あれ!あれが王宮よ	¡Ese!\n¡Ese es su palacio!	Да! Это царский дворец!	Das ist der Palast des Königs!	Quello è il palazzo del re!	Det där är kungens palats!	Aquele é o palácio do rei!	¡Sí, el palacio real!	To pałac króla!	那個就是王宮了！	Bu kral'ın sarayı!	C'est le palais du roi !
oas_return_sh	Are you ready?		準備連動は済んだ?	¿Estás preparado?	Ты подготовился?	Bist du bereit?	Sei pronto?	Är du redo?	Você está pronto?	¿Te sientes listo?	Jesteś gotów?	準備好了嗎？	Hazır mısın?	Prêt ?
oas_return_so	Shahra!\nLet me show you just how fast I am!		シャーラ!今からオレのスピードみせてやるぜ！	¡Shara,\nte enseñaré lo rapido que puedo llegar a ser!	Шахра!\nСейчас я покажу тебе свою скорость!	Shahra! Du wirst dich noch\nwundern, was schnell überhaupt heißt!	Shahra!\nLascia che ti mostri quanto sono veloce!	Shahra\nLåt mig visa dig precis hur snabb jag är!	Shahra!\nDeixa eu te mostrar o quão rápido eu sou!	¡Shahra, te mostraré lo rápido que soy!	Shahra!\nTylko zobacz jaki jestem szybki!	夏拉！\n讓我秀給你看我有多快吧！	Shahra!\nSana ne kadar hızlı olduğumu göstereyim!	Shahra!\nLaisse-moi te montrer ma vitesse !
														
														
oas_boss_intro_so	Aha, he seems pretty tough.\nAll right, let's do this!		ふーん　強そうだな\nかかってきな！	¡Hum!, parece un rival formidable.\nAsí que, ¡a por todas!	Хм, а ты, похоже, сильный.\nИди сюда!	Hm, der scheint mehr drauf zu haben als der Rest.\nAlso gut, los geht's!	Aha, sembra abbastanza forte.\nBene, facciamolo!	Aha, han verkar ganska tuff.\nOkej, nu kör vi!	Hah, ele tem cara de durão.\nBeleza, vamos nessa!	¡Ja, se ve fuerte!\n¡Pues hagámoslo!	Aha, wygląda na twardziela.\nW porządku, zróbmy to!	啊哈，看樣子不好惹呢。\n好啊，來做吧！	Aha, çok güçlü görünüyor.\nPekala, hadi bunu yapalım!	Aha, il a l'air féroce !\n Allez, c'est parti !
oas_boss_hint1_sh	Watch out for its tail attack!		しっぽの攻撃に気をつけて！	¡Atento a sus ataques con la cola!	Осторожно, он атакует хвостом!	Nimm dich vor seinem Stachel in Acht!	Sta attento al suo attacco con la coda!	Akta dig för dess svansattack!	Cuidado com o ataque da cauda dele!	¡Cuidado cuando ataque con la cola!	Uważaj na jego atak ogonem!	小心它的尾巴攻擊！	Kuyruk saldırısına dikkat et!	Attention à sa queue !
oas_boss_hint2_sh	The big eyeball on its back seems to be its weak point!		あの　背中の大きな目玉が\n弱点みたいよ！	¡El globo ocular de su espalda parece ser su punto débil!	Похоже, что эти огромные глаза\nна спине - его слабое место!	Das große Auge auf seinem Rücken ist seine Schwachstelle!	Quel grosso occhio sulla schiena sembra essere il suo punto debole!	Den stora ögongloben på dess rygg verkar vara dess svaga punkt!	Parece que esse olho gigante nas costas dele é o ponto fraco!	¡Ese gran ojo que tiene en la\nespalda parece ser su punto débil!	To wielkie oko na jego plecach wygląda na słaby punkt!	在它背上的大眼球似乎是它的弱點！	Sırtındaki büyük göz onun zayıf noktası gibi görünüyor!	Le gros oeil rouge dans son dos semble être son point faible !
oas_boss_hint3_sh	Try using the scorpion's tail to reach the eye on its back!		あのサソリのシッポを使って\n背中の目玉まで行けないかしら？	¡Prueba ir por su cola para llegar al ojo de su espalda!	Можно ли добраться до глаз на спине,\nесли использовать его хвост?	Versuche über den Stachel des Skorpions das Auge zu erreichen!	Prova ad usare la coda dello scorpione per raggiungere l'occhio sulla schiena!	Försök använda skorpionens svans för att nå ögat på dess rygg!	Tente usar a cauda do escorpião para chegar ao olho nas costas dele!	¿Podrás usar su cola para alcanzar\nel ojo de su espalda?	Spróbuj dotrzeć do oka skorpiona używając jego ogona!	利用蠍子的尾巴來攻擊背上的眼睛吧！	Akrebin kuyruğunu kullanarak sırtındaki göze ulaşmayı dene!	Essaie d'utiliser la queue du scorpion pour atteindre son dos !
oas_boss_hint4_sh	That huge eye just has to be its weak point.		やっぱり　あの大きな目玉が\n弱点なんじゃないかしら…？	Ese ojo tiene que ser su punto débil...	Всё-таки, наверное, эти огромные\nглаза - его слабое место.	Dieses große Auge da muss seine Schwachstelle sein.	Quel grosso occhio deve essere il suo punto debole.	Det stora ögat bara måste vara dess svaga punkt.	Aquele olho gigante só pode ser o ponto fraco.	Supongo que ese ojo de la\nespalda es su punto débil.	To ogromne oko musi jego słabym punktem.	那顆大眼球肯定是它的弱點。	O kocaman göz onun zayıf noktası olmalı.	Cet oeil énorme est forcément son point faible.
oas_boss_hit1_sh	Look, it's working!		すごい\nかなりきいてるみたいよ ！	¡Genial!	Молодец! Похоже, это сработало!	Schau mal, es funktioniert!	Guarda, sta funzionando!	Titta, det funkar!	Olha, tá funcionando!	¡Genial! ¡Parece que eso funciona!	Spójrz, to działa!	看啊，奏效了！	Bak, işe yarıyor!	Regarde, ça fonctionne !
oas_boss_hit1_so	That's it! The eye is its weak point!		やっぱりな!\nあの目が弱点ってわけか！	¡Lo sabía! ¡El ojo es su punto débil!	И правда! Эти глаза действительно\nего слабое место!	Das ist es! Das Auge ist sein Schwachpunkt!	Lo immaginavo! L'occhio è il suo punto debole!	Det är det! Ögat är dess svaga punkt!	Isso! O olho é o ponto fraco dele!	¡Lo sabia! ¡Ese ojo es su punto débil!	To jest to! Oko jest jego słabym punktem!	幹得好！眼球果然就是弱點！	İşte bu! Göz zayıf kısmı!	C'est ça ! L'oeil est son point faible !
oas_boss_hit2_so	This guy just doesn't give up!		クッ　しぶとい野郎だぜ！	¡No se da por vencido!	Чёрт! Какой он крепкий!	Der Dicke hatte wohl noch nicht genug!	Questo tipo non vuole proprio arrendersi!	Den här killen ger sig bara inte!	Esse cara não desiste!	Mier... ¡Qué tipo más terco!	Gość się po prostu nie poddaje!	這傢伙就是不肯放棄欸！	Bu adam pes etmeyecek!	Ce type n'abandonne jamais !
oas_boss_hit3_so	Looks like he can't take much more of this!		そろそろ終わりにしようか！	¡Parece que no puede aguantar mucho más!	Давай уже покончим с этим!	Nur noch ein bisschen!	Sembra che non c'è la faccia più!	Ser ut som att han inte klarar mycket mer av det här!	Parece que ele não vai durar muito!	¡Terminemos con esto rápido!	Najwidoczniej dłużej tego nie wytrzyma!	看樣子它很快就要被打倒了！	Anlaşılan daha fazla dayanamayacak!	On dirait qu'il n'en peut plus !
oas_boss_hit4_sh	Just one more hit!		もう一息ね！	¡Solo queda un último golpe!	Ещё немного!	Ein Treffer noch!	Solo un'altro colpo!	Bara en till träff!	Só mais um acerto!	¡Sólo un poco más!	Jeszcze jeden cios!	再來最後一擊！	Sadece bir vuruş daha!	Plus qu'un coup !
oas_boss_defeat_so	Sorry, but you were in my way.		悪いな\n後がつかえているんだ！	Siento derrotarte; ¡no haberte cruzado conmigo!	Извини, но меня уже ждут!	Sorry, man! Aber du warst mir im Weg.	Scusami, ma mi stavi intralciando.	Förlåt, men du var i min väg.	Foi mal, mas você estava no meu caminho.	¡Perdona, pero tengo algo de prisa!	Sory, ale stałeś mi na drodzę.	抱歉啦，但擋路的人是你。	Üzgünüm, ama yolumdaydın.	Désolé, mais tu étais sur mon chemin.
														
oas_idle_heat_so	It's so hot! Even my quills are sweating!		あつっ、トゲがジリジリするぜ！	¡Qué calor! ¡Me sudan hasta las púas!	Жарко! У меня дрожат иглы.	Es ist so heiß! Selbst meine Stacheln schwitzen!	Che caldo! Pure i miei aculei stanno sudando!	Det är så varmt! Även mina taggar svettas!	Tá tão quente! Até os meus espinhos estão suando!	¡Qué calor! ¡Se me queman las púas!	Ale upał! Nawet kolce mi się pocą!	好熱啊！就連我的刺也都是汗！	Çok sıcak! Tüylerim bile terliyor!	Quelle chaleur ! Même mes épines suent !
oas_idle_shoes_so	Man, I've got sand in my shoes!		たく、靴の中が砂だらけだぜ！	¡Jo!, ¡tengo los zapatos llenos de arena!	Да блин, у меня в обуви куча песка!	Man, ich hab Sand in meinen Schuhen!	Cavoli, Ho la sabbia nelle scarpe!	Åh, Jag har fått sand i skorna!	Mano, entrou até areia nos meus sapatos!	¡Rayos, se me metió arena en los zapatos!	O chłopie, mam piasek w butach!	真是的，沙子都跑進鞋子裡了！	Adamım, ayakkabıma kum girmiş!	Ah, du sable est rentré dans mes chaussures !
oas_idle_beach_sh	The beach is so...		浜辺がこんな…	Esta playa es tan...	Какой красивый пляж...	Der Strand ist so...	La spiaggia è cosí...	Stranden är så...	Essa praia é tão...	Esta playa es...	Ta plaża jest taka...	這座沙灘好…	Sahil çok...	La plage est si...
oas_idle_sandfall_so	A waterfall? Made of sand?		砂の滝?	Una cascada... ¿de arena?	Песчаный водопад?	Ein Wasserfall? Aus Sand?	Una cascata? Fatta di sabbia?	Ett vattenfall? Gjort av sand?	Uma cachoeira? Feita de areia?	¿Un cascada de arena?	Wodospad? Z piasku?	這是瀑布？流的都是沙欸？	Bir şelale mi? Kumdan yapılma mı?	Une cascade... de sable ?
oas_idle_sandfall_sh	Stay clear. This is no time for a sand bath!		ちょっと、滝に見とれてる場合じゃないでしょ！	¡Concéntrate, Sonic! ¡No es momento de tumbarse en la arena!	Да блин!\nСейчас не время любоваться водопадом!	Bleib davon fern. Wir haben keine Zeit für ein Sandbad!	Fai il serio. Non è il momento di fare un bagno di sabbia!	Håll dig undan. Nu är ingen tid för ett sandbad!	Concentre-se. Não é hora de tomarmos banho de areia!	¡Oye, no es momento de admirar la cascada!	Ostrożnie. To nie czas na kapięl piaskową!	別太靠近了。現在沒有時間泡沙浴！	Uzak dur. Kum banyosu yapmanın zamanı değil!	Attention, ce n'est pas le moment de se baigner !
														
														
														
dinosaur_jungle	Dinosaur Jungle		ダイナソー　ジャングル	Jungla Jurásica	Джунгли динозавров	Dinosaur Jungle	Giungla dei Dinosauri	Dinosauriejungel	Dinosaur Jungle	Dino Jungla	Dżungla Dinozaurów	恐龍叢林	Dinazor Ormanı	Dinosaur Jungle
dinosaur_jungle_description	A forest dominated by ancient beasts.		恐竜が支配する森。	Un bosque dominado por bestias ancestrales.	Лес, в котором господствуют динозавры.	Im Wald der Steinzeittiere.	Una giungla dominata da creatura antiche.	En skog dominerad av uråldriga odjur.	Uma floresta dominada pelas bestas ancestrais.	Una jungla dominada por dinosaurios.	Las opanowany przez starożytne bestie.	被恐龍支配的森林。	Antik canavarların egemen olduğu bir orman.	Une forêt dominée par des bêtes anciennes.
din_event_trio_so	Whoa! Something's after us!		ウワォ！　なんか追ってきたぜ！	¡Eh! ¡Algo nos persigue!	А-а-а! За мной кто-то гонится!	Woah! Wir werden verfolgt!	WHOA! Qualcosa ci sta inseguendo!	Whoa! Nått är efter oss!	Uou! Tem alguma coisa atrás da gente!	¡Guau! ¡Algo nos persigue!	Łoł! Coś nas goni!	嗚喔！有什麼東西在追我們！	Vay canına! Peşimizde birileri var!	Whoa ! Quelque chose nous suit !
din_event_trio_sh	They're triceratops!\nAnd they're very angry!		トリケラトプスよ！\nひどく怒ってる！	¡Son triceratops!\n¡Y no están de buen humor!	Это трицератопсы!\nОни очень злые!	Das sind Triceratops!\nSie scheinen wütend zu sein!	Sono triceratopi!\nÈ sono molto arrabiati!	Det är triceratopser!\nOch dem är väldigt arga!	São tricerátopos!\nE eles estão muito zangados!	¡Triceratops! ¡Y muy enojados!	To triceratopsy!\nI do tego są bardzo wściekłe!	是三角龍！\n它們好像很火大！	Onlar triceratopslar!\nVe çok kızgınlar!	Ce sont des tricératops ! Et très en colère !
din_event_trio2_so	Wh-what did I do?		オレ　何かやったのか？	¿Y yo que he hecho?	А что я сделал-то?	W-was hab ich denn getan?!	Ma che cosa ho fatto?	Va-vad har jag gjort?	O-o quê que eu fiz?	¿Les hicimos algo?	C-co ja im zrobiłem?	我— 我有做錯什麼事嗎？	N-ne yaptım ben?	Qu-qu'ai-je fait ?
din_event_trio2_sh	I don't know! Just run!		分からないわ！\n今はとにかく逃げましょう！！	¡No lo sé!; ¡tú corre!	Я не знаю!\nВ любом случае, сейчас надо бежать!	Weiß ich doch nicht! Lauf!	Non lo so! Corri e basta!	Jag vet inte! Spring bara!	Eu não sei! Só corre!	¡Quién sabe, pero hay que huir de aquí!	Nie wiem! Po prostu biegnij!	我不知道！總之快跑啊！	Bilmiyorum! Sadece koş!	Je ne sais pas, mais cours !
din_event_trio3_so	They just don't give up!		しつこいヤツラだぜ！	¡Parece que no se rinden!	Какие они настырные!	Die sind echt hartnäckig!	Non si arrendono proprio!	Dem ger bara inte up!	Eles não desistem!	¡Vaya que son tercos!	Nie poddają się!	它們真是死纏爛打！	Vazgeçmiyorlar!	Ils n'abandonnent pas facilement !
din_event_trio3_sh	If we can just get across the bridge\nup ahead, we should be okay!		この先の橋まで逃げきれば\nきっと大丈夫よ！	¡Si cruzamos el puente de ahí adelante,\nestaremos a salvo!	Если добежишь до моста впереди,\nто сможешь оторваться от них!	Wenn wir die Brücke da vorn über-\nqueren, sind wir in Sicherheit!	Se riuscissimo a andare attraverso quel ponte\nlaggiù, dovremmo essere al sicuro!	Om vi bara kan komma över bron\ndär framme, så borde vi klara oss!	Se nós passarmos pela ponte\nà frente, estaremos seguros!	¡Si cruzamos el puente de más adelante,\nestaremos bien!	Jeśli tylko przejdziemy przez tamten most,\nnic nam nie będzie!	我們若能逃到前面那座橋就沒事了！	Eğer ilerideki köprüyü\ngeçebilirsek, sorun olmaz!	Si on peut traverser le pont\n devant, on devrait s'en sortir !
din_event_river_so	Uwaaah!\nNooooo!!		うわわわ！\nＮＯＯＯＯＯ！！	¡Aaaaah!\n¡¡Nooooo!!	А-а-а-а! Не-е-е-е-ет!	Uwaaah!\nNeeeein!!	UWAAAH!\nNOOOOO!!	Uwaaah\nNeeeeeej!!	Uaaaah!\nNãããão!	¡Aaaaah! ¡Nooooo!	Uaaaah!\nNieeee!!	嗚啊啊啊！\n糟啦！！！	Uwaaah!\nHayıııır!!	Ouaaah !\nNooooon !!
din_event_river_sh	Sonic!		ソニック！	¡Sonic!	Соник!	Sonic!	SONIC!	Sonic!	Sonic!	¡Sonic!	Sonic!	索尼克！	Sonic!	Sonic !
din_event_river2_so	Whew! That was a close one!		ヒュー！危機一髮だぜ！	¡Uf! ¡Ha estado cerca!	Уф-ф-ф! Ещё чуть-чуть, и я бы всё!	Puh! Fast abgesoffen!	Fiuu! Per un pelo!	Whew! Det var nära ögat!	Ufa! Essa foi por pouco!	¡Oh, por un pelo de rana calva...!	Uf! O mały włos!	呼！真是千鈞一髮呢！	Whew! Bu çok yakındı!	Pfiou ! On a eu chaud !
din_event_river2_sh	Sonic, can't you swim?		ソニックってもしかして泳げないの？	Sonic, ¿no sabes nadar?	Соник, ты что, не умеешь плавать?	Du kannst nicht schwimmen?!	Sonic, non riesci a nuotare?	Sonic, kan inte du simma?	Sonic, você não sabe nadar?	Sonic, no me digas. ¿No sabes nadar?	Sonic, nie umiesz pływać?	索尼克，你難道不會游泳嗎？	Sonic, yüzme bilmiyor musun?	Sonic, tu ne sais pas nager ?
														
din_split_sh	The road splits in two, here.		道が分かれてるわ	Aquí el camino se divide en dos.	Здесь развилка.	Hier zweigt die Straße ab.	La strada si divide in due qua.	Vägen delas i två, här.	O caminho aqui se divide em dois.	Hay una bifurcación.	Droga nam się tutaj rozwidla.	這裡有岔路。	Yol burada ikiye ayrılıyor.	La route se sépare en deux.
din_split_so	Any advice on which way to go?		どっちがベターか教えてくれよ	¿Tienes idea de por dónde ir?	Скажи, какой из путей лучше?	Was denkst du, links oder rechts?	Qualche consiglio su quale andare?	Några råd om vilken väg man ska gå?	Alguma dica para onde ir?	Dime qué camino es mejor.	Jakieś porady gdzie mamy iść?	接下來該往哪邊走才好？	Hangi yoldan gitmeliyim konusunda bir tavsiyen var mı?	Une idée de quel chemin prendre ?
din_flower_sh	A flower...spirit?		花の…マジン？	Un espíritu... ¿floral?	Злой дух... цветов?	Ein Blumen...geist?	Uno spirito...floreale?	En blomster...ande?	Um espírito... floral?	¿Una flor... majin?	Kwiecisty... duch?	是花的…精靈？	Bir çiçek...ruhu mu?	Un esprit... floral ?
din_flower_so	Doesn't look very friendly.		厄介そうな面横えだぜ！	Me da que no está aquí para hacer amigos	От него одни хлопоты!	Sieht nicht sehr freundlich aus.	Non sembra molto amichevole.	Ser inte så vänlig ut.	Não parecem ser muito amigáveis.	¡Parece que nos dará problemas!	Nie wygląda zbyt przyjaźnie.	看起來不太友善。	Çok arkadaşçıl gözükmüyor.	Il n'a pas l'air très amical.
														
din_event_apato_so	Oops!		Ｏｏｐｓ！	¡Ups!	Ой!	Ups!	Oops!	Oops!	Oops!	¡Ups!	Ups!	糟了！	Oops!	Oups !
din_event_apato2_so	Woah! Thanks!		いよっと！　サンキュー！	¡Vaya! ¡Gracias!	Оп-ля! Спасибо!	Woah! Danke!	Wow! Grazie!	Woah! Tack!	Uou! Valeu!	¡Bien! ¡Gracias!	Łoł! Dzięki!	嗚喔！謝啦！	Woah! Teşekkürler!	Ouah ! Merci !
														
din_rex_sh	I've got a bad feeling about this.		嫌な予感がするわ	Tengo un mal presentimiento...	У меня плохое предчувствие.	Ich habe ein ungutes Gefühl.	Ho un brutto presentimento.	Jag har en dålig känsla för det här!	Tenho um mal pressentimento sobre isso.	Tengo un mal presentimiento.	Mam co do tego złe przeczucie.	我有個不好的感覺。	Bu konuda kötü hislerim var.	J'ai un mauvais pressentiment.
din_rex_so	Uhh. My quills are starting to tingle...		ああ　背中のトゲがビリビリするぜ	Hum. Siento un hormigueo en las púas...	А-а-а, у меня дрожат иглы на спине...	Uhh. Mir kribbelt's richtig in\nden Stacheln!	Emm. ho uno strano formicolio agli aculei...	Uhh. Mina taggar börjar på att pirra...	Uhh. Meus espinhos estão formigando.	Ah, se me erizaron las púas de la espalda.	Emm. Kolce mnie łaskoczą...	呃… 我的刺開始在顫抖了…	Eee. Tüylerim karıncalanmaya başladı...	Euh. Mes épines commencent à picoter...
din_rex_lower_so	Whoooa! Out of the frying pan\nand into the fire, huh?		ウワーオ！\n一難去ってまた一難ってカンジ？	¡Vaya! Esto se está\nponiendo de mal en peor, ¿eh?	Уа-а-а!\nИз огня да в полымя?	Whoooa! Vom Regen in die Traufe, was?	Whoooa! Dalla padella\nalla bracie, eh?	Whoooa! Ut ur stekpanan\noch in i elden, huh?	Uoooou! Indo de mal a pior, hein?	¡Guau! ¡Salimos una, entramos en otra!	Łoooł! Z patelni do oginia, co?	嗚哇！\n這就是一波未平一波又起的感覺嗎？	Whoooa! Kızgın tavadan çıkıp ateşe girdim, huh?	Ouaaah ! Sorti de la poêle à frire\net maintenant dans le feu, hein ?
din_rex_lower_sh	That about sums it up!		相当気が立ってるみたいね！	¡Tú lo has dicho!	Похоже, он очень зол!	Das kannst du laut sagen!	Beh questo lo abbrevia!	Det sammanfattar det hela!	Falou e disse!	¡Sí que está enojado!	No, to by się zgadzało!	說的對！	İşte her şey bu kadar!	C'est un bon résumé !
din_rex_tail_sh	Hey, look at its tail!		尻尾をよく見て！	¡Ten cuidado con su cola!	Следи за его хвостом!	Hey, achte auf sein Hinterteil!	Ehi, guarda alla sua coda!	Hörru, titta på dess svans!	Ei, cuidado com aquela cauda!	¡Fíjate en su cola!	Hej, spójrz na jego ogon!	注意它的尾巴！	Hey, kuyruğuna bak!	Hé, regarde sa queue !
din_rex_tail_so	Got it!		わかってるって！	¡Sí, lo sé!	Да знаю я!	Verstanden!	Capito!	Uppfattat!	Entendi!	¡Entendido!	Czaje!	知道了！	Anlaşıldı!	Compris !
din_rex_upper_so	He seems pretty hungry!		相当腹ペコらしいな！	¡Parece hambriento!	Кажется, кто-то проголодался!	Der Kleine scheint Appetit zu\nhaben!	Sembra abbastanza affamato!	Han verkar ganska hungrig!	Ele parece estar bem esfomeado!	¡Parece muy hambriento!	Wygląda na głodnego!	它看樣子很餓！	Çok aç gözüküyor!	Il a l'air bien affamé !
din_rex_upper_sh	Then make sure he doesn't decide\nthat you're a snack!		かみ使れないように気をつけてね！	¡Pues asegúrate de no convertirte\n en su próxima merienda!	Смотри, чтобы он тебя не укусил!	Dann pass auf, sonst knabbert er\ndich noch an!	E allora non fargli pensare\nche tu sia uno spuntino!	Se då till att han inte beslutar\natt du är ett mellanmål!	Então tenha certeza de que ele não\nvai achar que você é um lanche!	¡Intentemos no ser su aperitivo!	To upewnij się, że nie zrobi\nz Ciebie przekąski!	那就不要讓它以為你是點心！	O zaman senin bir atıştırmalık\nolduğuna karar vermesin!	Alors fais en sorte qu'il ne te prenne pas\n pour son repas !
														
din_flowers_so	So, feel like going\nto pick some flowers?		それじゃあお花摘みにでかけるか	Hum, podría pararme a recoger algunas flores.	Кажется, пора сорвать эти цветы!	Na? Lust ein paar\nBlümchen zu pflücken?	Allora, vuoi andare\na raccogliere qualche fiore?	Så, känner du för att gå och plocka några blommor?	Então, o que acha de nós\ncolhermos algumas flores?	Bueno, ¿qué tal si recogemos unas flores?	Więc, chcesz pozbierać\nparę kwiatków?	想來一起摘些花嗎？	Peki, gidip çiçek toplamaya\nne dersin?	Et si on allait cueillir des fleurs ?
din_flowers_sh	This is no time for goofing around!		もう！　ノンキなんだから！	¡No es momento para bromas!	Ох, какой же ты беспечный!	Wir haben keine Zeit für solche\nAlbernheiten!	Non è il momento di scherzare!	Nu är det inte tid för att skoja runt!	Isso não é hora para besteiras!	¡Ash, tómalo en serio!	To nie jest czas na wygłupy!	沒時間胡鬧了！	Etrafta oyalanmak için zaman yok!	Ce n'est pas le moment de rigoler !
din_flowerbed_so	Hey, isn't this a\npretty little flowerbed!		ヘーイ！\nたいそうなお花畑じゃないか！	¡Vaya! ¡No está nada mal\neste lugar tan florido!	Хей! Как много цветов на этом цветочном поле!	Hey, nettes Blumenbeet!	Ehi, questa è proprio\nuna bella aiuola!	Hej, är inte det här en\nsöt liten blomrabatt!	Ei, não é um\nlindo canteiro de flores?	¡Ey, qué lindo campo de flores!	Hej, ładny mały kwietnik!	嘿，這座小花田可真漂亮！	Hey, bu ufak bir\nçiçek yatağı değil mi!	Hé, ce sont des jolies fleurs !
din_flowerbed_sh	This is no time to relax, Sonic!		気を抜かないでねソニック！	¡No te lo tomes todo con\ntanta calma, Sonic!	Не расслабляйся, Соник!	Komm in die Gänge, Sonic!	Non è il momento di rilassarsi Sonic!	Nu är det inte tid för att slappna av, Sonic!	Não é hora de relaxar, Sonic!	¡No bajes la guardia, Sonic!	To nie czas na relaks, Sonic!	索尼克，這可不是放鬆的時候！	Rahatlamak için zaman yok, Sonic!	Ce n'est pas le moment de flâner, Sonic !
														
din_majin_egg_sh	It's a spirit egg!\nSonic, destroy it!		マジンの卵よ\n壊しておいてソニック！	¡Es un huevo de espíritu!\nSonic, ¡destrúyelo!	Это яйцо злого духа.\nРазбей его, Соник!	Das ist ein Seelenei!\nSonic, zerstöre es!	È un uovo di spirito!\nSonic distruggilo!	Det är ett andeägg!\nSonic, förstör det!	Isso é um ovo espiritual!\nSonic, destrua-o!	¡Destruye ese huevo de majin, Sonic!	To duchowe jajo!\nSonic, zniszcz je!	是精靈蛋！索尼克，把它打碎吧！	Bu bir ruh yumurtası!\nSonic, onu yok et!	C'est un oeuf esprit ! Sonic, détruis-le !
din_egg_so	This is...		これ…	Esto es...	Это...	Das ist...	Questo è...	Det här är...	Isso é...	Esto es...	To jest...	這是…	Bu bir...	C'est...
din_egg_sh	A dinosaur egg?\nI can carry it using my magic.		恐竜の卵ね？\nわたしが魔法で持っていくわ	¿Un huevo de dinosaurio?\nPuedo transportarlo usando mi magia.	Яйцо динозавра? Я воспользуюсь\nмагией и возьму его с собой.	Ein Dinosaurier-Ei?\nIch kann es mit meiner Magie tragen.	Un uovo di dinosauro?\nPosso portarlo usando la mia magia.	Ett dinosaurieägg?\nJag kan bära det med min magi.	Um ovo de dinossauro?\nEu posso carregá-lo usando a minha magia.	¿Un huevo de dinosaurio?\nLo llevaré con mi magia.	Jajo dinozaura?\nMogę je przenosić moją magią. 	恐龍蛋？\n我能用魔法帶著它。	Bir dinozor yumurtası mı?\nSihirimi kullanarak onu taşıyabilirim.	Un oeuf de dinosaure ?\nJe peux le porter avec ma magie.
din_nest_so	This must be a nest of dinosaur eggs.		これは恐竜の卵の巣…なのか？	Este debe de ser un nido\nde huevos de dinosaurio.	Это гнездо динозавра?	Das muss ein Nest für Dino-Eier sein.	Questo deve essere un nido di uova di dinosauro.	Det här måste vara ett bo av dinosaurieägg.	Isso deve ser um ninho de ovos de dinossauro.	¿Es un nido de huevos de dinosaurio...?	To musi być gniazdo jaj dinozaurów.	這附近肯定有恐龍蛋的巢穴。	Bu dinazor yumurtaları için bir yuva olmalı.	C'est un nid d'oeufs de dinosaure.
din_nest_sh	Yes. Let's go find eggs that\nmatch the same shell pattern.		ええ　同じ模様の卵を探して\n持ってきましょう	Sí. Busquemos huevos con\nel mismo patrón en su cáscara.	Да. Давай найдём яйца с узорами\nи отнесём их к нужным гнёздам.	Ja. Lass uns die Eier mit\ndemselben Schalen-Muster finden.	Sí. Andiamo a trovare le uova che\ncorrispondono allo stesso modello di involucro.	Ja. Låt oss gå och hitta ägg som\nmatchar samma skalmönster.	Sim. Vamos encontrar os ovos\nque tenham o mesmo padrão.	Sí, busquemos huevos con el\nmismo patrón y traigámoslos.	Tak. Poszukajmy jajek z\npasującym wzorem skorupy.	嗯，我們去找同樣的蛋吧。	Evet. Aynı kabuk desenine\nsahip yumurtaları bulmaya gidelim.	Oui. Trouvons des oeufs avec le même motif.
														
din_trio_hint_so	I hope those guys don't stick their\nhorns through me!		ヤツラときどき突っ込んでくるぞ！	¡Espero que no me pinchen\ncon esos cuernos!	Меня, кажется, сейчас забадают!	Woah! Hoffentlich durchbohren die Viecher mich nicht!	Spero che quei tipi non infilino le loro\ncorna attraverso di me!	Jag hoppas att dem där killarna inte sticker sina\nhorn igenom mig!	Espero que esses caras não me\nespetem com os chifres deles!	¡Parece que arremeterán de repente!	Mam nadzieje, że ci goście nie\nprzebiją mnie swoimi rogami!	希望那些傢伙別把角刺向我！	Umarım o adamlar boynuzlarını\nbana saplamazlar!	J'espère qu'ils ne vont pas transpercer\navec leurs cornes!
din_trio_hint_sh	Don't let them rush you\nwith their horns!		頭をふったら突っ込んでくねわよ！	¡Evita recibir una cornada\ncuando cargen contra ti!	Кажется, тебя хотят забодать!	Pass auf, dass sie dich nicht\nmit ihren Hörnern stechen!	Non lasciarli scattare verso di te\ncon le loro corna!	Låt dem inte rusa dig\nmed deras horn!	Não deixe que eles o alcancem\ncom os seus chifres!	¡Si su cabeza se acerca, quítate del camino!	Nie daj im się poganiać\nswoimi rogami!	不要讓它們用角突刺向你！	Boynuzlarıyla üstüne yardırmalarına\nizin verme!	Ne les laisses pas faire avec leurs cornes !
din_cacti_hint_so	Those cacti don't look very fun.		サボテンが痛そうだぜ！	Esos cactus están más afilados que mis púas.	Кактусы больно колятся!	Diese Kakteen könnten mir zu schaffen machen!	Quei cactus non sembrano molto divertenti.	Dem där kaktusarna ser inte så roliga ut	Esses cactos não estão com uma cara boa.	¡Esos cactus se ven filosos!	Te kaktusy nie wyglądają za fajnie.	被仙人掌刺到感覺會很痛！	Bu kaktüsler pek hoş görünmüyor.	Ces cactus ne semblent pas amusant.
din_cacti_hint_sh	Watch out for the cacti!		サボテンには気をつけて！	¡Cuidado con los cactus!	Осторожно, там кактусы!	Pass auf die Kakteen auf!	Sta attento ai cactus!	Akta dig för kaktusarna!	Cuidado com os cactos!	¡Cuidado con los cactus!	Uważaj na kaktusy!	要小心那些仙人掌！	Kaktüslere dikkat et!	Attention aux cactus !
din_boat_hint_so	Tilt left and right to change direction.		左右に傾けて\n左右に移動するんだ！	Puedo inclinarme a los lados para cambiar de dirección.	Если наклонять левый стик вправо и влево,\nвы сможете передвигаться в стороны!	Neige links und rechts, um die Richtung zu ändern.	Inclina a sinistra e destra per cambiare direzione.	Luta åt vänster och höger för att ändra riktning.	Incline pra esquerda ou direita\npra mudar de direção.	¡Inclinando la palanca izquierda puedo moverme\na la izquierda o derecha!	Przechyl się na lewo i prawo,\naby zmieniać kierunek.	左右傾斜手把就能往左右方移動。	Yönü değiştirmek için sola ve sağa eğ.	Incline à droite ou à gauche\npour changer de direction.
din_boat_hint_sh	Tilt left or right to change direction.		左右に傾けて\n左右に移動するのよ！	Inclínate a los lados para cambiar de dirección.	Если наклонять левый стик вправо и влево,\nвы сможете передвигаться в стороны!	Neige links oder rechts, um die Richtung zu ändern.	Inclina a sinistra o destra per cambiare direzione.	Luta åt vänster eller höger för att ändra riktning.	Incline para a esquerda ou para a direita\npara mudar de direção.	¡Inclina la palanca izquierda para moverte\na la izquierda o derecha!	Przechyl się na lewo lub prawo,\naby zmieniać kierunek. 	左右傾斜手把就能往左右方移動喔！	Yönü değiştirmek için  sola yada sağa eğ.	Incline à droite ou à gauche\npour changer de direction.
din_damage_hint_so	Ouch!		アウチ！	¡Ay!	Ай!	Autsch!	Ahia!	Ouch!	Ai!	¡Auch!	Auć!	呀！	Ouch!	Aïe !
din_damage_hint_sh	Sonic, are you okay?		大丈夫ソニック！？	Sonic, ¿estás bien?	Соник, ты в порядке?	Sonic, geht's dir gut?	Sonic stai bene?	Sonic, är du okej?	Sonic, você está bem?	¡¿Estás bien, Sonic?!	Sonic, wszystko okej?	索尼克，你沒事吧？	Sonic, iyi misin?	Sonic, ça va ?
din_ball_hint_sh	If those iron balls hit us,\nwe'll fall into the water!		鉄球に当たると水におちちゃうわよ	Si chocamos con alguna bola,\n¡nos hundiremos!	Если столкнёшься с железным шаром,\nто упадёшь в воду!	Wenn uns die Eisenkugeln treffen,\nfallen wir ins Wasser!	Se quelle palle chiodate ci colpiscono,\ncadremo nell'acqua!	Om dem järnbollarna träffar oss,\nramlar vi i vattnet!	Se alguma dessas esferas de ferro\nnos atingir, nós iremos cair na água!	¡Si nos golpea una bola de acero,\nacabaremos en el agua!	Jeśli te żelazne kule w nas trafią,\nwpadniemy do wody!	如果被鐵球打到，我們就會跌入水裡！	Eğer o demir toplar bize\nçarparsa, suya düşeriz!	Si ces boules de fer nous touchent,\nnous tomberons dans l'eau !
din_ball_hint_so	Gotta make sure I dodge\nthose iron balls.		鉄球に当たるとイチコロってカンジだな	Será mejor que esquive\nesas bolas de acero.	Если столкнусь с железным шаром,\nто ведь упаду в воду?	Ich halt' mich lieber von diesen Eisenkugeln fern.	Devo assicurarmi di schivare\nquelle palle chiodate.	Måste se till att jag undviker\ndem järnbollarna.	Vou fazer questão de desviar\ndessas esferas de ferro.	¡Si nos golpea una bola de acero,\nestaremos muertos!	Muszę się upewnić,\nżeby omijać te żelazne kule.	得小心避開那些鐵球。	O demir toplardan kaçındığıma\nemin olmalıyım.	Je dois faire attention à esquiver\nces boules de fer.
din_positioning_hint_so	It'll be tough to attack\nfrom that position.		あの位置からの攻撃は厄介だな	Va a estar difícil\natacarlo desde aquí.	Проблематично атаковать с того места.	Es ist schwierig aus dieser Position anzugreifen.	Sarà difficile attaccare\nda quella posizione.	Det kommer bli svårt att attackera\nfrån den positionen.	Vai ser difícil atacar daqui!	Atacar desde esta posición es complicado.	Ciężko będzie atakować\nz tej pozycji.	從那個位置攻擊不容易。	Bu pozisyondan saldırması\nzor olacak.	Ça va être difficile d'attaquer\ndepuis cette position.
din_positioning_hint_sh	Use the enemy's attack, Sonic!		敵の攻撃を利用するのよソニック！	¡Utiliza los ataques\ndel enemigo, Sonic!	Используй его атаку против него же, Соник!	Mach dir den feindlichen Angriff zunutze, Sonic!	Usa l'attacco del nemico Sonic!	Använd fiendens attack, Sonic!	Use os ataques do inimigo, Sonic!	¡Tienes que aprovechar los\nataques del enemigo, Sonic!	Wykorzystaj atak przeciwnika,\nSonic!	利用敵人的攻擊吧，索尼克！	Düşmanın saldırısını kullan, Sonic!	Utilise l'attaque de l'ennemi, Sonic !
din_attack_hint_so	Can we use that thing's attack\nto our own advantage?		ヤツの攻撃を逆に利用しているにやるか！	¿Y si usamos sus ataques\na nuestro favor?	Интересно, не получится ли перебраться\nна ту сторону, использовав его атаку?	Können wir die Attacke von diesem Dingens ausnutzen?	Possiamo usare l'attacco di quella cosa\na nostro vantaggio?	Kan vi använda den sakens attack\ntill vår fördel?	Podemos usar o ataque dessa coisa\nao nosso favor?	¡Usaré sus ataques a mi favor!	Czy możemy wykorzystać jego\natak na naszą korzyść?	我們能反過來利用那傢伙的攻擊嗎？	O şeyin saldırısını kendi\nlehimize kullanabilir miyiz?	Et si on utilisait ses attaques\nà notre avantage ?
din_attack_hint_sh	Maybe we can use its attacks\nto get to the other side!		アイツの攻撃を使って向こうに\nわたれないかしら？	Usando sus ataques, ¡puede\nque lleguemos al otro lado!	Воспользуемся его атакой, чтобы\nперебраться на другую сторону!	Wir könnten seine Angriffe nutzen,\num zur anderen Seite zu gelangen!	Forse possiamo usare i suoi attacchi\nper andare dall'altra parte!	Kanska vi kan använda dess attacker\nför komma till andra sidan!	Talvez possamos usar os ataques\npara chegar ao outro lado!	¿Podemos usar su ataque para cruzar al otro lado?	Może da radę wykorzystać jego\natak aby przedostać się na drugą stronę!	我們或許能利用那傢伙的攻擊來抵達對面！	Belki onun saldırılarını kullanarak\ndiğer tarafa geçebiliriz!	Peut-être qu'on peut profiter de ses attaques\npour passer de l'autre côté !
din_seed_hint_so	I can probably hit the seeds\nthat thing shoots with a Homing Attack!		ヤツがはいってぐるたねはホーミングアタックできるみたいだな	¡Puede que el Ataque Teledirigido\nfuncione en las semillas que escupe!	Я могу использовать Самонаводящуюся\nатаку по семенам, которые он выплёвывает.	Mit einer Homing Attack kann ich die\nabgeschossenen Samen von diesem Ding angreifen.	Posso probabilmente colpire i semi\nche quella cosa spara con un Attacco a Ricerca!	Jag kan troligen träffa fröna\nsom den saken skjuter med en Homingattack!	Acho que posso acertar as sementes que\nessa coisa dispara com o Ataque Direcionado!	¡Parece que puedo golpear sus\nsemillas con un Ataque teledirigido!	Pewnie mogę uderzyć te nasiona,\nktóre to coś wystrzeliwuje Atakiem Naprowadzającym!	我應該能對那東西射出的種子使出追蹤攻擊。	Muhtemelen o şeyin fırlattığı tohumları\nbir Güdümlü Saldırı ile vurabilirim!	Je peux sûrement toucher les graines\ntirées par cette chose avec une Attaque Téléguidée !
din_seed_hint_sh	Try hitting those seeds that it spits\nwith a Homing Attack!		アイツがはいってぐるたねはホーミングアタックでこわせるみたいよ	¡Golpea con Ataques Teledirigidos\nlas semillas que escupe!	Ты можешь использовать Самонаводящуюся\nатаку по семенам, которые он выплёвывает!	Versuche mal die Samen, die es spuckt,\nmit einer Homing Attack anzugreifen!	Prova a colpire i semi che sputa\ncon un Attacco a Ricerca!	Försök att träffa dem fröna som den spotar\nmed en Homingattack!	Tente atingir aquelas sementes\ncuspidas com o Ataque Direcionado!	¡Parece que puedes atacar esas semillas\ncon el Ataque teledirigido!	Spróbuj trafić te nasiona, które to coś wypluwa\nAtakiem Naprowadzającym!	試著對它射出的種子使出追蹤攻擊。	O şeyin fırlattığı tohumları\nbir Güdümlü Saldırı ile vurmayı dene!	Essaie de toucher les graines qu'il crache\navec une Attaque Téléguidée !
din_pot_hint_so	Can we use that to get across?		あれを使って向こうへ渡るか	¿Podremos usar eso para llegar al otro lado?	Переберусь на ту сторону\nс помощью этого!	Können wir das Teil nutzen,\num auf die andere Seite zu gelangen?	Possiamo usare quello per attraversare?	Kan vi använda det för att ta oss över? 	Podemos usar isso para atravessar?	¿Podemos usar eso para cruzar?	Możemy tego użyć, aby się przedostać?	我們能用那東西過去嗎？	Bunu karşıya geçmek için kullanabilir miyiz?	On peut utiliser ça pour traverser ?
din_pot_hint_sh	Maybe that flying pot can help us\nacross to the other side.		あの壺を使って向こうへ渡れないかしら	Puede que esa vasija flotante nos\nayude a llegar al otro lado	Интересно, нельзя ли перебраться\nна ту сторону с помощью кувшина?	Vielleicht kommen wir mit dem\nTopf auf die andere Seite.	Forse quel vaso volante può aiutarci\nad attraversare dall'altra parte	Kanska den där flygande kastrullen kan hjälpas oss\növer till andra sidan.	Talvez aquele jarro voador possa\nnos ajudar a ir para o outro lado.	Me pregunto si podemos usar ese jarrón para cruzar.	Może ta latająca waza pomoże nam\ndostać się na drugą stronę.	或許那個飛天陶壺能帶我們過去。	Belki o uçan vazo bizi öbür\ntarafa geçirmeye yardımcı olur.	Peut-être que ce pot volant peut nous aider\nà traverser.
din_boulder_hint_so	Maybe I can get that big fella\nto smash that boulder for me.		ヤツにあの岩壊してもらうか！	Quizás pueda engañar a este grandullón\npara que rompa esta piedra.	Пусть он сломает эту скалу!	Vielleicht kann ich den Riesen dazu bringen\ndiese Brocken zu zerkloppen.	Forse posso utilizzare quel grosso tizio\nper distruggere questo macigno	Kanska jag kan få den där stora grabben\natt slå det stenblocket åt mig	Talvez eu faça aquele grandalhão\nquebrar essa rocha pra mim.	¡Hagamos que ese tipo rompa esa roca!	Może uda mi się sprawić, żeby ten\nduży koleszka pomógł zniszczyć tą skałę dla mnie.	或許我能讓那個大塊頭把那些岩石擊碎。	Belki o iri adamı o kayayı benim\niçin parçalamaya ikna edebilirim.	Peut-être que ce grand gaillard\npeut briser ce rocher pour moi.
din_boulder_hint_sh	If you lead him over the boulder,\nmaybe he can break through the rock?		アイツをひきつけてあの岩に\n噛み使せればいいんじゃない？	¡Haz que te siga hasta las rocas\ny quizás él pueda romperlas!	Замани его за собой,\nчтобы он сломал эту скалу!	Vielleicht zerbricht er den Fels-\nbrocken, wenn du ihn drüberführst?	Se lo attiri verso il macigno,\nforse lo romperà!	Om du leder han över stenblocket,\nså kanske han kan bryta igenom stenen?	Se você guiá-lo até a rocha,\ntalvez ele consiga quebrá-la?	¿Por qué no lo atraemos y hacemos\nque le pegue a esa roca?	Jeśli poprowadzisz go do tego głazu,\nmoże przebije się przez skałę?	如果你把他引到岩石旁，他或許能打碎石頭？	Eğer onu kayanın üzerinden geçirirsen\nbelki kayayı kırabilir?	Si tu le diriges vers le rocher,\nil peut sans doute briser la pierre ?
din_flower_hint_so	I can't hit it when the flower is closed!		花が閉じるときには\n攻撃が当たらないみたいだぜ	¡Cuando la flor está cerrada, mis ataques no le afectan!	Когда цветок закрыт, мои атаки бесполезны.	Ich kann es nicht treffen, wenn die Knospe geschlossen ist.	Non posso colpirlo quando è chiuso!	Jag kan inte träffa den när blomman är stängd!	Eu não consigo acertá-lo quando a flor está fechada!	¡Si la flor se cierra, mis ataques no le dañarán!	Nie mogę go uderzyć, kiedy kwiat jest zamknięty!	花苞合起來時，我無法對它造成傷害！	Çiçek kapalıyken vuramam!	Je ne peux pas l'atteindre quand la fleur est fermée !
din_flower_hint_sh	Sonic, you can't hit it\nwhen the flower is closed!		花が閉じるときには\n攻撃が当たらないわソニック！	Sonic, ¡tus ataques no afectan a\nla flor si cierra sus pétalos!	Когда цветок закрыт, твои атаки\nне помогут, Соник!	Sonic, du kannst es nicht treffen, wenn die Blume geschlossen ist.	Sonic non puoi colpirlo\nquando è chiuso!	Sonic, du kan inte träffa den\nnär blomman är stängd!	Sonic, você não consegue atingi-lo\nenquanto a flor estiver fechada!	¡Cuando la flor se cierra,\nno puede recibir ataques, Sonic!	Sonic, nie dasz rady uderzyć tego kwiata,\ngdy jest zamknięty!	索尼克，當花苞合起來時，你是無法對它造成傷害的。	Sonic, çiçekler kapalıyken\nonlara vuramazsın!	Sonic, tu ne peux pas le toucher\nlorsque la fleur est close !
														
														
evil_foundry	Evil Foundry		イビル　ファウンドリー	Forja Maligna	Плавильня зла	Evil Foundry	Fonderia Maligna	Ond Smedja	Evil Foundry	Fundición Maléfica	Przeklęta Odlewnia	萬惡鑄造廠	Kötü Dökümhane	Evil Foundry
evil_foundry_description	Infiltrate a fortress of flames.		侵食された灼熱の城。	Infíltrate en una fortaleza ardiente.	Подвергшийся эрозии раскалённый замок.	Wage dich in den Hexenkessel.	Infiltrati nella fortezza fiammeggiante.	Infiltrera en fästning av eld.	Invada uma fortaleza ardente.	Un castillo erosionado y calcinado.	Zinfiltruj twierdzę płomieni.	入侵充滿火焰的堡壘。	Alevlerden oluşan bir kaleye sız.	Infiltre une forteresse de flammes.
														
evi_castle_sh	Is this a castle?		ここわお城？	¿Es esto un castillo?	Мы во дворце?	Ist das ein Schloss?	È questo un castello?	Är det här ett slott?	Isso é um castelo?	¿Esto es un castillo?	Czy to jest zamek?	這是座城堡嗎？	Bu bir kale mi?	Est-ce un château ?
evi_castle_so	Yeah, but it's no ordinary castle.		ただの城じゃあないみたいだぜ！	Sí, pero no uno cualquiera.	Похоже, это не простой дворец!	Ja, anscheinend aber nicht so wie man es kennt.	Sí, ma di certo non un castello comune.	Ja, men det är inget vanligt slott.	É, mas não é qualquer castelo.	Pero no cualquier castillo.	Ta, ale nie byle jakiś tam zamek.	沒錯，但這不像是普通的城堡。	Evet ama sıradan bir kale değil.	Ouais, mais pas n'importe quel château.
evi_golem_so	Woah, who's the big guy?		なんだ　あのでかいやつは！？	¡Hala!, ¿quién es ese grandullón?	Ого, что это за громадина?	Woah, kann man dir helfen Dicker?	Woah, Chi è il grosso tipo?	Whoa, vem är den stora grabben?	Uou, quem é o grandão?	¡¿Qué demonios es esa cosa tan enorme?!	Ło, kim jest duży gościu?	哇那個大塊頭是誰？	Woah, bu büyük adam da kim?	Ouah, qui est ce colosse ?
evi_golem_sh	I've never seen a spirit get that big!		あんな大きなマジン　見たことない ！	¡Nunca había visto un espíritu tan grande!	Ни разу не видела такого\nогромного злого духа!	Ich habe noch nie so einen großen Geist gesehen!	Non ho mai visto uno spirito cosí grande!	Jag har aldrig sett en ande bli så stor!	Eu nunca tinha visto um espírito tão grande!	¡Nunca había visto un majin tan grande!	Nigdy nie widziałam tak dużego ducha!	我從沒看過這麼大隻的精靈！	Bu kadar büyük bir ruh hiç görmedim!	Je n'ai jamais vu un esprit aussi grand !
evi_elevator_sh	Sonic, look up!		ソニック　上をみて！	¡Sonic, mira hacia arriba!	Соник, посмотри наверх!	Sonic, schau nach oben!	Sonic guarda lassù!	Sonic, kolla upp!	Sonic, olha pra cima!	¡Sonic, mira arriba!	Sonic, spójrz w górę!	索尼克，小心上面！	Sonic, yukarı bak!	Sonic, au-dessus !
evi_elevator_so	Let's keep going, Shahra!		このままいくぜ！　シャーラ！	Sigamos adelante, Sharah!	Пойду дальше вперёд, Шахра!	Weiter geht's, Shahra!	Continuamo ad andare Shahra!	Låt oss förtsätta, Shahra!	Vamos continuar, Shahra!	¡Andando, Shahra!	Nie zwalniajmy Shahra!	夏拉，我們繼續走吧！	Devam edelim, Shahra!	Continuons, Shahra !
evi_factory_sh	This appears to be the center of the factory.		工場の中心部って感じね	Este parece ser el centro de la fábrica.	Мы как будто посреди завода.	Dies scheint das Zentrum der Fabrik zu sein.	Questo sembra essere il centro della fabbrica.	Det här verkar vara fabrikens centrum.	Esse parece ser o centro da fábrica.	Parece el corazón de la fábrica.	To wygląda na centrum fabryki.	這裡似乎是工廠的中心。	Burası fabrikanın merkezi gibi görünüyor.	C'est sûrement le centre de l'usine.
evi_factory_so	Just what are they making here?		あのマジン\nここで作られていたのか？	¿Qué es lo que están fabricando aquí?	Тех злых духов создали здесь?	Was genau wird hier hergestellt?	Cosa faranno mai qui?	Vad är det egentligen dem tillverkar här?	O que será que estão fabricando aqui?	¿Será aquí donde se hacen los majin?	Co oni tutaj mogą tworzyć?	這裡到底是在製造什麼東西？	Burada ne yapıyorlar?	Mais qu'est-ce qu'ils fabriquent ici ?
evi_vape_sh	Oh! The air is so hot in here!		うわ！　すごい熱気！	¡Buf! ¡Qué calor hace aquí!	Ох! Как тут жарко!	Uff! Hier drinnen ist die Luft so stickig!	Oh! L'aria è cosí calda qui!	Oh! Luften är så het här inne!	Oh! O ar está muito abafado aqui!	¡Guau! ¡Qué lugar tan candente!	Oh! Powietrze jest tutaj takie gorące!	喔！裡面的空氣好熱！	Oh! Burada hava çok sıcak!	Oh ! L'air est si chaud ici !
evi_vape_so	You're not going to evaporate,\nare you, Shahra?		シャーラ　溶けないように\n気をつけろよ！	No te irás a evaporar; ¿no, Sharah?	Шахра, будь осторожна, не расплавься!	Du wirst hoffentlich nicht gleich verdampfen, oder, Shahra?	Non inizierai ad evaporare,\nvero Shahra?	Du kommer väll inte avdunsta,\neller hur, Shahra?	Você não vai evaporar, né Shahra?	¡No te vayas a derretir, Shahra!	Chyba nie wyparujesz,\nprawda Shahra?	夏拉，你不會蒸發不見吧？	Buharlaşmayacaksın\ndeğil mi Şahra?	Tu ne vas pas t'évaporer, Shahra ?
evi_timer_sh	Hurry! We have to get out of here!		はやく　ここから脱出しなきゃ！	¡Rápido! ¡Hemos de salir de aquí!	Надо поскорее выбраться отсюда!	Beeil dich! Wir müssen hier raus!	Sbrigati! Dobbiamo uscire da qui!	Skynda! Vi måste ta oss härifrån!	Rápido, temos que fugir daqui!	¡Tenemos que salir de aquí rápido!	Pośpiesz się! Musimy się stąd wydostać!	快！我們得趕快離開這裡！	Acele et! Buradan çıkmalıyız!	Vite ! On doit sortir d'ici !
evi_timer_so	Let's go, Shahra!		急ぐぞ！　シャーラ！	¡Vamos, Sharah!	Погнали, Шахра!	Los geht's, Shahra!	Andiamo Shahra!	Kom igen, Shahra!	Vamos nessa, Shahra!	¡Date prisa, Shahra!	Biegnijmy, Shahra!	夏拉，我們走！	Hadi gidelimi Shahra!	Allons-y, Sharha !
evi_exit_sh	Sonic, it's just a little further!		あと少しよ！　ソニック！	¡Sonic, ya casi lo hemos logrado!	Ещё немного, Соник!	Sonic, das Ding geht gleich hoch!	Sonic ancora un pochino!	Sonic, det är bara lite längre!	Sonic, é logo ali na frente!	¡Sólo un poco más, Sonic!	Sonic, jeszcze tylko troszkę!	索尼克，很快就到了！	Sonic, birazcık daha ilerle!	Sonic, c'est juste un peu plus loin !
evi_exit_so	I think I see the exit!		出口はあそこか！	¡Creo ver la salida!	Выход там!	Da vorne ist der Ausgang!	Credo di vedere l'uscita!	Jag tror jag ser utgången!	Acho que tô vendo a saída!	¡Creo que veo la salida!	Chyba widzę wyjście!	我好像看見出口了！	Sanırım çıkışı görüyorum!	Je crois apercevoir la sortie !
														
evi_hint_furnace_so	That thing looks red hot!		あの赤いの\n触ったらわあつそうだな	¡Eso está incandescente!	Этот бак, наверное, очень горячий...	Das Ding sieht glühend heiß aus!	Quella cosa sembra proprio incandescente!	Den saken ser glödhet ut!	Aquela coisa deve estar fervendo!	Eso está al rojo vivo. Ni lo toco.	To coś wygląda jakby parzyło!	那個東西看起來燙得好紅啊！	Şu şey çok ateşli görünüyor!	Cet objet a l'air brûlant !
evi_hint_furnace_sh	That red tank is far too hot to touch.		あの赤いタンク\n触ったら危ないわよ	Ese tanque rojo está demasiado\ncaliente como para tocarlo.	Будь осторожен, не прикасайся\nк этому красному баку!	Der rote Tank ist viel zu heiß, um ihn anzufassen.	Quel serbatoio rosso scotta troppo per toccarlo.	Den röda pansarvagnen är alldeles för het för att röra.	Esse tanque vermelho é quente demais para tocá-lo.	No toques ese tanque rojo, es peligroso.	Ten czerwony zbiornik jest zbyt gorący\nby go dotykać.	那個紅色的容器太燙了。	Şu kırmızı tank dokunulamayacak kadar sıcak.	Ce réservoir est bien trop chaud\npour qu'on le touche.
evi_hint_golem_so	His weak point should be someplace on top.		あいつの弱点は\n高い所にやるそうだな	Su punto débil debe de estar arriba.	Видимо, его слабое место\nнаходится высоко...	Seine Schwachstelle ist wahrscheinlich irgendwo oben.	Il suo punto debole dovrebbe essere da qualche parte in su.	Hans svaga punkt borde vara någonstans på toppen.	O ponto fraco dele deve estar lá em cima.	Se supone que su punto débil está arriba.	Jego słaby punkt powinien być\ngdzieś na szczycie.	它的弱點應該在上面某個高處。	Onun zayıf noktasının üstlerde bir yerde olması gerek.	Son point faible doit être quelque part en haut.
evi_hint_golem_sh	That creature's weak point is its head!		あのマジン頭が弱点みたいよ	¡Su punto débil es la cabeza!	Похоже, слабое место этого\nзлого духа - голова!	Der Kopf ist der Schwachpunkt der Kreatur!	Il punto debole di quella creatura è la sua testa!	Den varelsens svaga punkt är dess huvud!	O ponto fraco daquela criatura é a cabeça!	La cabeza del majin es su punto débil.	Słabym punktem tego stworzenia jest jego głowa!	那個怪物的弱點在它的頭部！	O yaratığın zayıf noktası kafası!	La tête de cette créature est son point faible !
evi_hint_golem_height_so	I should be able to reach his weak point\nif I can get up there!		高い所に上ればあいつの弱点を\nねらえるぜ！	¡Si soy capaz de llegar ahí arriba,\nalcanzaré su punto débil!	Если заберусь повыше, то смогу\nприцелиться в его слабое место!	Ich muss da irgendwie hoch kommen, sonst treffe ich das Teil nie!	Dovrei riuscire a raggiungere il suo punto debole\nse potessi arrivare lassù!	Jag borde kunna nå hans svaga punkt\nom jag kan komma upp där!	Talvez eu alcance o ponto fraco dele\nse eu conseguir subir até lá!	¡Si subimos lo suficiente,\npodemos llegar a su punto débil!	Powinno dać radę dostać się do jego\nsłabego punktu jeśli uda mi się tam wejść!	我如果能到上面就能擊中他的弱點！	Eğer oraya ulaşabilirsem onun\nzayıf noktasına ulaşabilirim!	Je devrais pouvoir atteindre son point faible\nsi je monte là-haut !
evi_hint_golem_height_sh	You can strike the creature\nin the head from someplace higher up.		高い所に上ればマジンの弱点を\nねらえるわ！	Puedes golpear la cabeza de ese\ngólem desde un lugar elevado.	Если заберёшься повыше, сможешь\nнацелиться на слабое место злого духа!	Du kannst die Kreatur am Kopf schlagen, indem du die Sache von oben aus angehst.	Puoi colpire la creatura\nsulla testa in qualche luogo elevato.	Du kan slå varelsen\ni huvudet från någonstans högre upp.	Você pode atacar a criatura na cabeça\npor algum lugar elevado!	¡Si subes a un lugar elevado, podrás\napuntar al punto débil del majin!	Możesz uderzyć stworzenie w głowę,\njesli jesteś gdzieś wyżej.	從高處攻擊，就能擊中那個怪物的弱點。	Yaratığın kafasına daha\nyukarıdan vurabilirsin.	Tu peux frapper la tête de\nla créature d'un endroit plus haut.
evi_hint_golem_deflect_so	Maybe I can deflect those tanks\nhe's throwing at me!		あいつが投げてくるタンク\nはじきっかいせないかな	¡A lo mejor puedo desviar\nlos tanques que me lanza!	Нельзя ли как-то бросить в него баки,\nкоторые он бросает в меня?	Vielleicht kann ich die Tanks, die er mir zuwirft parieren!	Forse posso deflettere quei serbatoi\nche mi sta lanciando!	Kanske jag kan avleda dem där pansarvagnarna\nhan kastar på mig!	Talvez eu possa defletir os tanques\nque ele está arremessando em mim!	Me pregunto si podré repeler los\ntanques que me está lanzando.	Może da się odeprzeć te zbiorniki,\nktóre we mnie rzuca!	我或許能把那些容器打回去！	Belki bana fırlattığı tankları\nsavuşturabilirim!	Je peux peut-être dévier ces réservoirs\nqu'il m'envoie !
evi_hint_golem_deflect_sh	There might be a way to\ndeflect the tanks it's throwing.		どうにかしてあのタンク\nはじきっかいせないかしら	Quizás haya alguna manera de\ndesviar los tanques que lanza.	Интересно, нельзя ли как-то\nбросить баки обратно в него?	Da gibt es bestimmt etwas, womit man die Tanks parieren kann.	Potrebbe esserci un modo per\ndeflettere i serbatoi che sta lanciando.	Det kanske finns ett sett att\navleda pansarvagnarna den kastar. 	Talvez haja uma forma de\ndefletir os tanques que ele está lançando.	Me pregunto si hay alguna forma\nde apartar esos tanques...	Wydaje mi się, że jesteś w stanie\nodbić te zbiorniki, które w ciebie rzuca.	應該有辦法把它丟過來的容器打回去。	Fırlattığı tankları savuşturmanın\nbir yolu olabilir.	Il y a sûrement un moyen\n de dévier ces réservoirs.
evi_hint_tank_so	Maybe I can hit the tanks\nwith a Homing Attack!		あのタンク　ホーミングアタックで\n飛ばせないかな	¡Quizás pueda golpear los tanques con un Ataque Teledirigido!	Нельзя ли что-то сделать с баками\nс помощью Самонаводящейся атаки?	Vielleicht kann eine Homing Attack die Tanks parieren!	Forse posso colpire i serbatoi\ncon un Attacco a Ricerca!	Kanske jag kan träffa pansarvagnarna\nmed en Homingattack!	Acho que posso atingir os tanques\ncom um Ataque Direcionado!	¿Podré atacar los tanques con un Ataque teledirigido?	Może mogę uderzyć zbiorniki\nAtakiem Naprowadzającym!	我或許能對那些容器使出追蹤攻擊！	Belki tanklara bir\nGüdümlü Saldırı ile vurabilirim!	Peut-être que je peux toucher les réservoirs\n avec une Attaque Téléguidée !
evi_hint_tank_sh	Maybe you can hit the tanks\nwith a Homing Attack!		あのタンク　ホーミングアタックで\n飛ばせないかしら？	¡Puedes golpear los tanques con tu Ataque Teledirigido!	А можно ли сделать что-то с баками\nс помощью Самонаводящейся атаки?	Könntest du die Tanks mit einer Homing Attack treffen?	Forse puoi colpire i serbatoi\ncon un Attacco a Ricerca!	Kanske du kan träffa pansarvagnarna\nmed en Homingattack!	Talvez você possa atingir os tanques\ncom um Ataque Direcionado!	¿Podrás atacar los tanques con un Ataque teledirigido?	Może spróbujesz uderzyć te zbiorniki\nAtakiem Naprowadzającym?	你或許能對那些容器使出追蹤攻擊！	Belki tanklara bir\nGüdümlü Saldırı ile vurabilirsin!	Peut-être que tu peux toucher\les réservoirs avec une Attaque Téléguidée !
evi_hint_door_so	I can probably break through here\nwith a Speed Break!		こいつはスピードブレーキで\n壊しそにないな	¡Con un Impulso, puede que\natraviese este obstáculo!	Не думаю, что её можно сломать\nс помощью ускорения.	Ich kann da wahrscheinlich mit Speed Break durchbrechen!	Posso probabilmente sfondare qua\ncon una Rottura della Velocità!	Jag kan antagligen bryta igenom här\nmed en Fartbrytning!	Acho que posso passar por aqui\ncom um Impulso Veloz!	Con un Speed Break podría romper esto.	Pewnie mógłbym się tu przebić\nza pomocą Zrywu Pędu!	我或許能用速度突破衝出這裡！	Muhtemelen bir Hız Kırma\nile buradan geçebilirim!	Je peux certainement passer\navec un Speed Break !
evi_hint_door_sh	A Speed Break should be able to\nsmash down this door.		このとびらはスピードブレーキで\n壊しそにないわね	Con un Impulso, deberías ser capaz\nde tirar esta puerta abajo.	Вряд ли эту дверь можно сломать\nс помощью ускорения.	Ein Speed Break würde reichen, um diese Tür zu zerschmettern.	Una Rottura della Velocità dovrebbe riuscire a\ndistruggere questa porta.	En Fartbrytning borde kunna\nslå ner den här dörren.	Um Impulso Veloz deve ser capaz de\nquebrar essa porta.	Esta puerta se puede romper con un Speed Break.	Zryw Pędu powinien zniszczyć te drzwi.	用速度突破應該就能把這扇門打爛。	Bir Hız Kırma bu duvarı\nkırmaya yararlı olmalı.	Un Speed Break pourrait\nenfoncer cette porte.
evi_hint_propeller_so	I probably shouldn't touch\nthose propeller blades!		このプロペラ\n触らないようにしないとな	¡No creo que sea buena idea\ntocar esas helices cortantes!	Постараюсь не трогать этот пропеллер.	Ich sollte lieber nicht diese Propeller berühren!	Di sicuro non devo toccare\nquelle pale eliche!	Jag borde antagligen inte röra\ndem där propellerbladen!	Acho que não é uma boa\ntocar nessas hélices!	No debo tocar las hélices.	Raczej nie powinienem dotykać\ntych ostrzy śmigłowych!	最好避開那些螺旋刀！	Muhtemelen o pervane\nkanatlarına dokunmamalıyım!	Je ne devrais pas toucher\ces pales d'hélice !
evi_hint_propeller_sh	Don't touch the propellers!		このプロペラ\n触らないようにね	¡Evita las hélices!	Не трогай этот пропеллер!	Fasse die Propeller nicht an!	Non toccare le eliche!	Rör inte propellerna!	Não toque nas hélices!	No toques las hélices.	Nie dotykaj tych śmigieł!	別碰螺旋刀！	Pervanelere dokunma!	Évite les pales d'hélice !
evi_hint_levitate_so	I can use this to go up!		これを使って上に上れるぜ！	¡Con esto puedo llegar ahí arriba!	С его помощью можно залезть наверх!	Ich kann das benutzen, um nach oben zu gelangen!	Posso usare questo per andare su!	Jag kan använda det här för att gå upp!	Posso usar isso para ir lá pra cima!	¡Puedo usar esto para subir!	Mogę użyć tego, by się wznieść!	我能用這上去！	Bunu yukarı çıkmak için kullanabilirim!	Je peux utiliser ça pour monter !
evi_hint_levitate_sh	You can use this to go up.		これを使って上に上れそうよ！	Puedes usar esto para subir.	Думаю, что с его помощью\nты сможешь залезть наверх!	Du kannst das nutzen, um nach oben zu gelangen.	Puoi usare questo per andare su.	Du kan använda det här för att gå upp!	Você pode usar isso para subir.	¡Puedes usar esto para subir!	Możesz użyć tego, by się wznieść.	你能用這上去！	Bunu yukarı çıkmak için kullanabilirsin.	Tu peux te servir de ça pour monter.
evi_hint_homing_attack_so	I think I can get across using that machine!		あの機械を使って渡れそうだな！	¡Creo que puedo llegar al otro lado usando la maquinaria!	Думаю, что смогу перебраться на ту\nсторону с помощью этого устройства.	Ich denke ich kann mit dieser Maschine darüber!	Penso che posso attraversare usando quel macchinario!	Jag tror jag kan ta mig över med den där maskinen!	Acho que posso atravessar usando essa máquina!	¡Creo que puedo usar esa máquina para cruzar!	Raczej dostanę się na drugą stronę\nużywając tej maszyny!	我應該能用那個機械跨過去！	Sanırım o makineyi kullanarak karşıya geçebilirim!	On dirait que je peux traverser en utilisant cette machine !
evi_hint_homing_attack_sh	You can use a Homing Attack on that machine.		あの機械　ホーミングアタック\nできそうよ！	Puedes usar un Ataque Teledirigido en ese mecanismo.	К тому устройству можно применить\nСамонаводящуюся атаку!	Du kannst an der Maschine eine Homing Attack einsetzen!	Puoi usare un Attacco a Ricerca su quel macchinario.	Du kan använda en Homingattack på den där maskinen.	Você pode usar um\nAtaque Direcionado nesta máquina.	¡Parece que puedes usar un\nAtaque teledirigido en esa máquina!	Możesz użyć Ataku Naprowadzającego\nna tej maszynie.	你能對那個機械使出追蹤攻擊。	O makineye Güdümlü Saldırı kullanabilirsin.	Tu peux utiliser un Attaque Téléguidée sur cette machine.
evi_hint_hot_so	Woah, that looks hot!		ぐわー\nこれはあつそうだな	¡Uf, eso pinta caliente!	Ого! А там, наверно, горячо!	Hui, das sieht heiß aus!	WOAH, quel coso sembra bollente!	Whoa, det ser hett ut!	Uou, isso parece estar pelando!	¡A-Ah...! Eso se ve caliente.	Ło, to wygląda na gorące!	哇嗚，那看起來超燙！	Woah, sıcak gözüküyor!	Ouah, ça a l'air chaud !
evi_hint_hot_sh	That seems hot to the touch.		これは触ったらあつそうよ	Parece que está ardiendo.	Думаю, там очень горячо.	Da könnte man sich verbrennen.	Sembra troppo bollente per toccarlo.	Det verkar vara hett att at på.	Pelo visto parece estar bem quente.	Está muy caliente para que lo toques.	To wygląda na gorące w dotyku.	那看起來燙到不行。	Dokunmak için sıcak gözüküyor.	C'est trop chaud pour le toucher.
														
evi_boss_intro_so	You know, I've let you play around\nmore than enough for one day!		好き放題あばれやがって…\nちょいとオシオキが必要だな！	¿Sabes qué? ¡Creo que ya basta de tus juegecitos!	Не стыдно тебе так буянить?\nНадо бы тебя наказать!	Ich glaube, ich habe dich heute lange genug herumspielen lassen!	Sai, ti ho lasciato scorazzare troppo per un giorno!	Du vet, jag har låtit dig leka\nmer än nog för en dag!	Olha, já deixei você brincar\ndemais, já passou da hora!	Este chico es un descarriado...\n¡Démosle unas nalgadas!	Wiesz, za długo pozwoliłem Ci\nsię bawić jak na jeden dzień!	我這一整天好像讓你玩得太開心了呢！	Biliyor musun, bir gün için\nseni yeterince oyaladım!	Tu sais, je t'ai assez laissé jouer\n pour aujourd'hui !
evi_boss_intro_sh	Sonic, be careful!\nThe Ifrit is no child!		気をつけてソニーク！\nイフリートはコドモじゃないのよ！	¡Sonic, cuidado! ¡El ifrit\nno es para tomárselo a guasa!	Будь осторожен, Соник!\nИфрит не маленький ребёнок!	Sonic, sei vorsichtig! Der Ifrit ist kein Kind!	Sonic sta attento!\nL'Ifrit non è affatto un bambino!	Sonic, var försiktig!\nIfriten är inget barn!	Sonic, cuidado!\nO Ifrit não é uma criança!	¡Cuidado, Sonic! ¡Ese ifrit no es un niño!	Sonic, ostrożnie!\nIfrit nie jest żadnym dzieckiem!	索尼克，小心點！別把伊弗利特當成小孩子了！	Sonic, dikkatli ol!\nIfrit çocuk oyuncağı değil!	Sonic, sois prudent !\nL'Ifrit n'est pas un enfant !
evi_boss_prepare_sh	Ifrit, prepare yourself!		イフリート！\nカンネンしなさい！	Ifrit, ¡pretárate!	Ифрит! Сдавайся уже!	Ifrit, bereite dich vor!	Ifrit, preparati!	Ifrit, förbered dig!	Ifrit, prepare-se!	¡Ifrit, aplácate!	Ifrit, szykuj się!	伊弗利特，儘管放馬過來吧！	Ifrit, kendini hazırla!	Ifrit, prépare-toi !
evi_boss_hit_so	Yeah, how do you like that?\nNot so tough now, are you?		ＹＥＳ！どうだ敵ロボ？\n少しははんせいしたか？	¿Qué te ha parecido? ¿Eh, ifrit?	Да! Ну что, болван? Хоть немного\nподумал над своим поведением?	Yeah, wie gefällt dir das?\nJetzt bist du nicht mehr so taff, was?	Bene, ti piace?\nNon fai più il gradasso eh?	Ja, hur gillar du det?\nInte så tuff nu, eller hur?	E aí, curtiu? Não é tão durão, né?	¡SÍ! ¿Qué te parece, robot?\n¿Aprendiste la lección?	Ta, i co ty na to?\nNie jest z ciebie taki twardziel, co?	這樣如何呀？不是好像很厲害嗎？	Evet, bunu nasıl buldun?\nArtık o kadar da sert değilsin, değil mi?	Alors, qu'est-ce que tu en dis ?\nOn fait moins le malin, maintenant ?
evi_boss_hit_sh	That's it! You found its weak point!		やった！\nやっぱりここが弱点だったのね！	¡Ahí está!\n¡Has encontrado su punto débil!	Ура! Это и правда было\nего слабым местом!	Volltreffer! Du hast seinen Schwachpunkt entdeckt!	Eccolo! Hai trovato il suo punto debole!	Det är det! Du hittade dess svaga punkt!	É isso! Você encontrou o ponto fraco!	¡Lo hiciste! ¡Sí, es su punto débil!	To jest to!\nZnalazłeś jego słaby punkt!	很好！你找到它的弱點了！	İşte bu! Zayıf noktasını buldun!	C'est ça ! Tu as trouvé son point faible !
evi_boss_hit2_so	Stubborn little fella, isn't he?\nWell, OK, maybe not little.		しぶといヤツだな\nデカいだけのことはあるぜ！	Pero mira que es pesado... ¡En más de un sentido!	Какой крепкий!\nХотя он скорее просто огромный!	Hartnäckiger, kleiner Bursche, huh? Na ja, 'klein' wohl eher nicht...	Proprio un tipetto testardo, eh?\nBeh, OK, forse non un """tipetto""".	Envis liten kille, eller hur?\nTja, okej, kanske inte liten.	Bem teimoso esse nanico, né?\nTá, não tão nanico assim.	Es un chico muy rudo. ¡Bueno, no tan chico!	Uparty maluch, co nie?\nCóż, okej, może nie taki maluch.	很頑固的小傢伙嘛！嗯……叫你小傢伙好像也不太對。	İnatçı ufaklık, değil mi?\nTamam, belki ufaklık değil.	Il est têtu, ce petit gars !\nEnfin, pas si petit que ça...
evi_boss_hit3_so	Alright! Looks like it's almost\nlights out for you, big guy!		だいぶ効いてるみたいだな\nそろそろオネンネしてもらうぜ！	¡Ajá! ¡Pronto no nos darás más\nla lata, grandullón!	А это работает!\nПора отправить тебя баиньки!	Tja, jetzt dreh' ich dir den Saft ab du Hänger!	Bene! Sembra proprio che è\nquasi finita per te!	Okej! Det verkar som att det nästan\när släckt för dig, store vän!	Beleza! Tá quase na\nhora de nanar, grandão!	Parece que funciona bien, ¿eh?\n¡Es hora de la siesta!	Dobra! Wygląda na to, że dla\nCiebie zaraz pora spać, wielkoludzie!	好極了！大塊頭睡覺覺的時間快到囉！	Tamam! Sanırım senin için neredeyse\nışıklar söndü, koca adam!	C'est bientôt terminé pour toi !
evi_boss_defeat_so	Now I see why they tell you\nnot to play with fire.		火アソビが過ぎたようだな！	Ya veo por qué dicen que es\nmejor no jugar con fuego.	Игры с огнём закончились!	Jetzt weiß ich, warum es heißt, dass man mit Feuer nicht spielen soll.	Adesso capisco perchè ti dicono\ndi non giocare con il fuoco.	Nu förstår jag varför de säger att du\ninte ska leka med elden.	E é por isso que\nnão se deve brincar com fogo.	¡Y por eso no se juega con fuego!	Już rozumiem czemu mówią,\nżeby nie bawić się ogniem.	難怪俗話說，玩火易自焚！	Şimdi neden ateşle oynamamam\ngerektiğini söylediklerini anlıyorum.	Je comprends pourquoi\non dit de ne pas jouer avec le feu.
														
evi_hint_hand_sh	Maybe you should try attacking\nthe hands holding up its body?		あの　体を支えている手を攻撃したら\nけっこう効くんじゃないかしら？	¿Quizás deberías atacar las\nmanos que lo sostienen?	Может, атаковать руки, которые\nподдерживают его тело?	Vielleicht solltest du die Hände, die ihn stützen, angreifen?	Forse dovresti provare ad attaccare\nle mani che sorreggono il suo corpo?	Kanske borde du försöka attackera\nhänderna som håller upp dess kropp?	Talvez você devia tentar\natacar as mãos que o sustentam?	¿No servirá atacar las manos\nque sostienen su cuerpo?	Może spróbuj atakować\nręce podtrzymujące jego ciało?	試試看攻擊把它身體支撐起來的雙手？	Belki vücudunu tutan ellere\nsaldırmayı denemelisin?	Essaie d'attaquer les mains\nqui soutiennet son corps.
evi_hint_head_sh	I sense a strong power coming\nfrom the light on the Ifrit's head.		イフリートの頭の光る部分に強い力を\n感じる…弱点はきっとそこよ！	Siento un gran poder proveniente de\nla luz de la cabeza del ifrit.	Я чувствую огромную силу\nв светящейся части головы Ифрита...\nДумаю, это слабое место!	Ich spüre eine starke Kraft, die vom Kopf des Ifrit ausgeht...	Percepisco un forte potere venire\ndalla luce nella testa dell'Ifrit	Jag känner en stark kraft som kommer\nfrån ljuset på Ifrits huvud.	Eu sinto uma forte energia vindo\nda luz na cabeça do Ifrit.	Siento un gran poder en la parte brillante\nde la cabeza del ifrit... ¡Ese debe ser su punto débil!	Wyczuwam silną moc pochodzącą\nod światła na głowie Ifrita.	我從伊弗利特頭頂上的光芒感覺到了強大的力量。	Ifrit'in başındaki ışıktan gelen\ngüçlü bir gücü hissediyorum.	La lumière qui jaillit de sa tête\nest la source de son pouvoir.
evi_hint_head2_sh	Try to find some way to get the Ifrit\nto lower his head into range!		イフリートの頭を下へおろすには\nどうしたらいいのかしら？	¡Tienes que encontrar alguna manera\nde acercar su cabeza hacia ti!	Интересно, что нужно сделать,\nчтобы наклонить вниз голову Ифрита?	Bring den Ifrit dazu, seinen Kopf zu senken, um ihn anzugreifen!	Trova un modo per portare l'Ifrit\nad abbassare la sua testa per colpirlo!	Försök hitta något sätt att få Ifriten\natt sänka huvudet inom räckhåll!	Encontre uma maneira de fazer\na cabeça do Ifrit se aproximar!	¿Cómo podemos hacer que baje la cabeza?	Znajdż jakiś sposób, żeby Ifrit\nopuścił głowę w zasięg!	想辦法讓伊弗利特的頭降落到攻擊範圍內！	Ifrit'in başını menzile sokmanın\nbir yolunu bulmaya çalış!	Essaie de baisser la tête de l'Ifrit\npour qu'elle soit à portée.
evi_hint_laser_sh	It looks like the Ifrit's eye laser\nitself won't hurt you.		イフリートの　目のレーザー自体は\nさわっても大丈夫みたいね！	Parece que el ojo láser del ifrit\nno te hace daño directamente.	Осторожно! Постарайся не касаться\nлазеров из глаз Ифрита!	Das Laserauge selbst kann dir scheinbar nichts anhaben!	Sembra che i laser dagli occhi dell'Ifrit\nnon ti faranno male.	Det verkar som att Ifrits ögonlaser\ni sig inte kommer att skada dig.	Parece que o laser ocular do Ifrit\nnão lhe causa dano diretamente.	¡Parece que puedes tocar el láser del ojo del ifrit!	Wygląda na to, że laser z oka Ifrita\nsam w sobie Cię nie skrzywdzi.	看樣子伊弗利特的眼睛雷射本身傷不了你。	Ifrit'in göz lazerinin sana\nzarar vermeyeceği anlaşılıyor.	L'oeil laser d'Ifrit ne devrait\npas pouvoir te faire de mal.
evi_hint_water_sh	As the Ifrit's body sinks,\nthe water level in the furnace rises.		イフリートが体を沈めると溶鉱炉の\n水面が上昇するわ！　気をつけて！　	Según el cuerpo del ifrit se hunde,\nel nivel del agua sube.	Когда Ифрит утонет, поднимется топливо\nплавильной печи! Будь осторожен!	Wenn der Ifrit sinkt, steigt der Wasserpegel im Schmelzofen!	Se il corpo dell'Ifrit affonda,\nil livello dell'acqua della fornace si innalzerà.	När Ifrits kropp sjunker,\nstiger vattennivån i ugnen.	Assim que o corpo do Ifrit afunda, o\nnível da água na fornalha sobe.	¡Conforme el ifrit se hunda, el nivel de agua\nen la fundición subirá! ¡Ten cuidado!	Im bardziej ciało Ifrita tonie,\ntym bardziej poziom wody w piecu rośnie.	伊弗利特的身體沉下去會讓熔爐的水面上升。	Ifrit'in bedeni battıkça,\nfırındaki su seviyesi yükselir.	Quand l'Ifrit s'enfonce, le niveau\nde l'eau monte dans la fournaise !
														
levitated_ruin	Levitated Ruin		レビテイテッド　ルーイン	Ruinas Levitantes	Парящие руины	Levitated Ruin	Rovine Levitate	Leviterad Ruin	Levitated Ruins	Ruinas Levitadas	Lewitujące Ruiny	懸浮遺址	Havadaki Harabe	Levitated Ruin
levitated_ruin_description	A floating hall of the dead.		天空をさまよう墳墓。	Un mausoleo celeste.	Гробница, парящая в небе.	Die schwebende Halle der Toten.	Un fluttuante mausoleo della morte.	En flytande dödshall.	Um salão flutuante dos mortos.	Un mausoleo a la deriva en el cielo.	Unoszący się korytarz umarłych.	在天空徘徊的墳墓。	Ölülerin uçan salonu.	Un mausolée flottant.
														
lev_sinbad_so	Man, this Sinbad must\nreally be someone special.		シンドバッドひとりに\nやけに大げさだな	Guau, este Simbad tiene mucha\npinta de ser alguién importante.	Как-то многовато всего\nдля одного Синдбада.	Man, dieser Sindbad muss jemand ganz Besonderes sein.	Cavolo, questo Sinbad deve\nessere proprio qualcuno di speciale.	Herregud, den här Sinbad måste\nverkligen vara någon speciell.	Cara, esse Simbad deve ser\na última bolacha do pacote.	¿Y toda esta faramalla es para custodiar a Simbad?	Człowieku, ten Sinbad\nmusi być kimś specjalnym.	這個叫「辛巴達」的人肯定是大有來頭吧。	Adamım, bu Sinbad\ngerçekten özel biri olmalı.	Ce Sinbad doit vraiment\nêtre quelqu'un d'exceptionnel.
lev_sinbad_sh	Of course!\nHe's one of this world's heroes!		彼はこの世界では英雄てすもの！	¡Pues claro! ¡Es uno de los héroes de este mundo!	Потому что он герой в этом мире!	Aber klar! Er ist einer der Helden dieser Welt!	Ovviamente!\nÈ uno degli eroi di questo mondo!	Självklart!\nHan är en av den här världens hjältar!	Mas é claro! Ele é um dos heróis deste mundo!	¡Es que es un héroe en este mundo!	Oczywiście!n\Jest jednym z bohaterów tego świata!	當然了，他可是這個世界的英雄之一呢！	Elbette!\nO bu dünyanın kahramanlarından biri!	Évidemment !\nC'est un des héros de ce monde !
lev_end_so	Is that Sinbad?		あ　あいつがシンドバッド！？	¿Es ese Simbad?	Это и есть Синдбад?	Ist das Sindbad?	È quello Sinbad?	Är det Sinbad?	Aquele é o Simbad?	¡Ah! ¡¿Ese tipo es Simbad?!	Czy to Sinbad?	他是辛巴達？	O Sinbad mı?	Est-ce que c'est Sinbad ?
lev_end_sh	Ah! Over there!		あっ　あそこ！	¡Ah! ¡Mira allí!	Мы на месте!	Ah! Da drüben!	Ah! Di qua!	Ah! Där borta!	Ah! Ali!	¡Ah! ¡Por allá!	Ah! Tam!	啊！那邊！	Ah! İşte orada!	Ah ! Par ici !
lev_rescue_so	Oh, come on...		やれやれ	Oh, venga ya...	Да потерпи ты!	Meine Fresse...	Oh, andiamo...	Oh, kom igen...	Ah, qual é...	Ay, por favor...	Eh, no weż...	真是的……	Oh, hadi ama...	Oh, allez...
lev_rescue_sh	Don't worry, Sinbad!\nWe'll rescue you!		シンドバッド様\nすぐにお助けします	¡No te preocupes, Simbad!\n¡Vamos a rescatarte!	Господин Синдбад, мы вас сейчас спасём!	Keine Sorge, Sindbad! Wir retten dich!	Non ti preoccupare Sinbad!\nTi salveremo!	Oroa dig inte, Sinbad!\nVi kommer att räddar dig!	Não se preocupe, Simbad! Nós vamos te salvar!	Gran Simbad, pronto acudiremos en su ayuda.	Nie martw się, Sinbad!\nUratujemy Cię!	辛巴達別擔心！我們會把你救出來的！	Endişelenme, Sinbad!\nSeni kurtaracağız!	Ne t'inquiète pas, Sinbad !\nOn va te sauver !
lev_rescue_kn	Yeah, any day now. Thanks.		おーい\n早いとこ頼むぜー	Pues ¡daos prisa!	Эй, а можно побыстрее?	Ja, na klar! Nur keine Eile!	Sí, da un momento all'altro. Grazie.	Ja, vilken dag som helst nu. Tack.	Antes tarde do que nunca. Obrigado.	Oigan, dense prisa, por favor.	Ta, już lada dzień. Dzięki.	拜託你們快一點，謝啦。	Evet, her an olabilir. Teşekkürler.	Ouais, quand vous voulez. Merci.
lev_seal_so	Hm. Well, let's get that\ntaken care of, then.		ふーん\nじゃあ　サクッと片付けるか	¡Hum! Ocupémonos de este asunto, entonces.	Хм-м. Тогда постараюсь здесь\nбыстренько со всем разобраться.	Hm. Na ja, dann lass uns das mal erledigen.	Hm. Beh, occupiamocene allora.	Hm. Nå, låt oss ta\nhand om det då.	Hm. Bom, então vamos dar um jeito nisso.	Ah... Bien, hagamos esto rápido.	Hm. Coż, w takim razie\nzajmijmy się tym.	哼。\n那就盡快解決掉吧。	Hm. Pekala, O zaman\nhadi bunu halledelim.	Hm. Bon, occupons-nous de ça.
lev_seal_sh	The device to break the seal\nshould be atop this tower.		この塔の屋上に封印を解く\n仕掛けがあるはずよ	El aparato para deshacer el sello\ndebería estar en la cima de esta torre.	На крыше башни должно быть что-то,\nчто поможет нам открыть клетку.	Das Gerät, welches das Siegel aufbrechen kann,\nsollte an der Spitze des Turmes sein.	Il dispositivo per rompere il sigillo\ndovrebbe essere sopra quella torre.	Anordningen för att bryta förseglingen\nborde vara ovanpå det här tornet.	O dispositivo para quebrar o selo\ndeve estar no topo desta torre.	Tiene que haber un mecanismo para abrir\nel candado en el techo de esta torre.	Urządzenie do złamania pieczęci\npowinno być na górze tej wieży.	打破封印的裝置應該在那座塔的上面。	Mührü kıracak cihaz bu\nkulenin tepesinde olmalı.	L'appareil pour briser le sceau\ndevrait être au sommet de cette tour.
lev_directions_so	Okay, now what?		で、どうすりゃいいのさ	Bien... ¿Ahora qué?	А что нужно сделать?	OK, und jetzt?	Ok, e adesso?	Okej, nu då?	Tá, e agora?	Bien, ¿qué debo hacer?	Okej, co teraz?	好，那我們現在要幹嘛？	Tamam, simdi ne?	Okay, et maintenant ?
lev_directions_sh	Over there. The lever!		そのレバーを傾けて	¡Fíjate en esa palanca!	Вот тот рычаг!	Da drüben. Der Hebel!	Di là. La leva!	Där borta. Spaken!	Ali. A alavanca!	Mueve esa palanca.	Tam. Ta dżwignia!	在那邊！是操縱桿！	Burada. Şalter!	Là-bas ! Le levier !
lev_return_so	Huh? We're back\nto where we started.		あれ？もとの場所に戻ったぞ	¿Eh? Hemos vuelto\nal punto de partida.	А? Обратно вернулись, что ли?	Hä? Wir sind ja wieder am Anfang.	Eh? Siamo tornati\nda dove avevamo cominciato.	Huh? Vi är tillbaka\ndär vi började.	Hã? A gente voltou pro começo.	¿Qué? Volvimos a donde empezamos.	Co? Jesteśmy tu\ngdzie zaczeliśmy.	奇怪？我們回到原點了。	Huh? Başladığımız\nyere geri döndük.	Hein ? On est retourné au départ.
lev_return_sh	Okay, now we need to\nfind the next switch.		さっ　次のスイッチに向かいましょう	Vale, ahora tenemos que encontrar\nel siguiente interruptor.	Теперь отправляйся к следующему\nпереключателю!	OK, jetzt müssen wir den nächsten Schalter finden.	Ok, adesso dobbiamo\ntrovare il prossimo interrutore.	Okej, nu måste vi\nhitta nästa strömbrytare.	Ok, agora precisamos\nencontrar a próxima alavanca.	Bien, busquemos el próximo interruptor.	Okej, teraz musimy\nznależć kolejny przycisk.	好，接著去找下個開關吧。	Tamam, şimdi bir sonraki\nanahtarı bulmamız gerekiyor.	Okay, trouvons le prochain interrupteur.
lev_fun_so	Oh well. Guess we get to\nhave a little more fun.		しょうがないな\nもうちょっと付き合ってやるか	Vaya, pues parece que nos vamos a divertir un buen rato.	Ладно. Поработаю тут ещё немного.	Na dann kann der Spaß ja weitergehen!	Oh beh. Immagino che ci\ndivertiremo un pochino di più.	Nåja. Antar att vi får\nha lite mer kul.	Bom... Parece que a gente vai\nse divertir mais um pouco.	Bueno, parece que esto aún no acaba.	No trudno. Przynajmniej możemy się\ntrochę dłużej pobawić.	好吧。看來能再多玩幾下呢。	Neyse. Sanırım biraz\ndaha eğleneceğiz.	Bon, le plaisir dure un peu plus longtemps.
lev_fun_sh	Fun?! Is that what all this is to you?		ちょっと！\nもしかして　楽しんでない？	¡¿Eh?! ¡No me digas que lo estás disfrutando!	Эй! Ты тут развлекаешься что ли?	Spaß?! Begreifst du nicht den Ernst der Lage?	Ci divertiremo?! Tutto questo per te è divertente?	Kul?! Är det vad allt det här är för dig?	Diversão? Isso tudo é diversão pra você?	¡Oye! ¿Acaso no te estás divirtiendo?	Bawić się?! Czy to wszystko dla Ciebie\njest tylko zabawą?	玩？！你對這一切都這麼想嗎？	Eğlence mi?! Senin için bütün bunlar eglence mi?	Tout ça n'est qu'une\npartie de plaisir pour toi ?!
lev_eyes_so	Oh, that's right.\nI think I remember reading about that...		そういや\nそんな伝説の怪物がいたっけか	¡Oh!, cierto. Recuerdo haber leído sobre ello...	Кстати, это чудище было\nв каком-то рассказе?	Oh, stimmt. Ich glaube davon hab ich mal gelesen...	Oh, giusto.\nRicordo di averlo letto...	Oh, det stämmer.\nJag tror att jag minns att jag läste om det...	Ah, é verdade.\nEu lembro de ter lido sobre isso...	Ahora que lo pienso,\n¿ese no es un monstruo legendario?	A, bez kitu.\nKojarze, że czytałem coś o tym...	喔，對了。我好像記得有讀過那個……	Ah, doğru.\nSanırım bununla ilgili bir şeyler okumuştum...	Oh, c'est vrai.\nJ'ai dû lire ça quelque part...
lev_eyes_sh	Look out! The light from his eyes\ncan turn you to stone!		気をつけて！\n目が光ったら石化がくるわ	¡Cuidado! ¡El brillo de sus ojos puede convertirte en piedra!	Будь осторожен! Если глаза статуи\nзасветятся, ты окаменеешь!	Pass auf! Das Licht von seinen Augen kann dich versteinern!	Attento! La luce dei suoi occhi\npuò trasformarti in pietra!	Se upp! Ljuset från hans ögon\nkan förvandla dig till sten!	Cuidado! A luz dos olhos dele\npode te transformar em pedra!	¡Cuidado! Si te ve cuando\nsus ojos brillan, te petrificará.	Uważaj!\nŚwiatło z jego oczu zmieni Cię w kamień!	小心！被他的眼睛光線照到的話會被石化！	Dikkat et! Gözlerinden gelen\nışık seni taşa çevirebilir!	Attention ! La lumière de ses yeux\npeuvent te pétrifier !
lev_shield_so	My Homing Attack!\nIt won't work!		オレのホーミングアタックが効かないだって	¡No funciona mi Ataque Teledirigido!	Моя Самонаводящаяся атака...\nне сработала?	Meine Homing Attack!\nSie funktioniert nicht!	Il mio Attacco a Ricerca!\nNon funzionerà!	Min Målsökande Attack!\nDen funkar inte!	Meu Ataque Direcionado!\nEle não funciona!	Agh, mi Ataque teledirigido no funciona.	Mój Atak Naprowadzający\nnie działa!	我的追蹤攻擊居然對它沒用！	Güdümlü Saldırım!\nİşe yaramıyor!	Mon Attaque Téléguidée\nne fonctionne pas !
lev_shield_sh	He's protected by those winds!		あいつ　風を起こして不正だのよ	¡Lo protege la fuerza del viento!	Он вызвал ветер и защитился\nс его помощью!	Er ist durch diesen Wind geschützt!	È protetto da quei venti!	Han är skyddad av dem vindarna!	Ele está sendo protegido pelo vento!	Hace trampa usando el viento.	Jest chroniony przez te wiatry!	他被那些風保護著！	Rüzgarlar onu koruyor!	Il est protégé par ces bourrasques !
														
lev_hint_wind_so	Man, this wind is strong!\nIt's blowing me back!		スゴイ風だぜ\n吹き飛ばされそうだ！	¡Este viento me empuja hacia atrás!\n¡Casi no puedo avanzar!	Ветер очень сильный!\nМеня сейчас сдует!	Mann, dieser Wind ist echt stark!\nIch komm kaum vorran!	Cavoli, questo vento è fortissimo!\nMi sta soffiando via!	Men, den här vinden är stark!\nDen blåser mig tillbaka!	Cara, que ventania!\nEla tá me empurrando pra trás!	¡Qué viento tan fuerte!\n¡Siento que saldré volando!	O stary, ten wiatr jest silny!\nOdpycha mnie do tyłu!	風太強了吧！\n我要被吹走了！	Adamım, rüzgar güçlü!\nBeni geri itiyor!	Le vent est fort !\nIl me pousse en arrière !
lev_hint_wind_sh	The wind speed here is incredible!\nBe careful, Sonic!		スゴイ風圧ね吹き飛ばされないように\n気をつけてソニック！	¡La velocidad del viento es sorprendente!\n¡Ve con cuidado, Sonic!	Какой сильный ветер! Будь осторожен,\nСоник! Иначе тебя сдует!	Mann, dieser Wind ist echt stark!\nIch komm kaum vorran!	La velocità del vento qui è fortissima!\nSta attento Sonic!	Vindhastigheten här är otrolig!\nVar försiktig, Sonic!	A força do vento aqui é impressionante!\nCuidado, Sonic!	¡La fuerza del viento es increíble!\n¡No vayas a salir volando, Sonic!	Ta prędkość wiatru tutaj jest niemożliwa!\nOstrożnie, Sonic!	這裡吹著很強勁的風！\n小心啊，索尼克！	Rüzgar hızı burada inanılmaz!\nDikkatli ol, Sonic!	La vitesse du vent est incroyable!\nSois prudent, Sonic !
lev_hint_gargoyle_so	Hey! That stone statue just moved!		おい！　あの石像　動いたぞ！	¡Oye! ¡Esa estatua acaba de moverse!	Ой, эта статуя двигается!	Hey! Die Steinstatue hat sich gerade bewegt!	Ehi! Quella statua di pietra si è mossa!	Hej! Den stenstatyn rörde precis på sig!	Ei! Aquela estátua se mexeu!	¡O-Oye, esa estatua de piedra se movió!	Hej!\nTa kamienna statua właśnie się poruszyła!	喂！那個石像剛才動了！	Hey! Şu taş heykel hareket etti!	Hé ! Cette statue de pierre vient de bouger !
lev_hint_gargoyle_sh	I think that stone statue just moved!		あの石像　今動いてみたい！	¡Creo que esa estatua se acaba de mover!	Похоже, эта статуя сдвинулась...	Ich glaube die Statue hat sich gerade bewegt!	Penso che quella statua di pietra si sia mossa!	Jag tror den stenstatyn rörde på sig precis!	Acho que aquela estátua de pedra\nacabou de se mexer!	¡Vi que esa estatua de piedra acaba de moverse!	Ta kamienna statua chyba właśnie się poruszyła!	那個石像好像動了！	Sanırım şu taş heykel hareket etti!	Je crois que cette statue vient de bouger !
lev_hint_petrify_sh	If you get turned to stone,\npress [button_action] repeatedly to break free!		石にされたら[button_action]を押して！\n石化を解くことができるわ！！	Si te convierten en piedra, ¡pulsa repetidamente [button_action]\npara liberarte!	Если окаменеете, нажмите кнопку\nдействия, чтобы освободиться!	Wirst du versteinert, drücke wiederholt den Action-Knopf, um dich zu befreien!	Se vieni trasformato in pietra, premi il Tasto Azione per liberarti!	Om du förvandlas till sten,\ntryck upprepade gånger på [button_action] för att bryta dig loss!	Se você virar pedra, use [button_action] para se libertar!	¡Si te petrifican, presiona [button_action] para romper la petrificación!	Jeśli zostaniesz zamieniony w kamien,\npowtarzalnie wciskaj [button_action] by się wydostać!	如果你被石化了，重覆按下 [button_action] 掙脫！	Taşa dönüşürsen, kurtulmak için Aksiyon Düğmesine bas!	Si tu es pétrifié, appuie sur le Bouton d'Action pour te libérer !
lev_hint_chase_so	You're not getting away!		逃がすか！	¡No escaparás tan facilmente!	Не сбежишь!	Mir entkommst du nicht!	Tu non te ne vai!	Du kommer inte undan!	Você não vai escapar!	¡No escaparás!	Nigdzie się nie wybierasz!	不會讓你逃走的！	Kaçmıyorsun!	Tu ne t'échapperas pas !
lev_hint_chase_sh	After him, Sonic!		追ってソニック！	¡Ve tras él, Sonic!	Догони его, Соник!	Ihm nach, Sonic!	Inseguilo Sonic!	Efter honom, Sonic!	Atrás dele, Sonic!	¡Persíguelo, Sonic!	Za nim, Sonic!	追上它，索尼克！	Takip et onu, Sonic!	Poursuis-le, Sonic !
lev_hint_tag_so	Hey, if you want to play tag,\ngo do it someplace else!		鬼ごっこならヨソでやりな	¡Oye, no es momento de jugar al pillapilla!	Если хочешь поиграть в догонялки,\nделай это в другом месте!	Wenn du Fangen spielen willst, bist du an der falschen Adresse!	Ehi, se vuoi giocare ad acchiaparella\nfallo da un'altra parte!	Hej, om du vill leka tafatt,\ngör det någon annanstans!	Ei, se você quer brincar de pega-pega,\nvá brincar em outro lugar!	Ve a otro lado si quieres jugar a las atrapadas.	Hej, jak chcesz się bawić w berka,\nidż to robić gdziekolwiek indziej!	欸，不要在這裡玩捉迷藏啦！	Hey, eğer ebelemece oynamak\nistiyorsanız başka yere gidin!	Hé, si tu veux jouer au chat,\nfais-le ailleurs !
lev_hint_tag_sh	They just keep coming!		もー　きりがないわ	¡No dejan de aparecer más y más!	Да им конца и края нет!	Sie nehmen kein Ende!	Continuano ad arrivare!	De bara fortsätter att komma!	Eles não param de aparecer!	¡Ah...! ¡No parece tener fin!	Ciągle nadchodzi ich więcej!	有完沒完啊！	Gelmeye devam ediyorlar!	Ils n'arrêtent pas !
lev_hint_ivy_so	I can get across using the ivy.		ツタを使えば向こうに\n行けそうだな	Puedo cruzar usando la hiedra.	Похоже, на другую сторону можно\nперебраться с помощью лиан.	Ich kann da drüber, indem ich am Efeu schwinge.	Posso attraversare usando la liana.	Jag kan ta mig fram med hjälp av murgrönan.	Eu posso atravessar\nusando a hera!	Podemos llegar hasta allá\nusando las lianas.	Mogę tam dotrzeć używając tego bluszczu.	我可以用這個藤盪過去。	Sarmaşığı kullanarak karşıya geçebilirim.	Je peux traverser grâce au lierre.
lev_hint_ivy_sh	You can probably use\nthe ivy to get across.		ツタを使えば向こうに\n行けるんじゃないか？	Seguro que la hiedra te sirve para llegar al otro lado.	Интересно, нельзя ли перебраться\nна другую сторону с помощью лиан?	Nutze doch den Efeu, um auf die andere Seite zu kommen.	Puoi probabilmente usare\nla liana per attraversare.	Du kan förmodligen använda\nmurgrönan för att komma över.	Você provavelmente pode\nusar a hera para atravessar.	¿No se podría llegar hasta\nallá usando las lianas?	Pewnie możesz użyć bluszczu\nby się tam przedostać.	你應該可以用這個藤盪過去吧？	Sarmaşığı kullanarak\nmuhtemelen karşıya geçebilirsin.	Tu peux sûrement traverser\ngrâce au lierre.
lev_sandflow_so	If we can stop the sand flow,\nwe can probably walk across.		砂の流れを止められれば\n足場にできそうだな	Si logramos detener el curso de la arena,\nprobablemente podremos atravesarla.	Если остановить поток песка,\nто будет точка опоры для ног.	Wenn wir den Sand-Fluss stoppen,\nkönnten wir da locker durch laufen.	Se riuscissimo a fermare il flusso di sabbia\npotremmo attraversare.	Om vi ​​kan stoppa sandflödet,\nkan vi förmodligen gå över.	Se a gente parar a areia,\nacho que conseguiremos atravessar.	Si pudiéramos detener el flujo de arena,\npodríamos pasar por ahí.	Jeśli zatrzymamy przepływ piasku,\npewnie uda się tam przejść.	我們若能停止砂流，\n應該就可以跨過去了。	Kum akışını durdurabilirsek,\nmuhtemelen yürüyerek geçebiliriz.	Si on arrête l'écoulement du sable,\non pourra traverser.
lev_sandflow_sh	If we can stop the sand from flowing,\nwe could walk on it.		砂の流れを止められれば\n足場にできそうだけど	Si detenemos el flujo de la arena,\npodremos andar sobre ella.	Если остановить поток песка,\nто будет точка опоры для ног.	Wenn wir den fließenden Sand aufhalten, könnten wir darauf laufen.	Se riuscissimo a fermare la sabbia che fluisce\npotremmo camminarci.	Om vi ​​kan stoppa sanden från att rinna,\nkan vi gå på den.	Se nós pararmos o fluxo de areia,\npoderemos andar sobre ela.	Si pudiéramos detener el flujo de arena,\npodríamos pasar por ahí.	Jeśli zatrzymamy przepływ piasku,\nbedzięmy mogli na nim chodzić.	我們若能停止沙子流動，\n應該就可以走過去。	Kumun akmasını durdurabilirsek,\nüstünde yürüyebiliriz.	Si on empêche le sable de s'écouler,\non pourrait marcher dessus.
lev_hint_spikes_so	Huh! This is turning into some dogfight!		オレとドッグファイトでもしょってもか	¡Vaya! ¡Esto se está conviertiendo en un combate aéreo!	Хм, устроим с тобой воздушный бой?	Ha! Ne richtige Luftschlacht hier!	Uh! Questa si sta trasformando proprio in una rissa!	Huh! Det här håller på att bli ett slagsmål!	Hã! Isso tá virando um combate aéreo!	¿Quieren volverlo una pelea aérea?	Hm! To się zamienia w jakąś przepychankę!	哇！變成在纏鬥了！	Hah! Bu bir tür it dalaşına dönüşüyor!	Ha ! On dirait une combat aérien !
lev_hint_spikes_sh	Woah! What's with the spikes?		なんなの\nこのしつっこいトゲ	¡Hala! ¿Y estos pinchos?	Ай! Что это за шипы такие?	Woah! Was sind denn das für Stacheln?	Woah! Cosa sono quegli spuntoni?	Woah! Vad är det med spikarna?	Uou! E esses espinhos?	¿Qué pasa con esas espinas tan molestas?	Łał! O co chodzi z tymi kolcami?	哇！那個尖刺是怎樣？	Woah! Bu dikenler neyin nesi?	Ouah ! C'est quoi ces pointes ?
lev_hint_lever1_so	Should I pull this lever?		このレバーを傾ければ良いのか？	¿Debería accionar esta palanca?	Надо наклонить этот рычаг?	Soll ich mal an diesem Hebel ziehen?	Dovrei tirare questa leva?	Borde jag dra i den här spaken?	Será que eu devo puxar essa alavanca?	¿Basta con mover esta palanca?	Mam pociągnąć tę dżwignię?	我應該拉這個操控桿嗎？	Bu şalteri çekmeli miyim?	Devrais-je tirer ce levier ?
lev_hint_lever1_sh	Pull that lever!		そのレバーを傾けて	¡Acciona la palanca!	Наклони этот рычаг!	Ziehe den Hebel!	Tira quella leva!	Dra in den spaken!	Puxe essa alavanca!	Mueve esta palanca.	Pociągnij tę dżwignię!	去拉那個操控桿！	Şu şalteri çek!	Tire ce levier !
lev_hint_lever2_so	Two to go!		あと２つ	¡Quedan dos!	Осталось ещё два!	Noch zwei!	Ne mancano due!	Två kvar!	Faltam duas!	Faltan 2.	Zostały dwie!	剩兩個了！	İki kaldı!	Encore deux !
lev_hint_lever2_sh	Two more!		あと２つ	¡Quedan dos más!	Осталось ещё два!	Zwei weitere!	Ancora due!	Twå till!	Mais duas!	Faltan 2.	Jeszcze dwie!	還有兩個！	İki daha!	Plus que deux !
lev_hint_lever3_so	Just one more to go!		あと１つ	¡Solo una más!	Остался один!	Nur noch einer!	Ne manca solo uno!	Bara en kvar!	Falta só mais uma!	Falta 1.	Została tylko jedna!	剩一個了！	Sadece bir kaldı!	Il n'en reste plus qu'un !
lev_hint_lever3_sh	One more!		あと１つ	¡Queda una!	Остался один!	Ein weiterer noch!	Ancora uno!	En till!	Mais uma!	Falta 1.	Jeszcze jedna!	還有一個！	Bir daha!	Plus qu'un !
lev_hint_lever4_so	Finished!		ＦＩＮＩＳＨ！	¡Hecho!	Готово!	Geschafft!	Finito!	Färdig!	Pronto!	¡Terminamos!	Koniec!	結束！	Bitti!	Terminé !
lev_hint_lever4_sh	That's the last one!		これで最後！	¡Esa es la última!	Последний!	Das war der letzte!	Quello è l'ultimo!	Det är den sista!	Essa foi a última!	¡Es la última!	To jest ostatnia!	這是最後一個了！	Bu sonuncusu!	C'était le dernier !
														
														
pirate_storm	Pirate Storm		パイレーツ　ストーム	Tormenta Pirata	Пиратский шторм	Pirate Storm	Tempesta Pirata	Pirat Storm	Pirate Storm	Tormenta Pirata	Piracki Sztorm	海盜暴風	Korsan Fırtınası	Pirate Storm
pirate_storm_description	Bandits roam through the tempest.		荒れ狂う海城と海賊団。	Forajidos navegan a través de la tempestad.	Пираты и бушующий участок моря.	Ansturm der wilden Banditen.	Banditi che vagano nella tempesta.	Banditer strövar omkring i stormen.	Bandidos rondam pela tempestade.	Un castillo en el furioso mar y piratas.	Bandyci grasują wśrod nawałnic.	受海盜與暴風雨肆虐的海域。	Fırtınada haydutlar dolaşıyor.	Des bandits errent à travers la tempête.
														
pir_opening_so	Well, so much for a vacation.		バカンスはおあずけってわけか	Hay mejores sitios para ir de vacaciones.	Ну, в отпуск пока не поедем.	Tja, den Urlaub kann ich mir wohl abschminken.	Beh, tanto per una vacanza.	Ja, så mycket för en semester.	É... férias por água abaixo.	Supongo que las vacaciones esperarán.	Cóż, tyle by było z wakacji.	看來度假的美夢泡湯了。	Tatil için çok fazla.	Eh bien, quelles vacances.
pir_opening_sh	The seas have turned stormy...		海が荒れてるわ…	El mar sí que está agitado...	Море разбушевалось...	Ein Sturm zieht auf...	I mari sono diventati tempestosi...	Haven har blivit stormiga...	O mar ficou bem agitado...	El mar está bastante agitado...	Oceany zrobiły się burzliwe...	開始下起暴雨了…	Denizler fırtınalı oldu...	La mer se déchaîne...
pir_cannon_event_so	Hey, check this thing out!		いいものがあるぜ！	¡Eh! ¡Fíjate en eso!	Ну хоть что-то хорошее!	Hey, check das mal ab!	Ehi, guarda questo!	Hej, kolla in den här grejen!	Ei, saca só isso!	¡Esta cosa pinta bien!	Hej, obczaj to!	嘿，你看這玩意！	Hey, şu şeye bir bak!	Eh, regarde ça !
pir_cannon_event_sh	Sonic, w-wait!		ちょっとソニック！	¡Sonic, e-espera!	Стой, Соник!	Sonic, w-warte!	Sonic as-aspetta!	Sonic, v-vänta!	Sonic, e-espera!	¡Espera, Sonic!	Sonic, c-czekaj!	索尼克，等一下啦！	Sonic b-bekle!	Sonic, a-attends !
pir_cannon_start_so	Hold on tight, Shahra!		振り落とされんなよ	¡Agarrate bien, Shara!	Главное, чтобы тебя не сбросило!	Gut festhalten, Shahra!	Tieniti forte Shahra!	Håll i dig hårt, Shahra!	Aguenta aí, Shahra!	No te vayas a caer.	Trzymaj się mocno, Shahra!	夏拉，抓緊囉！	Sıkı tutun, Shahra!	Accroche-toi, Shahra !
pir_cannonball_jump_so	Yahoo!		ひゃっほー！	¡Toma ya!	Йее-хуу!	Yahoo!	YAHOO!	Yahoo!	Yahoo!	¡Yajúuu!	Juhuu!	呀呼！	Yahoo!	Yahoo !
pir_cannonball_end_so	See, now this is why\nI love coming to the ocean.		せっかくの海だ\n楽しんでいるこうぜ！	Ya ves, por esto me gusta\ntanto el océano.	Мы же на море!\nДавай насладимся моментом!	Siehst du, deshalb bin ich immer gern am Meer.	Vedi, ecco perchè\nmi piace arrivare all'oceano.	Se, det är därför\njag älskar att komma till havet.	Viu só, é por isso que\neu gosto tanto do oceano.	¡Ya que estamos en el mar, disfrutémoslo!	Widzisz, dlatego właśnie\nkocham przychodzić do oceanu.	這就是我愛來大海玩的原因！	Bak, işte bu yüzden\nokyanusa gelmeyi seviyorum.	Tu vois, c'est pour ça\nque j'adore la mer.
pir_cannonball_end_sh	Oh, you're so reckless!		もー　無茶なんだから！	¡Mira que eres temerario!	Ох! Какой же ты безрассудный!	Ohh! Du bist so waghalsig!	Oh, sei cosí spericolato!	Oh, du är så vårdslös!	Ah, você é tão imprudente!	¡Ash, eres un imprudente!	Oh, jesteś taki lekkomyślny!	你也太亂來了！	Oh, çok pervasızsın!	Oh, tu es si téméraire !
pir_grotto_so	Phew!		ひゅ～	¡Uf!	Фух!	Puh!	Fiuu!	Phew!	Ufa!	*silbido*	Fiu!	呼！	Phew!	Pfiou !
pir_grotto_sh	Ohh! It's so pretty!		うわ～，　キレイ…	¡Ohh! ¡Qué bonito!	Ах, красота!	Ohh! Ist das schön!	Ohh, è cosí bello!	Ohh! Den är så fin!	Uau! É tão bonito!	¡Guau, es hermoso...!	Ooo! Jest tak pięknie!	喔！這好漂亮！	Ohh! Çok güzel!	Ohh ! C'est si beau !
pir_surf_so	Okay, let's use this!		よし！　これを使うぜ！	¡Podemos aprovechar esto!	Отлично! Воспользуюсь этим!	Super! Lass uns das mal ausprobieren!	Ok, usiamo questo!	Okej, låt oss använda den här!	Beleza, vamos usar isso!	¡Bien! ¡Usemos esto!	Okej, użyjmy tego!	好！就用這吧！	Tamam, hadi bunu kullanalım!	Okay, utilisons ça !
pir_surf_sh	Are you kidding me?		そんな無茶な！	¿Lo dices en serio?	Ты безрассудный!	Machst du Witze?!	Mi stai prendendo in giro?	Skämtar du med mig?	Você tá falando sério?	¡Es muy arriesgado!	Ty chyba żartujesz?	你在跟我開玩笑嗎？	Dalgamı geçiyorsun benimle!	C'est une blague ?
pir_surf_jump1_so	Ha!		は！	¡Ja!	Ха!	Ha!	Ah!	Ha!	Há!	¡Ja!	Ha!	哈！	Ha!	Ha !
pir_surf_jump2_so	Whoa!		いやあ！	¡Vaya!	А-а-а!	Woah!	Whoa!	Whoa!	Uou!	¡Jía!	Łał!	哇喔！	Whoa!	Ouah !
pir_surf_jump3_so	Yahoooo!		ひゃっほー！	¡Yujuuuuu!	Йее-хуу!	Yahoooo!	YAHOOOO!	Yahoooo!	Yahoooo!	¡Yajúu!	Juhuuuu!	呀呼！	Yahoooo!	Yahoooo !
pir_plan_so	Hey, this is a piece of cake!		こんなの簡単さ	¡Es pan comido!	Это очень просто!	Hey, das ist ein Kinderspiel!	Questa è una passeggiata!	Hej, det här är en barnlek!	Ei, isso foi molezinha!	¡Pan comido!	Hej, bułka z masłem!	嘿，簡單啦！	Hey, çantada keklik!	Hé, c'est du gâteau !
pir_plan_sh	Ah! Sonic, what are you doing?		うわわわ！　どうするのソニック？	¡Aaah! Sonic, ¿qué hacemos ahora?	А-а-а! Что будешь делать, Соник?	Ah! Sonic, was machst du?	Ah! Sonic, che stai facendo?	Ah! Sonic, vad gör du?	Ah! Sonic, o que você tá fazendo?	¡Ah...! ¡¿Qué vas a hacer, Sonic?!	Ah!, Sonic, co ty robisz?	啊！索尼克，你在幹嘛？	Ah! Sonic, ne yapıyorsun?	Ah ! Sonic, que fais-tu ?
pir_doubt_so	Only one way to find out!		まっ！　やってみるかな	¡Ya se me ocurrirá algo!	Ну, надо попробовать?	Nur ein Weg es herauszufinden!	Solo un modo per scoprirlo!	Bara ett sätt att få veta!	Só há um jeito de descobrir!	¡Ah! ¡Intentaré algo!	Tylko jeden sposób by się dowiedzieć!	只能試試看了！	Bulmanın tek bir yolu var!	On va vite le savoir !
pir_doubt_sh	I don't know if this is a good idea, Sonic.		これはいくらなんでも	No creo que esta sea una buena idea, Sonic.	Как бы там ни было...	Ich weiß nicht, ob das so eine gute Idee ist, Sonic.	Non credo sia una buona idea Sonic.	Jag vet inte om det här är en bra idé, Sonic.	Eu não sei se isso é uma boa ideia, Sonic.	Creo que eso es demasiado...	Nie wiem, czy to dobry pomysł, Sonic.	索尼克，我不確定這是個好主意。	Bu iyi bir fikir mi emin değilim, Sonic.	Je ne pense pas\nque ce soit une bonne idée, Sonic.
pir_success_so	What did I tell ya?\nPiece of cake.		だから言ったろ？\n簡単だって	¿Qué te dije?\n^Pan comido.	Я же говорил, что это просто!	Was hab ich dir gesagt?\nKinderspiel.	Cosa to ho detto?\nUna passeggiata.	Vad sa jag till dig?\nBarnlek.	Viu só? Molezinha.	¿Qué te dije? Pan comido.	A nie mówiłem?\nBułka z masłem.	不是早跟你說過了？簡單啦。	Ne dedim sana?\nÇantada keklik.	Qu'est-ce que je disais ?\nTrop facile.
pir_success_sh	Sonic, that was incredible!		すごいなソニック！	¡Sonic, eso fue increíble!	Молодец, Соник!	Sonic, das war unglaublich!	Sonic, è stato incredibile!	Sonic, det var fantastiskt!	Sonic, aquilo foi incrível!	¡Fue increíble, Sonic!	Sonic, to było niesamowite!	索尼克，你剛才好厲害！	Sonic, bu inanılmazdı!	Sonic, c'était incroyable !
pir_treasure_so	Alright, let's find us some treasure!		さっ　お宝さがしてと行こうか	¡Venga, a la busca del tesoro!	А теперь пойдём искать сокровища!	OK, auf zur Schatzsuche!	Bene, troviamo qualche tesoro!	Okej, låt oss hitta lite skatter!	Beleza, vamos à caça ao tesouro!	¡Bien, a buscar el tesoro!	W porządku, znajdżmy dla nas trochę skarbu!	好！我們去找寶藏吧！	Pekala, hadi biraz hazine bulalım!	Allez, partons à la chasse au trésor !
														
pir_hint_slip_so	Uh-oh. I have almost no traction here.		おっと　ここはあんまり　はじに\nいかないほうがいいな	¡Vaya! Mis zapatillas no se agarran\nbien a este suelo.	Оп-па, здесь по краю лучше не ходить.	Uh-oh. Ganz schön rutschig hier!	Oh-oh. Non ho trazione qua.	Uh-oh. Jag har nästan inget fäste här.	Opa. Eu quase não tenho tração aqui.	¡Ups! Un paso en falso y nos caemos.	O-o. Strasznie tu jest ślisko!	糟了，在這裡行走幾乎沒有阻力。	Uh-oh. Burada neredeyse hiç tutunamıyorum.	Oh-oh. Je n'ai presque plus\naucun effet de frottement ici.
pir_hint_slip_sh	You should be careful walking through here.		ここは　なるべく　はじにいかない\nほうがいいわね！	Deberías tener cuidado atravesando este lugar.	Здесь желательно не ходить по краю!	Hier musst du ganz vorsichtig laufen.	Dovresti stare attento a camminare qua.	Du borde vara försiktig när du går igenom här.	Você precisa tomar cuidado ao andar por aqui.	¡Es mejor si nos mantenemos lejos de las orillas!	Powinieneś uważać przechodząc tędy.	小心地跨越這裡吧。	Buradan geçerken dikkatli olmalısın.	Il faut faire attention lorsques tu marches ici.
pir_hint_barrel_so	I can do a Homing Attack on that barrel!		あの樽　ホーミングアタック\nできそうだな	¡Puedo hacer un Ataque Teledirigido\nhacia ese barril!	Похоже, к этой бочке можно применить\nСамонаводящуюся атаку.	Ich kann eine Homing Attack auf dieses Fass anwenden!	Posso fare un Attacco a Ricerca su quel barile!	Jag kan göra en Målsökande Attack på den tunnan!	Eu posso usar um Ataque Direcionado naquele barril!	¡Creo que puedo usar el Ataque teledirigido en ese barril!	Mogę użyć Ataku Naprowadzającego na tej beczce!	我可以對那個桶子使出追蹤攻擊！	Şu varile Güdümlü Saldırı yapabilirim!	Je peux faire une Attaque Téléguidée sur ce tonneau !
pir_hint_barrel_sh	It looks like you can do a\nHoming Attack on that barrel!		あの樽　ホーミングアタック\nできそうよ！	¡Parece que puedes hacer un\nAtaque Teledirigido hacia ese barril!	Ты можешь применить Самонаводящуюся\nатаку к этой бочке!	An diesem Fass kannst du eine Homing Attack einsetzen!	Sembra che puoi fare\nun Attacco a Ricerca su quel barile!	Det ser ut som att du kan göra en\nmålsökande attack på den tunnan!	Parece que você pode realizar\num Ataque Direcionado naquele barril!	¡Creo que puedes usar el Ataque teledirigido en ese barril!	Wygląda na to, że możesz użyć\nAtaku Naprowadzającego na tej beczce!	看樣子你可以對那個桶子使出追蹤攻擊！	Görünüşe göre şu varile\nGüdümlü Saldırı yapabilirsin!	Tu peux utiliser une\nAttaque Téléguidée sur ce tonneau !
pir_hint_sword_so	I think I can do a Homing Attack\non the sword that's stuck there.		あの突き刺さった剣\nホーミングアタックできそうだな	Creo que puedo hacer un Ataque Teledirigido\nen la espada que está ahí clavada.	Похоже, к этому торчащему мечу можно\nприменить Самонаводящуюся атаку.	Den Säbel am Mast da kann ich Homing Attacken.	Penso che posso fare un Attacco a ricerca\nsulle spade che sono attaccate là.	Jag tror att jag kan göra en Målsökande Attack\npå svärdet som sitter fast där.	Acho que posso fazer um Ataque Direcionado\nna espada cravada ali.	¡Creo que puedo usar el Ataque teledirigido\nen las espadas clavadas!	Myślę, że mogę użyć\nAtaku Naprowadzającego na tym mieczu który tu utknął.	我覺得我可以對卡在那裡的劍\n使出追蹤攻擊！	Sanırım şu sıkışmış kılıca\nGüdümlü Saldırı yapabilirim!	Je pense pouvoir utiliser une\nAttaque Téléguidée sur l'épée qui est coincée.
pir_hint_sword_sh	I think you can do a Homing Attack\non the sword that's stuck there.		あの突き刺さった剣\nホーミングアタックできそうよ！	Creo que puedes hacer un Ataque Teledirigido\nen la espada que está ahí clavada.	Ты можешь применить Самонаводящуюся\nатаку к этому торчащему мечу!	Ich glaube du kannst eine Homing Attack am Schwert dort einsetzen.	Penso che puoi fare un Attacco a ricerca\nsulle spade che sono attaccate là.	Jag tror att du kan göra en Målsökande Attack\npå svärdet som sitter fast där.	Acho que você pode fazer um Ataque Direcionado\nna espada cravada ali.	¡Creo que puedes usar el Ataque teledirigido\nen las espadas clavadas!	Myślę, że możesz użyć Atak Naprowadzający\nna tym mieczu który tu utknął.	你應該可以對卡在那裡的劍\n使出追蹤攻擊！	Sanırım şu sıkışmış kılıca\nGüdümlü Saldırı yapabilirsin!	Tu dois pouvoir utiliser une\nAttaque Téléguidée sur l'épée qui est coincée.
pir_hint_horn_so	I think that thing's weak point is its horns.		あのマジン角が弱点みたいだな	Creo que el punto débil de esa\ncosa son sus cuernos.	Похоже, слабое место того\nзлого духа - его рога!	Ich denke der Schwachpunkt von dem Ding sind seine Hörner.	Penso che il suo punto debole siano le sue corna.	Jag tror att den där sakens svaga punkt är dess horn.	Acho que os pontos fracos daquela coisa são os chifres.	Parece que el punto débil del majin son sus cuernos.	Myślę, że słaby punkt tego czegoś to jego rogi.	我覺得那玩意的弱點是它的角。	Sanırım onun zayıf noktası boynuzları.	Le point faible de cette chose doit être ses cornes.
pir_hint_horn_sh	Its weak point seems to be its horns.		あのマジン角が弱点みたいね	Su punto débil parece ser sus cuernos.	Наверно, слабое место того\nзлого духа - его рога!	Die Schwachstelle scheint die Hörner zu sein.	Sembra che il suo punto debole siano le corna.	Dess svaga punkt verkar vara dess horn.	O ponto fraco dele parece ser os chifres.	Parece que el punto débil\nde los majin son sus cuernos.	Wygląda na to, że jego rogi to słaby punkt.	它的弱點好像是它的角。	Onun zayıf noktası boynuzları gözüküyor.	Son point faible semble être ses cornes.
pir_hint_shock_so	When he starts rattling like that,\nI probably shouldn't use my Homing Attack.		びりびりさせている時はホーミングアタック\nしないほうがよさそうだ	Creo que cuando está chispeante,\nno debería usar mi Ataque Teledirigido.	При воздействии электрического тока,\nлучше не использовать Самонаводящуюся атаку.	Ich sollte mit meiner Homing Attack warten,\nbis er aufhört sich zu rütteln.	Quando inzia ad agitarsi in quel modo,\nNon credo che dovrei usare il mio Attacco a Ricerca.	När han börjar skramla så där,\nborde jag nog inte använda min Målsökande Attack.	Quando ele começa a sacudir assim,\né melhor eu não usar o meu Ataque Direcionado.	Creo que es mejor no usar un\nAtaque teledirigido mientras se sacude.	Jak zaczyna się tak grzechotać,\nraczej nie powinienem używać Ataku Naprowadzającego.	他開始像那樣抖動時，\n或許就不該用我的追蹤攻擊。	Böyle takırtılar çıkarmaya başladığında,\nmuhtemelen Güdümlü Saldırımı kullanmamalıyım.	Quand il commence à faire du bruit,\nje ne devrais pas utiliser mon Attaque Téléguidée.
pir_hint_shock_sh	Watch out. When you see him shuddering\nlike that, don't use your Homing Attack.		びりびりさせている時は\nホーミングアタックしちゃだめよ	Ten cuidado. Si lo ves temblar de esa forma,\nno uses tu Ataque Teledirigido.	При воздействии электрического тока лучше\nне использовать Самонаводящуюся атаку!	Aufgepasst! Wenn er zittert, darfst du deine Homing Attack nicht nutzen!	Attento. Quando vedi che si agita in quel modo,\nnon usare il tuo Attacco a Ricerca.	Se upp. När du ser honom darra\nsådär, använd inte din Målsökande Attack.	Cuidado. Quando ver ele sacudindo assim, \nnão use o seu Ataque Direcionado.	No uses el Ataque teledirigido mientras se sacuda.	Uważaj. Jeśli widzisz, że się tak trzęsie,\nnie używaj Ataku Naprowadzającego.	小心，你看他開始像那樣抖動時，\n就不要用你的追蹤攻擊。	Dikkat et. Onu böyle titrerken\ngördüğünde, Güdümlü Saldırını kullanma.	Attention. Quand tu le vois frissonner\n,n'utilise pas ton Attaque Téléguidée.
pir_hint_blade_so	Think we can get through those?		こいつらの間を通れるかな	¿Crees que podremos esquivarlas?	Получится ли пройти между ними?	Denkst du, dass wir da durch können?	Pensi che riusciremo ad attraversarli?	Tror du vi kan komma igenom dem?	Acha que a gente consegue passar?	¿Crees que podamos pasar\nentre esas espadas?	Myślisz, że przejdziemy przez nie?	不知道可不可以通過這裡呢。	Bunların üstünden gelebileceğimizi düşünüyor musun?	Tu penses qu'on peut passer à travers ?
pir_hint_blade_sh	We might be able to slip on through.		間をくぐっていけないかしら	Puede que lo consigamos.	Интересно, не получится ли\nпройти между ними?	Vielleicht könnten wir hier durchschlüpfen.	Potremmo essere in grado di scivolarci attraverso.	Vi kanske kan slinka igenom.	Talvez a gente consiga passar.	Tal vez podamos pasar entre ellas.	Możemy być w stanie się tam prześlizgnąć.	我們或許溜得過去。	Belki biz de geçebiliriz.	Nous pourrions peut-être nous faufiler.
pir_hint_cannonball_so	Gotta steer clear of those cannonballs.		飛んでくる弾に当たるとまずそうだ	Será mejor que esquive esas bolas de cañon.	Будет плохо, если в меня попадут снаряды!	Ich muss diese Kanonenkugeln vermeiden.	Meglio stare alla larga da quelle palle di cannone.	Måste hålla mig undan de där kanonkulorna.	Tenho que desviar dessas balas de canhão.	No sería bonito ser golpeado por una bala de cañón.	Trzeba uważać na te kule armatnie.	得避開那些砲彈。	O güllelerden uzak durmak lazım.	Il faut rester loin de ces boulets de canon.
pir_hint_cannonball_sh	Watch out for the cannonballs!		飛んでくる弾に気をつけて！	¡Cuidado con las bolas de cañon!	Летят снаряды! Будь осторожен!	Pass auf die Kanonenkugeln auf!	Sta attento alle palle di cannone!	Se upp för kanonkulorna!	Cuidado com as balas de canhão!	¡Cuidado con las balas del cañón!	Uważaj na kule armatnie!	小心砲彈！	Güllelere dikkat!	Attention aux boulets de canon !
pir_hint_surf_speed_sh	The wave is cresting! Speed up!		波が来るわ！　スピード上げって！	¡La ola está creciendo! ¡Acelera!	Идёт волна!\nУвеличь скорость!	Die Welle steigt! Werde schneller!	L'onda si sta innalzando! Vai più veloce!	Vågen når sin topp! Öka farten!	A onda tá crescendo! Acelera!	¡Aquí viene la ola! ¡Acelera!	Fala szczytuję! Przyśpiesz!	浪要來了！快加速！	Dalga yükseliyor! Hızlan!	La vague monte ! Accélère !
														
pir_boss_intro_so	Settle down! I need\nthat World Ring of yours!		おとなしくしな！　オマエの持ってる\n世界リングに　用があるんだ！	¡Tranquilízate! ¡Necesito\nese Anillo Secreto que tienes!	Спокойно!\nМне нужно твоё Мировое кольцо!	Hey du! Ich brauche\nden Weltenring, den du da hast!	Calmati! Ho solo bisogno\nDel tuo Anello Mondiale!	Lugna dig! Jag behöver\ndin Världsring!	Calma aí! Eu preciso desse seu Anel do Mundo!	¡Alto ahí! ¡Necesito ese Anillo mundial\nque tienes en tus feas garras!	Wyluzuj! Potrzebuje ten\nPierścień Świata który masz!	冷靜下來！\n我需要你的世界戒指！	Sakin ol! Senin Dünya\nYüzüğüne ihtiyacım var!	Reste-là ! J'ai besoin\nde ton Ring Monde !
pir_boss_intro_sh	Ohh! Now I don't know\nwhich one the pirate is!		んもう！　これじゃどっちが\n海賊だかわからないわ！	¡Vaya! ¡Pareces tú más pirata que él!	Ох, я уже не понимаю, кто из них пират!	Ohh! Jetzt weiß ich nicht, wer von euch der Pirat ist!	Ohh! Adesso non so\npiù chi è il pirata!	Ohh! Nu vet jag inte\nvilken piraten är!	Ahh! Agora eu não sei qual deles é o pirata!	¡Ash! ¡Ahora esto parece una pelea entre piratas!	Ahh! Teraz nie wiem\nkto tutaj jest piratem!	真是的！哪個才是海盜啊！	Aaa! Şimdi korsanın\nhangisi olduğunu bilmiyorum!	Oh ! Difficile de dire\n qui est le vrai pirate !
pir_boss_hit_so	Well, that did the trick!		おっと！　メチャクチャ効いてるな！	¡Parece que ha funcionado!	Оп-па! А это сработало!	Tja! Das hat gefunzt!	Beh, ha funzionato!	Ja, det gjorde susen!	Bom, pelo visto deu certo!	¡Ah, sí funciona!	No, to załatwio sprawę!	嘿！這下有效了吧！	İşte bu işe yaradı!	Ah, ça a marché !
pir_boss_hit_sh	Yes! Keep going!		やった！　どんどんいきましょ！	¡Sí! ¡Tú sigue!	Ура! Давай теперь остальные!	Ja! Mach weiter so!	Sì! continua!	Ja! Fortsätt så!	Isso! Continue assim!	¡Sí! ¡Sigamos así!	Tak! Tak trzymaj!	沒錯！繼續下去！	Evet! Devam et!	C'est bien ! Continue !
pir_boss_hit2_sh	One more horn gone!\nI almost feel bad for the poor guy.		また一本！　…でも　なんだか\n少しかわいそうな気もしてきたわね	¡Adiós a otro cuerno!\nHasta me da algo de pena.	Ещё один! Но что-то мне\nдаже жалко его стало.	Ein weiteres Horn ist weg!\nHey, der Arme tut mir fast Leid.	Un altro corno andato!\nQuasi mi dispiace per il poveretto.	Ännu ett horn borta!\nJag tycker nästan synd om den stackars killen.	Lá se vai mais um chifre!\nQuase fiquei com pena do coitado.	¡Otro más! ...aunque empiezo a sentir pena por él.	Kolejny róg z głowy!\nPrawie mi szkoda biedaka.	一隻角又斷了！ \n有點為它感到難過呢。	Bir boynuz daha gitti!\nZavallı adama neredeyse acıyacağım.	Une corne de moins !\nJ'ai presque pitié pour lui.
pir_boss_hit3_so	Just one horn left!\nTime to finish this thing off!		さあ残り一本！\n一本釣りも　これでオシマイか？	¡Solo queda un cuerno!\n¡Hora de acabar con esto!	Остался один!\nЕщё один, и с ним будет покончено!	Nur noch ein Horn übrig!\nZeit die Sache zu Ende zu bringen!	Ancora un ultimo corno!\nÈ il momento di finirla!	Bara ett horn kvar!\nDags att avsluta den här saken!	Só falta um chifre!\nHora de acabar logo com isso!	¡Sólo falta uno! Casi se acaba la hora de pescar.	Jeszcze jeden róg!\nCzas wykończyć to coś!	只剩一隻角了！ \n該把這傢伙解決掉了！	Geriye sadece bir boynuz kaldı!\nBu işi bitirmenin zamanı geldi!	Plus qu'une corne !\nIl est temps d'en finir !
pir_boss_hit3_sh	It's not over yet, Sonic!\nStay sharp!		向こうも必死よ！\n油断しないでねソニック！	¡Esto aún no ha terminado, Sonic! ¡Mantente alerta!	Он в отчаянии! Будь начеку, Соник!	Es ist noch nicht vorbei, Sonic!\nBleib bei der Sache!	Non è ancora finita Sonic!\nSta attento!	Det är inte över än, Sonic!\nHåll dig skärpt!	Ainda não acabou, Sonic!\nContinue atento!	¡Se está desesperando! ¡No bajes la guardia, Sonic!	To jeszcze nie koniec, Sonic!\nBądż czujny!	索尼克，它還沒完喔！小心！	Henüz bitmedi, Sonic!\nKeskin kal!	Ce n'est pas encore terminé,\nSonic ! Reste sur tes gardes !
pir_boss_defeat_so	Hey, cheer up!\nThe horns will grow back...Eventually.		元気出せよ！　ツノくらい\nまた　生えてくるさ！	¡Eh, anima esa cara!\nSeguro que te vuelven a salir los cuernos.	Да ладно тебе!\nРога когда-нибудь снова вырастут!	Kopf hoch!\nDie Hörner wachsen doch nach... Bestimmt.	Ehi, non è così male!\nAlmeno le corna ti ricresceranno...Prima o poi.	Hej, upp med hakan!\Hornen kommer att växa ut igen...Så småningom.	Ei, relaxa! Os chifres vão crescer de novo... uma hora ou outra.	¡Anímate! ¡Tus cuernos volverán a crecer!	Hej, głowa do góry!\nRogi ci odrosną... Kiedyś.	嘿，開心點嘛！\n角會再長回來的……總有一天啦。	Hey, neşelen!\nBoynuzlar tekrar çıkacak... Sonunda.	Ne fais pas la tête ! Tes cornes\nrepousseront... un jour !
														
pir_hint_damage_sh	The source of power is its horns!\nThere must be something you can do!		あのツノが　ヤツの力の源みたいね！\nどうにかできないかしら．．．？	¡Los cuernos alimentan su poder!\n¡Debe haber algo que puedas hacer!	Похоже, что его источник силы - рога!\nМожно с ними что-нибудь сделать?	Seine Kraftquellen sind die Hörner!\nEs muss etwas geben, was wir tun können!	La fonte del suo potere sono le corna!\nDovrà esserci qualcosa che puoi fare!	Kraftkällan är dess horn!\nDet måste finnas något du kan göra!	A fonte de poder são os chifres!\nDeve haver algo que você possa fazer!	¡Sus cuernos parecen ser su fuente de poder!\n¿No podemos hacer algo al respecto...?	Żródło energii to jego rogi!\nMusi być coś, co możesz zrobić!	它的角是它的力量來源！\n肯定有什麼解決方法吧！	Gücünün kaynağı boynuzları!\nMutlaka yapabileceğin bir şey olmalı!	Son pouvoir vient de ses cornes !\nEssaie d'y faire quelque chose !
pir_hint_damage2_sh	Maybe there's a way to grab\nonto those horns and pull them out.		あのツノ　ひょっとしたら\nしがみ付けば引き抜けるんじゃない？	Quizás haya algún modo de agarrarse\na esos cuernos y arrancarlos.	Если схватиться за рога,\nможет, получится их вырвать?	Vielleicht kann man irgendwie an seine Hörner gelangen, um sie herauszuziehen.	Forse c'è un modo di aggrapparsi\nsu quelle corna e tirarle fuori.	Kanske finns det ett sätt att ta tag\ni de där hornen och dra ut dem.	Talvez haja um jeito de agarrar\nos chifres e arranca-lós.	Esos cuernos... ¿podrás arrancarlos si te aferras a ellos?	Może jest sposób by\nzłapać te rogi i je wyciągnąć.	說不定有辦法抓住那些角，\n然後把它們拔掉。	Belki o boynuzları tutup çekip\nçıkarmanın bir yolu vardır.	On peut peut-être attraper\nces cornes pour les arracher ?
														
														
skeleton_dome	Skeleton Dome		スケルトン　ドーム	Domo Esquelético	Скелетный свод	Skeleton Dome	Cupola Scheletrica	Skelettkupol	Skeleton Dome	Domo Esquelético	Kopuła Szkieletów	骷髏巨蛋	İskelet Kubbesi	Skeleton Dome
skeleton_dome_description	A royal chamber hidden underground.		地下に隠された王家。	Una cámara real oculta en las profundidades.	Царский дом, спрятанный под землёй.	Köngliche Gemächer unter Tage	Una camera reale nascosta nel sottosuolo.	En kunglig kammare gömd under jorden.	Uma câmara real escondida nas profundezas.	La familia real está oculta bajo tierra.	Królewska komnata ukryta w podziemiach.	隱藏在地下的王室。	Yeraltında saklı bir kraliyet odası.	Une chambre royale cachée sous terre.
														
ske_snow_so	Something's...Coming down from the sky.		なにか　降ってあがる	Hay algo... cayendo del cielo.	Что-то падает...	Irgendetwas... regnet vom Himmel.	Qualcosa... Sta cadendo dal cielo.	Någonting... kommer ner från himlen.	Tem algo... caindo do céu.	Algo está cayendo del cielo.	Coś... Spada z nieba!	什麼東西……從天上降下來了。	Gök yüzünden... Bir şeyler düşüyor.	Quelque chose... tombe du ciel.
ske_snow_sh	Snow? No...It's something else.		雪？　いや　違うわ…	¿Será nieve? No... Es algo diferente.	Снег? Хотя нет...	Schnee? Nein... Es ist was anderes.	Neve? No...È qualcos'altro.	Snö? Nej... Det är något annat.	Neve? Não... isso é outra coisa.	¿Nieve? No. No es eso...	Śnieg? Nie... To coś innego.	是雪嗎？不對……這是別的東西。	Kar? Hayır... Başka bir şey.	De la neige ? Non... c'est autre chose.
ske_bones_so	These bones are giving me the creeps.		邪魔くさい骨だぜ！	Estos huesos me dan mala espina.	Как же мешают эти кости!	Das ist ja wie ein Friedhof hier.	Queste ossa mi fanno venire i brividi.	De här benen ger mig rysningar.	Esses ossos tão me dando arrepios.	¡Vaya huesos perturbadores!	Te kości przyprawiają mnie o dreszcze.	這些骨頭好令人毛骨悚然。	Bu kemikler beni ürpertiyor.	Ces os me donnent la chair de poule.
ske_bones_sh	We can probably use them to climb up.		この突き出ている骨を利用すれば\n上に登れるみたい!	Parece que podemos usarlos para subir.	По этим выступающим костям\nможно забраться наверх!	Wir können damit vielleicht nach oben klettern.	Probabilmente possiamo usarli per arrampicarci.	Vi kan antagligen använda dem för att klättra upp.	Acho que podemos usá-los para subir.	¡Parece que puedes trepar en ellos para subir!	Pewnie możemy ich użyć by się wspiąć.	我們或許能靠它們攀上去。	Bunları muhtemelen yukarı tırmanmak için kullanabiliriz.	On peut sûrement les utiliser pour grimper.
ske_femur_so	This doesn't seem very sturdy.		ボロボロじゃないか	No parece muy robusto.	Разбил кости вдребезги!	Das scheint nicht sehr stabil zu sein.	Non sembra molto robusto.	Det här verkar inte särskilt robust.	Isso não parece ser muito resistente.	Se está desmoronando.	To nie wygląda na zbyt stabilne.	這看起來一點也不堅固。	Bu pek sağlam görünmüyor.	Ça n'a pas l'air très solide.
ske_femur_sh	Try breaking it with a Homing Attack!		ホーミングアタックで壊せそうよ！	¡Prueba a romperlo con un\nAtaque Teledirigido!	Надо разбить кости с помощью\nСамонаводящейся атаки!	Versuch mal, es mit einer Homing Attack kaputtzumachen!	Prova a romperlo con un Attacco a Ricerca!	Försök att bryta den med en Målsökande Attack!	Tente quebrar isso com um Ataque Direcionado!	¡Creo que puedes romperlo con un Ataque teledirigido!	Spróbuj zniszczyć to\nAtakiem Naprowadzającym!	試試看用追蹤攻擊破壞它。	Bunu bir Homing Attack ile kırmayı dene!	Essaie de le casser\navec une Attaque Téléguidée !
ske_top_so	Want to try checking it out?		行ってみるかぃ？	¿Qué tal si echamos un vistazo?	Сходим?	Checken wir das mal ab?	Vuoi provare a dargli un'occhiata?	Vill du prova att kolla in det?	Quer dar uma olhada?	¿Echamos un ojo?	Chcesz to sprawdzić?	要去瞧瞧看嗎？	Denemek ister misin?	Et si on allait voir ?
ske_top_sh	These are huge!\nThere must be something up there!		うわぁ…大きいわねぇ…\n上に何かあるっかなぁ？	¡Son enormes!\nTiene que haber algo ahí arriba.	Ого... какие эти кости большие...\nИнтересно, есть ли что-то наверху?	Die sind ja riesig. Da oben muss irgendwas sein!	Queste sono gigantesche!\nDeve esserci qualcosa lassù!	De här är enorma!\nDet måste finnas något där uppe!	Eles são enormes!\nDeve haver algo lá em cima!	¡Guau, son enormes! Me pregunto si habrá algo arriba.	Te są ogromne!\nMusi coś tam na górze być!	好大喔！\n上面一定有什麼東西！	Bunlar çok büyük!\nYukarıda bir şey olmalı!	Ils sont énormes !\nIl doit y avoir quelque chose là-haut !
ske_fall1_so	It's not gonna be fun if we fall off this.		落ちたらひと止まりもないな	No me haría ninguna gracia caerme.	Если упаду, то не смогу больше бороться!	Ein Fall von hier gibt mehr als nen blauen Fleck.	Non sarà divertente se cadremmo qua.	Det kommer inte bli kul om vi ramlar av den här.	Não será nada divertido se cairmos daqui.	Si caemos, no hay de dónde agarrarnos.	Nie będzie fajnie jesli z tego spadniemy.	摔下去可不好玩喔。	Eğer bundan düşersek hiç eğlenceli olmayacak.	Ça ne vas pas être drôle si on tombe d'ici.
ske_fall1_sh	Watch out, then.		気をつけてよ	Pues entonces, ten cuidado.	Будь осторожен!	Dann pass auf.	Sta attento allora.	Se upp då.	Então toma cuidado.	Ten cuidado.	W takim razie uważaj.	那就小心點吧。	Dikkat et o zaman.	Sois prudent, alors.
ske_fall2_so	Hey, you can trust me, okay?		俺がそんなどじふむかよって	Eh, confía en mí, ¿vale?	Не думаешь же ты, что я сделаю\nтакую ошибку?	Hey, du kannst mir vertrauen, OK?	Ehi, ti puoi fidare di me, ok?	Hej, du kan lita på mig, okej?	Ei, você pode confiar em mim, ok?	¿Me crees tan torpe?	Hej, możesz mi zaufać, okej?	嘿，你可以相信我的，好嗎？	Hey, bana güvenebilirsin, tamam mı?	Eh, tu peux me faire confiance, tu sais ?
ske_fall2_sh	Please don't fall.\nBe careful.		落ちたら危ないわよ\n慎重にね	Por favor, no caigas.\nTen cuidado.	Здесь опасно! Можно упасть!\nБудет осторожен!	Bitte stürze hier nicht ab.\nSei vorsichtig.	Attento a non cadere.	Snälla fall inte. Var försiktig.	Por favor, não caia.\nTenha cuidado.	Ten cuidado, es peligroso si te caes.	Proszę, nie spadnij.\nBądż ostrożny.	摔下去很危險的，小心點。	Lütfen düşme.\nDikkatli ol.	S'il te plaît, ne tombe pas.\nAttention.
ske_sword_so	You think you can hit me\nwith a slow attack like that?		あんな遅い攻撃　あたるかよ！	¿Pretendes acertareme con un ataque así de lento?	Слишком поздно атакуешь!	Glaubst du, dass du mich mit so einem lahmen Angriff treffen kannst?	Pensi di attacarmi\ncon un attacco così lento?	Tror du att du kan träffa mig\nmed en sån långsam attack?	Você acha que vai me acertar\ncom um ataque lento desses?	¡No me golpearás con un ataque tan lento!	Myślisz, że trafisz mnie\ntak wolnym atakiem?	用這麼慢的攻擊，\n怎麼可能打得到我？	Bana böyle yavaş bir saldırıyla\nvurabileceğini mi sanıyorsun?	Tu penses pouvoir me toucher\navec une attaque si lente ?
ske_sword_sh	Watch out for the two-handed sword!		両手の剣に気をつけてね！	¡Cuidado con sus dos espadas!	Будь осторожен!\nУ него мечи в обеих руках!	Pass auf das Breitschwert auf!	Sta attento allo spadone!	Se upp för det tvåhandiga svärdet!	Cuidado com a espada de duas mãos!	¡Cuidado con sus dos espadas!	Uważaj na dwuręczny miecz!	小心雙劍！	İki elle kullanılan kılıca dikkat!	Attention à l'épée à deux mains !
ske_eyes_so	Thanks for the help, mister!		ご親切にありがたいねぇ～	¡Gracias por la ayuda, caballero!	Благодарю за твою доброту!	Danke für den Tipp, Missi!	Grazie per l'aiuto signore!	Tack för hjälpen, herrn!	Valeu pela ajuda, moço!	¡Qué amable de su parte!	Dzięki za pomoc, proszę pana!	這位先生，謝謝你的幫忙啦！	Yardımınız için teşekkürler efendim!	C'est gentil, monsieur !
ske_eyes_sh	There's something about the eyes\nin this skull...		あの骸骨の目が\nヒントになってるっぽいよ？	Algo pasa con los ojos de\nesta calavera...	Подсказка кроется в глазах этих скелетов!	Der Totenkopf hat so komische Augen...	C'è qualcosa di strano\nnegli occhi di questo scheletro...	Det är något med ögonen\ni den här skallen...	Tem algo estranho com os olhos desse crânio...	Los ojos de esa calavera parecen ser una pista, ¿no?	Jest coś z tymi oczyma\nw tej czaszcze...	這具骷髏頭的眼睛\n好像哪裡怪怪的…	Bu kafatasının gözlerinde\nbir şey var...	Les yeux de ce crâne\nont quelque chose...
														
ske_treasure1_so	Whew! Alright, jackpot!		ひゅ～　取り放題だぜ	¡Guau! ¡El premio gordo!	Ого! Их тут полно!	Puh! OK, Jackpot!	Phew! Bene Jackpot!	Whew! Okej, jackpott!	Ufa! Beleza, jackpot!	¡A servirnos con la cuchara grande!	Fiu! Nieżle, jackpot!	呼！中獎囉！	Whew! Tamam, ikramiye!	Fiou ! Ok, jackpot !
ske_treasure2_so	Well, let's help ourselves to some goodies.		ちょっくらいただくとしますか！	Venga, recojamos unos cuantos anillos.	Возьму-ка я немного себе! 	Heh, da könnte man glatt zulangen!	Beh, godiamoci il dolce.	Nåväl, låt oss förse oss med lite godsaker.	Bom, vamos pegar as nossas recompensas.	¡Démonos vuelo!	Cóż, pozwólmy sobie na jakieś dobroci.	那我們就不客氣囉。	Hadi gelin, kendimize biraz ikramda bulunalım.	Eh bien, servons-nous.
ske_treasure1_sh	We've hit the jackpot!		お宝取り放題!	¡Nos ha tocado el premio gordo!	Тут полно сокровищ!	Wir haben das große Los gezogen!	Abbiamo fatto jackpot!	Vi har vunnit jackpotten!	Fizemos um jackpot!	¡Tesoros a montones!	Trafiliśmy jackpot!	我們中獎了！	Büyük ikramiyeyi kazandık!	On a eu le jackpot !
ske_treasure2_sh	Look, look!\nIt's full of treasure!		見て見て！\nお宝いっぱいだよ！	¡Mira, mira! ¡Está lleno de riquezas!	Посмотри! Здесь много сокровищ!	Sieh nur! Alles voller Schätze!	Guarda, guarda!\nÈ pieno di tesori!	Titta, titta!\nDen är full av skatter!	Olha, olha!\nTá cheio de tesouros!	¡Mira, mira! ¡Está lleno de tesoros!	Patrz, patrz!\nJest pełne skarbów!	看啊！\n滿滿的寶物啊！	Bak, bak!\nHazine dolu!	Regarde !\nC'est rempli de trésors !
ske_tomb_so	Is this a tomb?		墓かこりゃ？	¿Es esto una tumba?	Это кладбище, что ли?	Ist das eine Grabstätte?	Questa è una tomba?	Är det här en grav?	Isso é uma tumba?	¿Es una tumba?	Czy to grobowiec?	這裡是墳墓嗎？	Bu bir mezar mı?	C'est une tombe ?
ske_tomb_sh	It looks like some kind of arena.		闘技場にも見えるねぇ…	Parece algún tipo de arena.	Да и на арену похоже...	Es sieht eher nach einer Arena aus.	Sembra una specie di arena.	Det ser ut som någon sorts arena.	Parece ser algum tipo de arena.	Parece una arena...	Wygląda jak jakaś arena.	怎麼看起來有點像是某種競技場。	Bir çeşit arenaya benziyor.	On dirait une sorte d'arène.
ske_king1_so	All right! Finally found it!		ようやく見つけだぜ	¡Bien! ¡Al fin lo encontré!	Наконец-то нашёл!	OK! Endlich gefunden!	Bene! Finalmente trovata!	Okej! Äntligen hittade det!	Beleza! Finalmente achei!	¡Por fin lo encontramos!	Tak jest! W końcu znalazłem!	很好！終於找到了！	Tamamdır! Sonunda buldum!	Parfait ! Enfin trouvé !
ske_king2_so	I'd almost rather it were\ndeserted at this point.		なにもこんな奥にいなくてもなぁ～	Casi que preferiría que este sitio\nestuviese desierto.	Здесь ничего и никого нет...	Langsam wäre es mir fast lieber,\nwenn der Laden hier leer wäre ...	A questo punto, quasi preferirei\nche fosse abbandonato.	Jag skulle nästan hellre vilja att den\nvore öde vid det här laget.	Acho que seria melhor se não\ntivesse ninguém aqui.	No era necesario arrinconarse tanto...	Już bym wolał,\ngdyby było opuszczone.	走到這個地步，\n我差點寧願這裡被廢棄了。	Bu noktada neredeyse terk edilmiş\nolmasını tercih ederdim.	Je préférerais presque\nque ce soit désert.
ske_king1_sh	Quickly! We must find the king!		早く王様に会わなくちゃ！	¡Rápido! ¡Debemos encontrar al rey!	Надо поскорее встретиться с царём!	Schnell! Wir müssen den König finden!	Veloce! Dobbiamo trovare il Re!	Snabbt! Vi måste hitta kungen!	Rápido! Precisamos achar o rei!	¡Tenemos que encontrar el rey rápido!	Szybko! Musimy znależć króla!	快點！我們必須找到國王！	Çabuk! Kralı bulmalıyız!	Vite ! Nous devons trouver le roi !
ske_king2_sh	King Solomon should be in here.		きっとここにソロモン王がいるのよ!	El rey Salomón debería estar aquí.	Царь Соломон наверняка тут!	König Solomon muss hier drinnen sein.	Re Salomone dovrebbe essere qui.	Kungen Solomon borde vara här inne.	O Rei Salomão deve estar aqui dentro.	¡Sin duda, el rey Salomón está aquí!	Król Solomon powinien tu być.	所羅門王應該就在這裡了。	Kral Solomon'un burada olması gerekirdi.	Le Roi Salomon devrait être ici.
														
ske_rampage_so	All right! Time to rumble!		マジン退治ねぇ～　おもしろい！	¡Venga! ¡Hora de pelear!	Надо побороть злых духов.\nА это интересно!	Also gut, Let's Fetz!	Bene! È il momento di fare casino!	Okej! Dags att rumbla!	Beleza! Hora de mandar ver!	Exterminar majin... ¡Suena divertido!	Dobra! Czas na pojedynek!	好！是時候教訓這些傢伙了。	Tamamdır! Gürültü zamanı!	Bien !\nC'est l'heure de la bagarre !
ske_rampage_sh	Don't get too careless!		あんまり　無理はしないてね！	¡No seas temerario!	Не слишком перетруждайся!	Nicht so übermütig!	Non essere troppo incosciente!	Bli inte för slarvig!	Não seja afobado!	¡No te exijas demasiado!	Nie badż zbyt beztroski!	別太逞強了！	Çok fazla dikkatsiz olmayın!	Reste prudent !
ske_switch_so	I hope we don't get\nthe next one wrong.		間違わないようにしないとな！	Espero que acertemos\ncon el siguiente.	Главное - не ошибиться.	Die Dinger scheinen 'ne Reihenfolge zu haben.	Spero di non\nsbagliare la prossima.	Jag hoppas att vi inte\n gör fel nästa gång.	Espero que a gente\nnão erre o proximo.	¡Tengamos cuidado de no equivocarnos!	Mam nadzieje,\nże następnego nie zgadniemy żle.	希望我們不會選錯下個開關。	Umarım bir sonrakinde\nyanılmayız.	J'espère que\nle prochain sera le bon.
ske_switch_sh	That was it! Now for the next one!		正解みたいね！\n次いってみよー！	¡Bien hecho!\n¡A por el siguiente!	Правильно сделал! Давай дальше!	Das war's! Weiter mit dem Nächsten!	È fatta! Adesso la prossima!	Det var allt! Nu till nästa!	Isso! Agora vamos ao próximo!	¡Era el correcto! ¡Vayamos al siguiente!	To było to! Teraz do następnego!	看來是正確的！再來找下一個吧！	İşte bu kadar! Şimdi sıradaki!	C'est bon, passons au suivant !
ske_switch2_so	Okay, next switch!		ＯＫＡＹ！ＮＥＸＴ　ＳＷＩＴＣＨ！	¡Bien, siguiente interruptor!	Хорошо! Следующий переключатель!	OK! Nächster Schalter!	Ok, prossima leva!	Okej, nästa strömbrytare!	Ok, próximo interruptor!	¡Okey! ¡Siguiente interruptor!	Okej, kolejny przycisk!	好！下個開關！	Tamam, sıradaki değişim!	Parfait, au prochain !
ske_switch2_sh	Next!		次　次～	¡El siguiente!	Дальше-дальше!	Und zum nächsten!	La prossima!	Nästa!	Próximo!	Al siguiente...	Następny!	下個！	Sıradaki!	Au suivant !
ske_switch_fail_so	Darn it! That was the wrong one!		くそ　ミスちまった	¡Porras! ¡Ese no era el correcto!	Чёрт! Я ошибся!	Mist! Das war der falsche Schalter!	Cavolo! Era quella sbagliata!	Attans också! Det där var fel!	Droga! Escolhi o errado!	Mierda, nos equivocamos.	Szlag! To nie był ten!	可惡！選錯了！	Kahretsin! Yanlış olanıydı!	Mince ! C'était le mauvais !
ske_switch_fail_sh	Seems like that was the wrong one.		まちがったみたいだね	Parece que ese no era.el correcto.	Похоже, ты ошибся...	Scheint so, als wäre das der falsche gewesen.	A quanto pare era quella sbagliata.	Verkar som att det var fel.	Pelo visto, aquele era o errado.	Creo que nos equivocamos.	Wygląda na to, że to nie był ten przycisk.	看樣子選錯了。	Sanırım yanlış olanı buydu.	On dirait que ce n'était pas le bon.
ske_revive_so	Are the dead coming back to life?		死者の復活ってすか	¿Los muertos están reviviendo?	Воскрешение мёртвых?	Die steh'n ja wieder auf!	I morti stanno tornando in vita?	Kommer dem döda tillbaka till livet?	Os mortos estão voltando à vida?	¿Los muertos resucitan?	Czy martwi wracają do życia?	這些死者在復活嗎？	Ölüler yeniden mi diriliyor?	Les morts reviennent à la vie ?
ske_revive_sh	Oh, this is awful.		悪趣味ねぇ	Oh, que mal.	Это ужасно...	Oh, das ist grauenvoll.	Oh, questo è orribile.	Oh, det här är förfärligt.	Ah, isso é terrível.	Qué desagradable.	Oh, to okropne.	好惡劣喔。	Oh, bu çok kötü.	Oh, c'est terrible.
ske_lots_so	Guess we have to get rid of them all!		全部けちらせんばいいんだろう	¡Supongo que toca desacerse\nde todos ellos!	Можно же их всех распинать?	Schätze mal, dass wir sie alle loswerden müssen!	Sembra che dobbiamo sbarazzarci di tutti loro!	Antar att vi måste bli av med dem allihop!	Acho que vamos ter que acabar com todos eles!	Creo que tenemos que deshacernos de todos.	W takim razie trzeba się ich wszystkich pozbyć!	看樣子只能把它們一一打倒了！	Sanırım hepsinden kurtulmamız gerekecek!	On doit se débarasser d'eux !
ske_lots_sh	There's a ton of them!		いっぱい出てきたね…	¡Son muchos!	Как же их много!	Eine ganze Schar!	Ce ne sono un sacco!	Det finns massor av dem!	Há um montão deles!	Pero son muchísimos...	Jest ich masa!	出現了好多人！	Bir sürü var!	Il en y a un tonne !
ske_more_so	Whew! There's just more and more.		ひゅ～　次から次へとよくもまあ	¡Guau! Hay más y más.	Один за другим, да как они смеют...	Es werden immer mehr!	Whew! Ce ne sono ancora e ancora.	Whew! Det blir bara mer och mer.	Ufa! Só aparecem mais e mais.	¡Ah! ¿Uno tras otro? ¡Qué descaro!	Fiu! Jest ich coraz więcej i więcej.	呼！一個接著一個欸！	Whew! Daha da fazlası var.	Fiou ! Ça n'en finit pas.
ske_more_sh	They don't seem to be\nsuch big fans of us though.		私のファンてわけじゃなさそうね	No parecen tenernos en\nmucha estima.	Они не похожи на моих фанатов.	Sie scheinen etwas wichtiges zu bewachen.	Non sembrano essere\ngrandi ammiratori di noi però.	De verkar dock inte vara\nså stora fans av oss.	Parece que eles não gostam muito da gente.	No creo que sean nuestros admiradores...	Nie wyglądają mi na\nnaszych największych fanów.	他們看起來不太喜歡我們。	Ama bizim o kadar da büyük\nhayranlarımız gibi görünmüyorlar.	Ils n'ont pas l'air\nde nous apprécier.
ske_dome_so	So this is why they\ncall it the Skeleton Dome.		なるほど\nだからスケレトンドームか…	Así que por eso lo llaman\nel Domo Esquelético.	Теперь понятно, почему это место\nназывают Скелетным сводом!	Der Skeleton Dome macht seinem Namen alle Ehre.	Ecco perchè la chiamano\nla Cupola Scheletrica.	Så det är därför de\nkallar det Skelettkupolen.	Então é por isso que chamam\nde Skeleton Dome.	Ah, por eso se llama el Domo Esquelético...	To dlatego nazywają\nto Kopułą Szkieletów.	原來如此阿，\n這就是骷髏巨蛋命名的源由嗎？	İşte bu yüzden ona\nİskelet Kubbesi diyorlar.	C'est pour ça qu'ils l'appelent le Dôme Squelette.
ske_dome_sh	Wow, this place is huge!		大きいねぇ…	¡Hala, este sitio es gigantesco!	Ого! Какое большое пространство...	Wow, ist das riesig!	Wow! Questo posto è gigantesco.	Wow, det här stället är enormt!	Uau, esse lugar é enorme!	Esto es enorme, ¿no?	Łał, to miejsce jest ogromne!	哇，這裡好大喔！	Wow, burası çok büyük!	Wow, cet endroit est énorme !
														
ske_body_so	So, we've got to find his body, huh?		体を探せって言われてもな	Así que tenemos que encontrar\nsu cuerpo, ¿eh?	Найти тело не так уж и легко...	Wir müssen also den Rest seines Körpers finden, richtig?	Qundi, dobbiamo trovare il suo corpo eh?	Så, vi måste hitta hans kropp, huh?	Então, precisamos achar o corpo dele, né?	Nos dijo que encontremos sus restos.	Więc, mamy znależć jego ciało, co?	所以我們得去找他的身體嗎？	Yani cesedini bulmamız lazım, öyle mi?	Alors, on doit trouver son corps ?
ske_body_sh	I wonder where it is.		どこにあるにだろうねぇ…	Me pregunto dónde estará...	Где оно может быть?	Ich frage mich, wo er sein könnte.	Mi domando dove sia.	Jag undrar var den är.	Onde será que ele está?	Me pregunto dónde estarán...	Ciekawe gdzie ono jest.	到底會藏在哪裡呢？	Acaba nerededir?	Je me demande où il est.
ske_search_so	Well, the pieces have got to be somewhere.		そのうち見つかれさ	Bueno, en algún sitio tienen\nque estar sus huesos.	Ну, думаю, что скоро найдётся...	Naja, die Teile sollten hier irgendwo sein.	Beh, i pezzi devono pur essere da qualche parte.	Nå, bitarna måste ju finnas någonstans.	Bom, os pedaços precisam estar em algum lugar.	Ah, ya los encontraremos.	Cóż, jego części muszą gdzieś tu być.	他的一部分肯定就在某處。	Eh, parçaların bir yerlerde olması lazım.	Eh bien, les morceaux doivent être quelque part.
ske_search_sh	Where should we search first?		どこ探せばいいんだろう	¿Dónde deberíamos buscar primero?	Где лучше поискать?	Wo sollten wir zuerst anfangen zu suchen?	Dove dovremmo iniziare?	Vart borde vi leta först?	Onde vamos procurar primeiro?	¿En dónde buscamos?	Gdzie powinniśmy najpierw szukać?	那我們要先去哪裡找呢？	İlk önce nerede arama yapmalıyız?	Par où commencer ?
ske_hand_sh	Sonic, follow that thing!		ソニック　あれ追いかけて！	¡Sonic, sigue a esa cosa!	Соник! Догони его!	Sonic, folge diesem Ding!	Sonic, insegui quella cosa!	Sonic, följ den där ringen!	Sonic, siga aquela coisa!	¡Sonic, persigue esa cosa!	Sonic, podążaj za tym czymś!	索尼克，快追上那個東西！	Sonic, o şeyi takip et!	Sonic, suis cette chose !
														
														
night_palace	Night Palace		ナイト　パレス	Palacio Nocturno	Ночной дворец	Night Palace	Palazzo Notturno	Natt Palatset	Night Palace	Palacio Nocturno	Nocny Pałac	暗夜宮殿	Gece Sarayı	Night Palace
night_palace_description	Drifting across a dark, starry sky.		暗夜にうかぶ宮殿。	Déjate llevar por un cielo oscuro y estrellado.	Дворец, виднеющийся в тёмной ночи.	Am dunklen Sternenhimmel.	Alla deriva in un cielo oscuro, pieno di stelle.	Svävande över en mörk, stjärnbeströdd himmel.	Vagando por um céu escuro e estrelado.	Un palacio a la deriva de la oscuridad de la noche.	Dryfujący po ciemnym, rozgwieżdżonym niebie.	漂浮在黑夜中的宮殿。	Karanlık, yıldızlı bir gökyüzünde sürüklenmek.	Un palais voguant dans un ciel sombre et étoilé.
nig_opening_sh	So, this is where Erazor is...		ここにイレイザーが…	Así que aquí es donde reside Erazor...	Эрейзор здесь...	Das ist also, wo Erazor...	Quindi, è qua dove vive Erazor...	Så, det är här Erazor är...	Então é aqui que o Erazor está...	Aquí se encuentra Erazor...	Więc to tutaj się ukrywa Erazor...	這就是伊萊薩的所在之處…	Demek Erazor'un yer burası...	C'est donc ici qu'Erazor se cache...
nig_opening_so	Don't worry. We'll get him in no time!		あぁ…　すぐとっ捕まえてやるぜ！	¡Da por seguro que lo alcanzaremos en nada!	Ага... я его мигом схвачу!	Keine Sorge. Dem mach ich Beine!	Non preoccuparti. Lo prenderemo in tempo!	Oroa dig inte. Vi får tag på honom på nolltid!	Relaxa, já já a gente alcança ele!	¡Ah, lo atraparemos rapidito!	Nie martw się. Znajdziemy go w mgnieniu oka!	別擔心。我們很快就會逮到他了！	Endişelenme. Onu hemen yakalayacağız!	Ne t'inquiète pas.\nOn va le trouver rapidement !
nig_footing_so	This is about to come crumbling down!		崩れる寸前かよ！	¡El suelo se está desprendiendo!	Вот-вот развалится!	Das wird gleich zusammenbrechen!	Il suolo sta iniziando a cadere!	Det här håller på att falla samman!	Isso está prestes a desmoronar!	¡Esto está por desmoronarse!	To się zaraz zawali!	這裡要崩塌了！	Bu yıkılmak üzere!	Ça s'effondre !
nig_footing_sh	Hurry!		急いで！	¡Date prisa!	Поторопись!	Beeile dich!	Sbrigati!	Skynda!	Rápido!	¡Deprisa!	Szybko!	快啊！	Acele et!	Vite !
nig_footing2_sh	Hurry! Before it breaks!		急がないと崩れちゃうよ！	¡Rápido!; ¡antes de que se caiga!	Если не поторопишься, всё обвалится!	Beeile dich! Bevor es zusammenbricht!	Muoviti! Prima che si rompi!	Skynda! Innan den går sönder!	Rápido! Antes que desabe!	¡Rápido, antes de que se quiebre!	Szybko! Zanim się zawali!	快啊！在它崩壞前！	Acele et! Yıkılmadan önce!	Vite ! Avant que ça ne casse !
nig_footing2_so	I know, I know!		わーってるって！	¡Lo sé, lo sé!	Да знаю я!	Ich weiß, ich weiß!	Lo so, lo so!	Jag vet, jag vet!	Eu sei, eu sei!	¡Ya lo sé!	No wiem, wiem!	我知道啦！	Biliyorum, biliyorum!	Je sais, je sais !
nig_trap_sh	It's a trap! What do we do?		罠よ！　どうしよう…	¡Es una trampa!\n¿Ahora qué hacemos?	Это ловушка! Что же делать...	Es ist eine Falle! Was nun?	È una trappola! Cosa facciamo?	Det är en fälla! Vad ska vi göra?	É uma armadilha! O que faremos?	¡Es una trampa! ¿Qué hacemos?	To pułapka! Co robimy?	是陷阱！我們該怎麼辦？	Bu bir tuzak! Ne yapacağız?	C'est un piège ! Qu'allons-nous faire ?
nig_trap_so	We just have to face it!		かまうもんか！	No pasa nada.\n¡Lo tengo controlado!	Нечего беспокоиться!	Na reintappen! Was sonst?	Dobbiamo solo affrontarlo!	Vi måste bara möta det!	Vamos ter que encarar!	¡Salir de ella!	Trzeba jakoś Sobie z tym poradzić!	不面對它不行了！	Onunla yüzleşmeliyiz!	Il faut juste y faire face !
nig_enemy_so	Well, guess it's time to rumble!		敵さんもいよいよってわけだ！	Entonces, ¡hora de pelear!	Скоро доберусь до врага!	Heh! Jetzt gibt's Backenfutter, Jungs!	Beh, è il momento di scatenarsi!	Nåja, då är det väl dags att rumbla!	Bom, acho que é hora de mandar ver!	¡El enemigo está listo para atacar!	Cóż, chyba pora rozkręcić imprezę!	看樣子要來場混鬥囉！	Hadi, artık harekete geçme zamanı!	C'est l'heure d'une petite bagarre !
nig_enemy_sh	Now of all times is when\nwe should stay on guard.		向こうも必死みたいわ！	Ahora más que nunca hemos\nde mantenernos en guardia.	Он уже на пределе!	Gerade jetzt sollten wir auf der Hut bleiben.	Tra tutti i momenti è questo\nil quale dove dobbiamo stare in guardia.	Det är nu av alla tider som\nvi borde vara på vår vakt.	Agora mais do que nunca, devemos ficar atentos.	¡Parecen desesperados!	Teraz, bardziej niż kiedykolwiek,\npowinniśmy być czujni.	現在是我們最該保持警戒的時候。	Şu an, her şeyden önce tetikte\nolmamız gereken zamandır.	C'est bien maintenant\nque tu dois être sur tes gardes.
nig_carpet_sh	I guess next up,\nwe go for a walk on the air.		次は空の散歩？	Y ahora, ¿un paseo por el cielo?	А теперь прогулка по небу!	Als nächstes spazieren wir mal ein wenig im Himmel.	È ora\n facciamo una passeggiata a mezz'aria.	Jag antar att härnäst,\ntar vi en prommenad i luften.	E agora,\niremos dar um passeio pelo céu.	Y ahora, un paseo por el cielo.	Wygląda mi to na spacer po powietrzu.	看來接下來是空中散步。	Sanırım sırada havada,\nyürüyüşe çıkmak var.	Je crois que nous allons maintenant\nfaire une balade dans le ciel.
nig_carpet_so	This just keeps getting\nbetter and better.		なかなか　いきな事をするじゃないか！	Lo hago con mucho estilo, ¿eh?	А становится всё лучше и лучше!	Das wird ja immer besser!	La situazione non fa\n che migliorare.	Det här blir bara bättre\noch bättre.	Isso tá ficando cada vez melhor.	¡A eso se le llama estilo!	Robi się to coraz lepsze!	事情越來越精彩了。	Bu durum gittikçe\ndaha da iyiye gidiyor.	Ça ne cesse de\ns'améliorer.
nig_carpet2_so	Hey, check out the view!		絶景だねぇ！	¡Eh, mira qué vistas!	Какой красивый вид!	Hey, nette Aussicht!	Hey, guarda che panorama!	Hej, kolla in utsikten!	Ei, saca só essa vista!	¡Pero qué vista!	Hej, obczaj ten widok!	這真是絶景阿！	Hey, manzaraya bak!	Hé, regarde cette vue !
nig_carpet2_sh	Sonic, we don't have time\nfor sightseeing!		ゆっくりしてる暇はないわよ！	¡No es momento para relajarse, Sonic!	Нет времени смотреть по сторонам!	Sonic, wir haben keine Zeit Sterne zu beobachten!	Sonic, non abbiamo tempo\n per fare i turisti!	Sonic, vi har inte tid\nför en rundtur!	Sonic, não temos tempo para \nadmirar a paisagem!	¡No podemos relajarnos ahora!	Sonic, nie mamy czasu na\npodziwianie widoczków!	索尼克，我們沒時間看風景了啦！	Sonic, gezip görmeye\nvaktimiz yok!	Sonic, on n'a pas le temps\nde regarder les paysages !
nig_entrance_so	He must be through here.		この先にいるんだな？	Debe de estar por aquí.	Он должен быть здесь, да?	Er muss hier lang gekommen sein.	Dev'essere verso di qua.	Han måste vara här förbi.	Ele deve estar por aqui.	¿Está más adelante?	Musi być tutaj.	他一定在這前面。	Buradan çıkmış olmalı.	Il doit être par ici.
nig_entrance_sh	Indeed...		きっと…	Efectivamente...	Наверное...	Genau...	Certo...	Verkligen...	Sim...	Sin duda...	Racja...	一定……	Kesinlikle...	C'est vrai.
nig_stretch_event_so	Woah, what the...?		な　なんだ？	¿C-cómo?	Ого... что?	Whoa, was zur...?	Woah, ma che..?	Woah, vad i...?	Uou, mas o quê...?	¡¿Q-Qué...?!	Łał, co do...?	哇喔，怎麼了……？	Woah, buda ne...?	Ouah, c'est quoi ce... ?
nig_stretch_event_sh	The room...stretched!		部屋がのびたー！	¡La habitación se ha alargado!	Комната... стала длиннее!	Der Raum... hat sich gestreckt!	La stanza...si è allungata!	Rummet...strechade!	A sala... se esticou!	¡La habitación se agrandó!	Pokój... rozciągnął się!	房間……伸長了！	Oda...gerildi!	La chambre... s'est agrandie !
nig_warp_sh	Something's come out.		なんか出てきたわよ…	Ha salido algo de ahí...	Там что-то появилось...	Etwas kam da raus.	Qualcosa è uscito.	Någonting kommer ut.	Algo apareceu.	Algo salió...	Coś wyszło.	有東西跑出來了！	Bir şey çıktı.	Quelque chose en est sorti !
nig_warp_so	Which means maybe we can go in!		ここに飛び込めってことか…	¿Me estás pidiendo que entre, entonces?	Видимо, надо запрыгнуть сюда!	Dann gehen wir rein!	Il che vuol dire che forse possiamo entrare!	Vilket betyder att vi kan gå in!	Ou seja, talvez a gente possa entrar!	¿Piensas que podríamos entrar entonces...?	To pewnie znaczy,\nże możemy teraz wejść!	那代表我們或許可以進去！	Yani belki içeri girebiliriz!	Ça veut dire qu'on peut entrer.
nig_spirit_world_sh	Where could this be?		ここは？	¿Qué es este lugar?	Что это за место?	Wo sind wir nur gelandet?	Dove è questo posto?	Vart kan det här vara?	Onde será que estamos?	¿Dónde estamos?	Gdzie to może być?	這裡是什麼地方？	Bu nerede olabilir?	C'est quoi, cet endroit ?
nig_spirit_world_so	Are we really inside the palace?		本当に城の中なのか？	¿De verdad seguimos dentro del palacio?	Мы точно внутри дворца?	Sind wir wirklich noch im Palast?	Siamo veramente dentro al palazzo?	Är vi verkligen inuti palatset?	Estamos mesmo dentro do palácio?	¿En serio esto está dentro del palacio?	Serio jesteśmy w środku pałacu?	我們真的是在宮殿裡嗎？	Gerçekten sarayın içinde miyiz?	Sommes-nous vraiment dans le palais ?
nig_gate_sh	The gate! It's fixed!		門が直ってく！	¡La puerta se está reparando!	Ворота восстановились!	Dieses Tor! Es hat sich repariert!	Il cancello! È riparato!	Grinden! Den är fixad!	O portão! Está consertado!	¡La puerta está reparada!	Brama! Jest naprawiona!	大門被修好了！	Kapı! Tamir edildi!	Le portail ! Il est réparé !
nig_gate_so	Just what is this place?		なんでもありだな…	Supongo que todo puede pasar...	В этом мире возможно всё...	Was zum Geier geht hier eigentlich ab?	Che razza di posto è questo?	Vad är det här för plats egentligen?	Que lugar é esse, afinal?	Todo es posible...	Czym jest to miejsce do licha?	這裡到底是什麼地方……	Peki burası tam olarak neresi?	Ce sont les particularités de cet endroit.
nig_end_so	So, we're finally here.		ようやくここまで来たぜ！	¡Por fin llegamos hasta aquí!	Наконец-то добрались!	Okay, endlich durchgeschafft.	Quindi, siamo finalmente arrivati.	Så, vi är äntligen här.	Então, finalmente chegamos.	¡Por fin llegamos!	Więc, w końcu dotarliśmy.	我們終於到這裡了！	İşte sonunda buradayız.	Nous y voilà enfin.
nig_end_sh	Stay confident. Let's go.		気を引き締めていきましょ！	¡Centrémonos!	Сосредоточься хорошенько!	Die Stunde der Wahrheit ist gekommen...	Abbi coraggio. Andiamo.	Behåll självförtroendet. Låt oss gå.	Continue confiante. Vamos.	¡Sigamos concentrados y hagámoslo!	Bądż pewny Siebie. Idżmy.	保持自信地繼續前進吧。	Kendine güven. Hadi gidelim.	Garde confiance. Allons-y.
nig_rampage_start_so	Okay, let's finish this!		さっさとやっちまおうか！	¡Acabemos con esto rápidamente!	Давай поскорее покончим с этим!	Okay, bringen wir es zu Ende!	Okay, finiamola!	Okej, låt oss avsluta det här!	Beleza, vamos acabar com isso!	¿Terminamos con esto?	Spoko, skończmy to!	好，讓我們搞定這件事吧！	Tamam, bitirelim şunu!	Bon, finissons-en !
nig_rampage_start_sh	Yes!		うん！	¡Sí!	Да!	Ja!	Si!	Ja!	Sim!	¡Sí!	Tak!	嗯！	Evet!	Oui !
nig_lost_so	Where are we?		どこだここは？	¿Dónde estamos?	Где же мы?..	Wo sind wir?	Dove siamo?	Vart är vi?	Onde estamos?	¿Y ahora dónde estamos?	Gdzie my jesteśmy?	這裡是哪裡？	Neredeyiz?	Où sommes-nous ?
nig_lost_sh	I'm feeling something strange.		不思議な感じがするわね	Qué sensación más extraña, ¿verdad?	Тут как-то необычно.	Ich fühle etwas seltsames.	Mi sto sentendo abbastanza strano...	Jag känner nått konstigt.	Estou sentindo algo estranho.	¿No sientes algo extraño?	Czuję coś dziwnego.	有股奇怪的感覺。	Garip bir şey hissediyorum.	Je ressens quelque chose d'étrange.
nig_deja_vu_so	What's this feeling of déjà vu?		なんか　変な感じだな…	Algo se siente raro...	У меня странное чувство...	Ich krieg hier irgendwie ein Déjà-vu.	Cos'è questa sensazione di déjà vu?	Vad är det här för känsla av déjà vu?	Acho que já vi isso antes...	Algo se siente raro...	Czemu czuję déjà vu?	怎麼有種似曾相識的感覺？	Bu deja vu hissi nedir?	C'est quoi, ce sentiment de déjà-vu ?
nig_deja_vu_sh	Sonic! This is the wall\nfrom the room we were just in!		ソニック！\nここさっきの部屋の壁だよ！	¡Sonic! ¡Es la pared de la habitación de antes!	Соник!\nЭто стена комнаты, в которой мы были!	Sonic! Das ist die Mauer von dem Raum\nin dem wir gerade waren!	Sonic! Questo è il muro\ndella stanza in cui eravamo poco fà!	Sonic! Det här är väggen\nfrån rummet vi just var i!	Sonic! Essa é a parede \nda sala em que estávamos!	¡Sonic, esa es la pared de la habitación en la que estábamos!	Sonic! To jest ściana pokoju\nw którym przed chwilą byliśmy!	索尼克！這面牆是\n剛才那個房間裡的！	Sonic! Bu az önce içinde\nbulunduğumuz odanın duvarı!	Sonic ! C'est le mur du pièce\noù on était tout à l'heure !
nig_spinning_room_sh	Is the room spinning?		部屋が回転した？	¿La habitación acaba de rotar?	Комната перевернулась?	Dreht sich der Raum etwa?	La stanza sta girando?	Snurrar rummet?	A sala está girando?	¿Gira la habitación?	Czyżby pokój się obracał?	房間在旋轉嗎？	Oda mı dönüyor?	La pièce tourne-t-elle sur elle-même ?
nig_spinning_room_so	Looks like it!		みたいだな！	¡Eso parece!	Похоже на то!	Sieht ganz so aus!	Sembra proprio così!	Ser ut som det.	Parece que sim!	¡Así parece!	Na to wygląda!	看樣子是呢！	Öyle görünüyor!	On dirait bien !
														
nig_boss_intro_so	I've been waiting to finish things\nwith you for a long time!		いい加減　決着をつけようと思ってたところだぜ。	¡Llevo mucho tiempo queriendo ponerle fin a tus fechorías!	О, а я как раз думал о том, что нам\nс тобой уже пора разобраться!	Ich hab mich schon drauf gefreut mit dir abzurechnen!	Ho aspettato tanto per finire le cose con te!	Jag har väntat länge på att\nfå avsluta saker med dig!	Já faz um bom tempo que eu tô querendo acabar com você!	¡Ya es momento de ponerle fin a todo esto!	Od dawna chciałem\nzakończyć z tobą sprawy!	我想跟你做個了結\n已經想很久了！	Uzun zamandır seninle işleri bitirmeyi bekliyordum!	Ça fait longtemps que\nje veux en finir avec toi !
nig_boss_intro_er	You filthy rat!\nI'll shut that mouth of yours permanently!		来るがいい！ドブネズミ！\n貴様の減らず口は聞き焼きさ！	¡Rata asquerosa! Me aseguraré de cerrarte el pico para siempre.	Эй, ты, крыса, я уже устал\nслушать твою болтовню!	Du dreckige Ratte! Ich stopf dir schon\nnoch dein vorlautes Mundwerk!	Ratto schifoso!\nTi chiuderò quella bocca per sempre.	Din smutsiga råtta!\nJag ska stänga din mun för alltid!	Seu rato imundo! Vou calar essa sua boca para sempre.	¡Sucia rata!\n¡Hora de cerrarte el hocico para siempre!	Ty paskudny szczurze!\nNa stałe zamknę ci tą gębę.	你這隻骯髒老鼠！\n讓我把那張嘴永遠閉上！	Pis fare! O ağzını sonsuza dek kapatacağım.	Sale vermine ! Je vais te faire taire\nà tout jamais.
nig_boss_grunt_er	Hmmph!		フンッ！	¡¡Hum!!	Ха!	Hmmpf!	Hmmph!	Hmmph	Hum!	¡Juh!	Hmmf!	哼嗯！	Hmmph!	Hmmph !
nig_boss_warn_er	Take this!		くらうがよい…！	¡Trágate esta!	Вот тебе!	Nimm das!	Prendi questo!	Ta det här!	Tome isso!	¡Trágate esto!	A masz!	接招！	Al bunu!	Prends ça !
nig_boss_warn_sh	Watch the way that Erazor\nswings his sword!		イレイザーの剣の動きをよく見るのよ！	¡Fíjate bien en cómo\nblande su espada!	Следи за движением меча Эрейзора!	Beobachte, wie Erazor sein Schwert schwingt!	Guarda la direzione in cui l'Erazor\ncolpirà con la sua spada!	Se hur Erazor\n svingar sitt svärd!	Observe como o Erazor balança a sua espada!	¡Presta atención a cómo mueve Erazor su espada!	Patrz w jaki sposób Erazor\nmacha mieczem!	注意伊萊薩的揮刀方式！	Erazor'un kılıcını nasıl salladığına dikkat et!	Observe la façon dont\nErazor manie son épée !
nig_boss_duel_er	Come, Sonic! And face me!		来い！　ソニック！　勝負だ！	¡Acércate, Sonic! ¡Enfréntate a mí!	Иди сюда, Соник! Сразимся!	Los doch, Sonic! Komm nur her!	Vieni, Sonic! E affrontami!	Kom, Sonic! Och möt mig!	Venha, Sonic! E me enfrente!	¡Vamos, Sonic! ¡Enfréntame!	Chodż, Sonic! Zmierz się ze mną!	來吧，索尼克！\n跟我一決勝負吧！	Gel, Sonic! Ve benimle yüzleş!	Viens, Sonic ! Et affronte moi !
nig_boss_duel2_er	Come, you filthy rat! And face me!		来い！　ドブネズミ！　勝負だ！	¡Ven aquí, rata inmunda! ¡Da la cara!	Иди сюда, крыса! Сразимся же!	Komm, du dreckige Ratte! Und stell dich mir!	Vieni, ratto schifoso! E affrontami!	Kom, din smutsiga råtta! Och möt mig!	Venha, seu rato imundo! E me enfrente!	¡Vamos, sucia rata! ¡Pelea!	Chodż, ty paskudny szczurze!	來啊，你這隻臭老鼠！\n跟我一決勝負！	Gel, seni pis fare! Ve benimle yüzleş!	Viens donc, vermine !\nAffronte moi !
nig_boss_duel_sh	Sonic, look out! You can't just rush him head on!		気をつけて、ソニック！ 真っ直ぐ突っ込んでも、やられるだけよ！	¡Cuidado, Sonic!\n¡Atacarlo sin pensar no funcionará!	Будь осторожен, Соник! Если ты его\nатакуешь в лоб, он тебя атакует в ответ!	Vorsicht, Sonic!\nMit roher Gewalt kommst du hier nicht weiter!	Sonic, attento! Non puoi semplicemente attaccarlo frontalmente!	Sonic, se upp! Du kan inte bara rusa rakt fram på honom!	Cuidado, Sonic! Não vá pra cima dele assim!	¡Cuidado, Sonic! ¡Si te lanzas directamente,\nsólo conseguirás que te mate!	Sonic, pilnuj się!\nNie możesz tak po prostu się na niego rzucać!	小心啊，索尼克！\n你不能唐突衝向他！	Sonic, dikkat et! Ona öylece saldıramazsın!	Sonic, attention !\nTu ne peux pas l'affronter 
nig_boss_duel_so	You want it, you got it!		のぞむところだ！	¡Ha salido de perlas!	С удовольствием!	Große Klappe, nichts dahinter!	Se lo vuoi, lo avrai!	Du vill ha det, du har det!	Quem procura, acha!	¡Justo como lo quería!	Mówisz, masz!	想要的話，給你就是啦！	İstedin, aldın!	Tu l'auras voulu !
nig_boss_duel_final_so	Time to finish you off once and for all!		ＹＥＳ！ そろそろの届目を刺させてもらうぜ！	¡Hora de acabar contigo de una vez por todas!	Да! Нам пора с тобой\nнаконец-то разобраться!	Jetzt mach ich dich fertig, du Freak!	È il momento di finirla una volta per tutte!	Dags att göra slut på dig en gång för alla!	Hora de acabar com isso de uma vez por todas!	¡Sí! ¡Hora de dar el golpe final!	Czas Cię wykończyć raz na zawsze!	該是時候一勞永逸地解決你了！	Seni bir kez ve sonsuza dek bitirmenin zamanı geldi!	Il est temps d'en finir\nune fois pour toute !
nig_boss_duel_hint1_sh	(Better time your attack\nwhen he comes around.)		(向かってきたら　タイミングよく\nカウンターを狙ってみましょうよ)	(Espera al momento oportuno para atacar)	(Выберите момент для контратаки,\nкогда он приближается!)	(Du musst dich wehren wenn er auf dich zustürmt.)	(Meglio attaccare al tempismo giusto la prossima volta.)	(Du måste tajma din attack\nnär han kommer runt.)	(Melhor sincronizar o seu ataque quando ele aparecer)	(Si te ataca, intenta contraatacar en el momento justo.)	(Lepiej wyczuj moment ataku,\ngdy się trochę zbliży).	（在他過來的時候，\n抓準攻擊的時機）	(Saldırını o geldiğinde yapman daha iyi olur.)	(Tu peux sûrement faire ton mouvement\nsi tu attends le bon moment.)
nig_boss_duel_hint2_sh	(Slow down!)		(スピードを落として！)	(¡Ve más lento!)	(Снизьте скорость!)	(Brems ab!)	(Rallenta!)	(Sakta ner!)	(Devagar!)	(¡Más despacio!)	(Zwolnij!)	（慢下來！）	(Yavaşla!)	(Ralentis !)
nig_boss_duel_hint3_sh	(Time it carefully...\nHe's only open for a second!)		(よくタイミングをみて…一瞬よ)	(Calcula bien el momento...\n¡Solo tienes un instante para acertar!)	(Выберите подходящий момент и...\nатакуйте!)	(Er ist so schnell, es ist fast unmöglich ihn zu treffen.)	(Vai al tempismo giusto...\nÈ scoperto solo per un secondo!)	(Tajma det noggrant...\nHan är bara öppen i en sekund!)	(Aguarde o momento certo... \nEle fica vulnerável por um segundo!)	(Calcula su movimiento... Sólo tienes un momento.)	(Wyczuj to ostrożnie...\nJest bezbronny tylko na sekundę!)	（謹慎地抓準時機……\n他的空檔只有那一瞬間！）	(Zamanlamayı iyi ayarlayın...\nSadece bir saniyeliğine açık kalacak!)	(Choisis bien le moment...\nIl n'est vulnérable qu'un instant. !)
nig_boss_duel_hint4_sh	(It's one-on-one! Be ready to jump!)		(一騎打ちね！ジャンプの用意よ)	(Un uno contra uno; ¡prepárate para saltar!)	(Это дуэль! Приготовьтесь прыгнуть!)	(Es ist eins gegen eins! Mach dich bereit!)	(È un uno contro uno! Si pronto a saltare!)	(Det är en-mot-en! Var redo att hoppa!)	(É agora! Prepare-se para pular!)	(¡Es uno a uno! ¡Prepárate para saltar!)	(Jeden na jednego!\nBądź gotów do skoku!)	（這是場一對一決鬥！準備跳起來！）	(Bire bir! Zıplamaya hazır ol!)	(Un contre un ! Prépare-toi à sauter !)
nig_boss_hint_sh	(You can probably make your move with the right timing...)		(タイミングを合わせて\nカウンターを狙えないかしら…)	(Si lo haces en el momento justo, seguro que lo logras...)	(Выберите момент для контратаки,\nкогда он приближается!)	(Du brauchst das richtige Timing um ihn zu treffen...)	(Puoi probabilmente fare la tua mossa con il giusto tempismo...)	(Du kan förmodligen göra ditt drag med rätt timing...)	(Você provavelmente pode atacá-lo no momento certo...)	(Probablemente podrías buscar el momento\njusto para un contraataque.)	(Pewnie możesz wykonać swój ruch,\njeśli dobrze to wyczujesz.)	（掌握好時機或許就能反擊……）	(Doğru zamanlamayla muhtemelen hamlenizi yapabilirsiniz...)	(Si tu calcules bien le bon moment,\ntu pourras contre-attaquer...)
nig_boss_hit1_so	Aha! It's working!\nNow I just have to keep that up!		ハン！　効いてそうだな\nまだまだいくぜ！	¡Ajá! ¡Funciona!\n¡Solo tengo que seguir así!	Ха! Похоже, это работает!\nПродолжу делать так же!	Aha! Treffer Nummer eins! Wie hat dir das gefallen?!	Aha! Funziona! Devo solo continuare così!	Aha! Det fungerar!\nNu måste jag bara fortsätta så!	Ahá! Tá funcionando! Agora é só manter o ritmo!	¡Ja! ¡Eso funcionó! ¡Sigamos así!	Aha! To działa!\nTeraz muszę tak trzymać dalej!	啊哈！奏效了！\n接下來我只要堅持下去就好！	Aha! İşe yarıyor! Şimdi devam etmeliyim!	Aha ! Ça marche ! Il ne faut pas\nque je me relâche !
nig_boss_hit1_er	Ha! Insolent pest!\nYour feeble attacks cannot harm me!		ふん　くだらぬ\n一撃で　はしゃぎおって…！	¡Já! ¡Alimaña insolente!\n¡No me afectan tus patéticos ataques!	Ха, дерзкая крыса!\nТы не сможешь мне ничего сделать!	Ha! Lästiger Plagegeist! Ist das schon alles, was du drauf hast?!	Ah! Peste insolente!\nI tuoi attacchi non possono farmi del male!	Ha! Oförskämda skadedjur!\nDina svaga attacker kan inte skada mig!	Há! Praga insolente! Seus ataques fúteis não podem me ferir!	¡Jum, qué imbécil!\n¡Te emocionas por darme un golpecito!	Ha! Bezczelny szkodniku! \nTwoje marne ataki nie mogą mnie drasnąć!	哼！你這隻無禮的害蟲！\n如此軟弱的攻擊是傷不了我的！	Ha! Küstah haşere! Senin zayıf saldırıların bana zarar veremez!	Insolent ! Tes attaques d'amateur\nne peuvent rien contre moi !
nig_boss_hit2_so	What's wrong, Erazor?\nYou don't look so good!		どうしたイレイザー\nどこか調子でも悪いのか？ 	¿Qué pasa, Erazor?\n¡Se te ve mala cara!	Что случилось, Эрейзор?\nПлохо себя чувствуешь?	Ha! Was los, Erazor? Du siehst gar nicht gut aus!	Che c'è Erazor?\nNon sembri in forma!	Vad är det för fel, Erazor?\nDu ser inte så bra ut!	O que foi, Erazor? Você não tá com uma cara boa!	¿Qué pasa, Erazor? ¿Te duele algo?	I jak tam, Erazor? Nie wyglądasz najlepiej!	怎麼啦，伊萊薩？臉色怎麼臭起來啦！	Sorun nedir Erazor? İyi görünmüyorsun!	Alors, Erazor ? Ça n'a pas l'air d'aller fort !
nig_boss_hit2_er	Enjoy your moment of pride, rat.\nIt shall be your last!		図に乗るなよドブネズミ！\nお前の動きなど　すでに見切ったわ！	No te confíes, rata...\n¡Ya me conozco tus movimientos!	Не будь таким самоуверенным, крыса!\nЯ могу предугадать все твои действия!	Genieß nur deinen Anflug von Hochmut, Ratte.\nEs wird dein letzter sein!	Goditi questo momento di gloria ratto.\nSarà il tuo ultimo!	Njut av din stolthet, råtta.\nDet ska bli din sista!	Aproveite o seu momento de orgulho, rato. Pois será o seu último!	¡No te creas tanto, sucia rata!\n¡Ya conozco tus movimientos!	Ciesz się chwilą dumy, szczurze.\nBędzie ona twą ostatnią!	別太得意忘形了，臭老鼠。\n這是你最後一次能享受的時候了！	Gurur anının tadını çıkar, fare. Bu sonuncusu olacak!	Savoure ton heure de gloire, vermine !\nCe sera la dernière !
nig_boss_defeat_er	N...No...This isn't...Possible...		う…ここまでやるとは…！	N... no puede ser...\n¡Es imposible...!	Не... не думал, что ты на такое способен!	N...Nein...Das ist nicht...Möglich...	N...No...Questo non è...Possibile...	N...Nej...Detta är inte...Möjligt...	N...Não...Isso não é...possível...	¡Uuaaaah...! ¡No pensé que pasaría esto...!	N...Nie...To nie jest...Możliwe...	不……不可能……\n這不……可能……！	H...Hayır...Bu mümkün...Değil...	N... Non... C'est... Impossible...
nig_boss_defeat_so	All right, Erazor!\nGive up, you've lost!		そこまでだ　イレイザー！\nオマエの負けだ！	¡Hasta aquí has llegado, Erazor!\n¡Hasta tu derrota!	Всё, Эрейзор! Сдавайся!\nТы проиграл!	OK, Erazor! Gib auf, du hast verloren!	Bene, Erazor!\nArrenditi, hai perso!	Okej, Erazor!\nGe upp, du har förlorat!	Beleza, Erazor! Desista, você perdeu!	¡Suficiente, Erazor! ¡Tú... perdiste!	Dobra, Erazor!\nPoddaj się, przegrałeś!	到此為止，伊萊薩！\n放棄吧，是你輸了！	Pekala Erazor! Pes et, kaybettin!	Allez, Erazor ! Admets ta défaite !
														
last_intro_er	I am... The creator...		我ハ…創造主…	Yo ſoy... el Criador...	Аха-ха-ха-ха-ха!\nЯ... создатель...	Ich bin... der Schöpfer...	Io sono... Il creatore...	Jag är... Skaparen...	Eu sou... O criador...	Yo soy... el creador...	Jestem... Twórcą...	我是……造物主……	Ben... Yaratıcıyım...	Je suis… Le créateur…
last_intro2_er	The stories of this world are... MINE!		世界ヲ　物語り…紡ぐモノ…	Aquel que texio las hiſtorias deſte mundo...	Все сказки в этом мире\nпринадлежат мне!	Die Geschichten dieser Welt gehören... MIR!	Le storie di questo mondo sono... MIE!	Berättelserna i den här världen är... MINA!	As historias desse mundo são... MINHAS!	De las historias del mundo... Y lo que las teje...	Historie tego świata należą... DO MNIE!	這世界的故事都將……屬於我！	Bu dünyanın hikayeleri... BENİM!	Les histoires de ce monde sont… LES MIENNES !
last_intro_so	If this is your world, then it's a world\nthat I don't want any part of!		なんだって？　何も無いじゃないか\nこんな世界は　願い下げだぜ！	¿¡Qué historias!? ¡Aquí ya no queda nada!\n¿¡Quién desearía tal mundo!?	Чего? Их ведь нет!\nТакой мир никому не нужен!	Wenn das deine Welt ist, will ich kein Teil davon sein!	Se questo è il tuo mondo, allora è un mondo\n di cui non voglio fare parte! 	Om det här är din värld, då är det en värld\nsom jag inte vill vara en del av!	Se esse é o seu mundo,\nentão eu não quero fazer parte dele!	¡Ja!\n¡No quiero ser parte de un mundo vacío!	Jeśli to jest twój świat, nie jest to świat\nz którym chiałbym mieć coś współnego!	若這世界是屬於你的，\n那我才不要活在這裡！	Eğer bu senin dünyansa, o zaman ben bu\ndünyanın bir parçası olmak istemiyorum!	Si c'est ça, ton monde, alors c'est un monde\ndont je ne veux pas faire partie !
last_charge_sh	You can always fill the Soul Gauge\nby pressing [button_attack].		 [button_attack] を押すといつでも\nソウルゲージをためることができるわ	Puedes llenar la Barra de Almas\n presionando [button_attack].	Нажмите кнопку атаки, чтобы в любой\nмомент заполнить шкалу души.	Benutze [button_attack], um deine Soul Gauge aufzufüllen.	Puoi sempre riempire la Barra dell'Anima\n premendo [button_attack].	Du kan alltid fylla Själsmätaren\ngenom att trycka på [button_attack].	Você pode carregar a Barra Espiritual\napertando [button_attack]	Presionando [button_attack] puedes llenar el\nMedidor de almas cuándo quieras.	Możesz zawsze naładować Pasek Dusz\nwciskając [button_attack].	按住 [button_attack] 增加魂力量表。	Ruh Göstergesini her zaman [button_attack]\ntuşuna basarak doldurabilirsiniz.	Vous pouvez à tout moment remplir la Jauge d'Âme\nen appuyant sur [button_attack].
last_charge_so	Shahra!		シャーラ！	¡Shara!	Шахра!	Shahra!	Shahra!	Shahra!	Shahra!	¡Shahra!	Shahra!	夏拉！	Shahra!	Shahra !
last_slash_er	Mwahahah! You think you are a match\nfor me?		フハハハ\n我ニ　追イツク　コトモ　デキヌカ？	(Riſa) Ni aun ſois capaz\nde llegar a mì?	Му-ха-ха-ха!\nДумаешь, ты сможешь мне противостоять?	Mwahahah! Du glaubst doch nicht im Ernst MIR gewachsen zu sein?	Muahahah! Pensi veramente di essere al mio livello?	Mwahahaha! Tror du att du är en match mot mig?	Muahahah! Você acha que é páreo para mim?	Ja, ja, ja, ja.\n¿Crees poder seguirme el paso?	Mwahahah! Naprawdę myślisz,\nże masz ze mną szansę?	哇哈哈！\n你以為你比得上我嗎？	Mwahahah! Benimle boy ölçüşebileceğini mi sanıyorsun?	Mwahaha ! Tu crois que tu es à ma hauteur ?
last_slash_so	If I watch for the beam of light when\nhe's attacking, I can probably dodge it.		ヤツのひっかき攻撃は　最初の光の筋を\nよく見れば避けられそうだな	Creo que si me fijo en el rayo de luz,\npuedo esquivar sus ataques cortantes.	Если следить за лучами света,\nкогда он атакует, я смогу уклониться.	Die Lichtstrahlen zeigen mir wo sein Angriff einschlagen wird.	Se faccio attenzione al raggio di luce mentre\nsta attaccando, probabilente riuscirei a schivarlo.	Jag håller utkik efter ljusstrålen när\nhan attackerar, jag kan förmodligen undvika den.	Se eu ficar atento ao feixe de luz quando ele atacar,\nacho que consigo desviar.	Parece que puedo evitar ese arañazo si presto\natención al primer rayo de luz.	Jeśli spojrzę na promień światła gdy atakuje,\npewnie uda mi się go uniknąć.	我若能注意當他在攻擊時\n發出的光線，或許就能躲開來。	Saldırırken ışık huzmesini takip edersem,\nmuhtemelen ondan kaçabilirim.	Si je fais attention au faisceau de lumière lorsqu'il attaque,\nje pourrai sans doute l'esquiver.
last_spirit_bomb_er	It would take a miracle for you\nto avoid my attacks!		我ガ攻撃　奇跡デモ起ラレヌ限リ\nカワスことハ　デキヌ！	Ha meneſter un milagro\npara huìr de mis tajos!	Тебе не уклониться от удара!\nЕсли только не произойдёт чудо!	Versuch doch auszuweichen, das grenzt an ein Wunder!	Ti servirebbe un miracolo per permetterti\n di schivare i miei attacchi!	Det skulle krävas ett mirakel för att du\nskulle undvika mina attacker!	Somente um milagre lhe fará desviar dos meus ataques!	¡Sólo con un milagro podrás esquivar mi ataque!	Potrzebowałbyś cudu, żeby\nuniknąć moich ataków!	只有奇蹟才能讓你躲開我的攻擊！	Saldırılarımdan kaçınmanız için bir mucize gerekir!	Il faudrait un miracle pour que tu\npuisses t'échapper de mes attaques !
last_spirit_bomb_hint_so	Maybe Time Break and Speed Break\nmight work...		「タイムブレイク」と「スピード\nブレイク」で何とかいけそうだな…！	¡Parece que usar el Impulso y\nla Ralentización da resultado!	Может, получится с ним бороться\nс помощью замедления и ускорения...	Vielleicht könnten Time Break und Speed Break hier helfen...	Forse la Rottura del Tempo e la Rottura della Velocità\n potrebbero funzionare...	Kanske en Tidsbrytning och Fartbrytning\nkan fungera...	Talvez o Atraso Temporal e o Impulso Veloz funcionem...	¡Creo que los Speed y Time\nBreaks pueden ayudarme!	Może Zryw Pędu i Czasu zadziałają...	或許時間突破和速度突破能派上用場……	Belki Zaman Dondurma ve Hız Kırma işe yarayabilir...	Peut-être que Time Break et Speed Break\npourraient fonctionner...
last_spirit_bomb_hint2_so	I can probably deflect those\nbig orbs of light somehow.		あのでっかい光の玉…\nカウンターで弾き返せそうだな	Creo que puedo devolver esas\nenormes bolas de luz hacia él.	Нельзя ли отбросить этот огромный шар\nсвета обратно с помощью контратаки?	Ich muss diese Lichtkugeln reflektieren.	Potrei probabilmente deviare quelle\n grandi sfere di luce in qualche modo.	Jag kan nog avböja de där\nstora ljuskloten på något sätt.	Acho que consigo defletir aquelas\n grandes esferas de luz de algum jeito.	Esas bolas de luz...\nTal vez pueda bloquearlas y desviarlas.	Pewnie mógłbym odbić jakoś te świetlne kule.	我應該可以把那些大光球反彈回去。	Sanırım o büyük ışık kürelerini\nbir şekilde saptırabilirim.	Je vais sans doute réussir à dévier ces\nsphères de lumière, d'une manière ou d'une autre.
last_spirit_bomb_hint_sh	I wonder if you can deflect\nthose orbs of light somehow...		(あの光の球をはじき返せないかしら…)	(Me pregunto si podrías bloquear y\ndevolverle esas bolas de luz...)	Нельзя ли как-то отбросить\nобратно этот шар света?	Könntest du diese Lichtkugeln nicht\nirgendwie ablenken...?	Mi chiedo se si possono deviare\n quelle sfere di luce in qualche modo...	Jag undrar om man kan avböja\nde där ljuskloten på något sätt...	Será que você consegue defletir aquelas\ngrandes esferas de luz de algum jeito?	(Me pregunto si podrás desviar esas bolas de luz...)	Jestem ciekawa czy możesz\nodbić jakoś te świetlne kule...	不知道可不可以把那些大光球反彈回去。	Acaba bu ışık kürelerini bir şekilde saptırabilir misin?	(Je me demande si tu peux dévier\ces sphères de lumière...)
last_spirit_bomb_hint2_sh	Those orbs of light...\nIf only you had more speed...		(あの光の球、\nもっとスピードがあれば…)	(Esas bolas de luz...\nSi tan solo tuvieses más velocidad...)	Если бы этот шар света\nдвигался побыстрее...	Diese Lichtkugeln... Wenn du nur schneller wärst...	Quelle sfere di luce...\nSe solo avessi più velocità...	De där ljuskloten...\nOm du bara hade mer fart...	Aquelas esferas de luz...\nSe ao menos você tivesse mais velocidade...	(Esas bolas de luz... Si pudieras ir más rápido...)	Te świetlne kule...\njeśli tylko miałbyś więcej prędkości...	那些光球……\n要是你的速度更快的話……	O ışık küreleri... Keşke daha hızlı olsaydın...	(Ces sphères de lumière…\nSi seulement tu étais plus rapide…)
last_push_sh	Wow... You're really using up\nthe Soul Gauge!		すごい！　ソウルゲージを\nどんどん消費してるわ	¡Hala! ¡Qué rápido estás drenando\nla Barra de Almas!	Ого! Ты тратишь так много шкалы души!	Wow! Deine Soul Gauge\nsteht in Flammen!	Wow... Stai veramente consumando\n Barra dell'Anima!	Wow... Du använder verkligen upp\nsjälsmätaren!	Uau... Você está usando bastante a Barra Espiritual!	¡Increíble! Estás usando todo tu Medidor de almas.	Łał... Naprawde wyczerpujesz\nswój Pasek Dusz!	哇……你的魂力量表消耗得好快！	Vay canına... Ruh göstergesini \ngerçekten çok tüketiyorsun!	Ouah… Tu es vraiment en train\nd'épuiser la Jauge d'Âme !
last_push2_sh	You're gonna lose!		このままじゃ押し負けちゃう！	¡Si seguimos así, vamos\na perder!	Если так продолжится,\nвсё будет кончено!	Du wirst verlieren!	Stai per perdere!	Du kommer att förlora!	Você vai perder!	¡Si seguimos así, perderemos!	Zaraz przegrasz!	你要輸了！	Kaybedeceksin!	Tu vas perdre !
last_push3_sh	Increase the Soul Gauge\nby pressing [button_attack]!		 [button_attack] を押して\nソウルゲージを高めて！	¡Pulsa [button_attack] para llenar\ntu Barra de Almas!	Нажимайте кнопку атаки,\nчтобы шкала души заполнилась!	Drücke [button_attack] so oft es geht, um deine\nSoul Gauge wieder aufzufüllen!	Aumenta la Barra dell'Anima\npremendo [button_attack]!	Öka Själsmätaren\ngenom att trycka på [button_attack]!	Carregue a Barra Espiritual apertando [button_attack]!	Presiona [button_attack] para llenar tu Medidor de almas.	Naładuj Pasek Dusz\nwciskając [button_attack]!	按下 [button_attack] 增加魂力量表。	[button_attack] tuşuna basarak Ruh Göstergesini artır!	Augmentez la Jauge d'Âme\nen appuyant sur [button_attack] !
last_push4_sh	Now's your chance! Press [button_attack] repeatedly!		今よ！ [button_attack] を押すのよ！	¡Ahora! ¡Presiona [button_attack]!	(Сейчас! Нажмите кнопку атаки!)	Das ist deine Chance!\nDrücke [button_attack] so schnell wie möglich!	Ora è la tua occasione! Premi [button_attack]	Nu har du chansen! Tryck på [button_attack]!	Agora é a sua chance! Aperte [button_attack]!	¡Ahora! Presiona [button_attack]!	Teraz masz szansę!\nWciśnij [button_attack]!	就是現在！按下 [button_attack] ！	Şimdi fırsatın! [button_attack] tuşuna bas!	C'est le moment ! Appuie sur [button_attack] !
last_kick_so	HA!\nHow's this for an introduction, then?		ＨＡ！　こいつはアイサツがわりだ！	¡Ja!\n¿Qué te parece mi presentación?	Ха! Как тебе такое приветствие?!	HA! Schluss mit den Spielchen!	HA!\nCom'è questa come introduzione, allora?	HA!\nHur är det här för en introduktion då?	HA!\nQue tal começarmos assim?	¡Ja! ¡¿Qué tal esto para empezar?!	HA!\nCo ty na takie powitanie?	哈！這樣的開場白如何啊？	HA!\nBu nasıl bir giriş o zaman?	HA !\nAlors, ça vous va comme introduction ?
last_multipunch_sh	Keep attacking!		(連続で攻撃するのよ！)	(¡Ataca repetidamente!)	(Продолжай атаковать!)	Greif weiter an, nicht lockerlassen!	Continua ad attaccare!	Fortsätt attackera!	Continue atacando!	(¡Ataca sin parar!)	Nie przestawaj atakować!	持續攻擊他！	Saldırmaya devam et!	Continuez à attaquer !
last_gravity_so	I have to stay clear of that whirlpool.		あのウズに吸い込まれると\nやっかいだな	Sería un gran problema quedar\natrapado en ese vórtice.	Будет плохо, если меня затянет\nв эти вихри!	Ich sollte mich von diesem Strudel\n fernhalten...!	Devo stare alla larga da quel vortice...!	Jag måste hålla mig borta från den där virveln...!	Tenho que ficar longe daquele vórtice...!	Quedar atrapado en ese vórtice\nsería un verdadero fastidio.	Muszę unikać tego wiru...!	我得避開那些漩渦。	O girdaptan uzak durmalıyım...!	Je dois éviter ce tourbillon.
last_phase2_er	Gwaaah! How can you have this power?!		グウウ…！　お前モ\nコノ　チカラ　ヲ…！？	Ay, dolor!\nComo aueys vos tanto poder?	А-а-а-а!\nОткуда у тебя такая сила?!	Gwaaah! Wie kommst du nur in den Besitz einer solchen Macht?!	Gwaaah! Come fai ad avere tutto questo potere?!	Gwaaah! Hur kan du ha den här makten?!	Gwaaah! Como você tem todo esse poder?!	¡Ugh...! ¡¿Tú también... tienes este poder...?!	Gwaaah!\nJak możesz mieć taką siłę?!	嘎啊啊！你怎麼會有這樣的力量！？	Gwaaah! Bu güce nasıl sahip olabiliyorsun?!	Gwaaah ! Comment peux-tu avoir ce pouvoir ?!
last_defeat_er	Rrrraaaargh!		グ　ア　ア　ア　アーーーッ！	Aaaaaaargh!	Га-а-а-а-а-а-а!	Rrrraaaargh!	Rrrraaaargh!	Rrrraaaargh!	Rrrraaargh!	¡Uuaaaaah! ¡Gaaaaaaaah...!	Rrrraaaargh!	嘎啊啊啊啊！	Rrrraaaargh!	Rrrraaaargh !
last_defeat_so	Your tale is finished, Erazor!\nNext time, try writing a better story.		ヨタ話は終わりだイレイザー\nオマエの物語は　クラすぎる	Ya basta de sinsentidos, Erazor.\n¡Haber escrito una mejor historia!	Рассказ на этом окончен, Эрейзор!\nТвоя история слишком скучная!	Ende der Märchen, Erazor!\nSchreib nächstes Mal 'ne bessere Story!	La tua storia finisce qui, Erazor!\nLa prossima volta, prova a scrivere una storia migliore.	Din saga är slut, Erazor!\nNästa gång, försök att skriva en bättre berättelse.	A sua história acabou, Erazor!\nDa próxima vez, vê se escreve algo que presta!	Basta de este cuento, Erazor.\n¡Igual tu historia apesta!	Twoja opowieść się skończyła, Erazor!\nNastępnym razem spróbuj napisać coś lepszego.	你的故事在此落幕了，伊萊薩！\n下次試著寫好看點的故事吧。	Hikayen bitti, Erazor!\nBir dahaki sefere daha iyi bir hikaye yazmayı dene.	Ton histoire est terminée, Erazor !\nLa prochaine fois, essaie d'écrire une meilleure histoire.
														
														
														
														
nig_hint_spears_so	Incoming!		何か飛んできやがったぜ！	¡Han lanzado algo hacia nosotros!	Что-то летит сюда!	In Deckung!	In arrivo!	Inkommande!	Cuidado!	¡Nos acaban de lanzar algo!	Nadchodzą!	有東西飛過來了！	Geliyor!	Il s'en vient quelque chose !
nig_hint_spears_sh	Watch out! The path is splitting, too!		割れた道にも気をつけてね！	¡Cuidado con las brechas en el camino!	Будь осторожен, там дыры в полу!	Pass auf! Wo die landen geht der Pfad kaputt!	Fai attenzione! Si sta dividendo anche il percorso!	Se upp! Stigen delar sig också!	Cuidado! O caminho está se partindo!	¡Cuidado, el camino se divide!	Uważaj! Ścieżka też się rozdziela!	小心！道路也分開來了！	Dikkat et! Yol da ayrılıyor!	Attention, la route s'effrite !
nig_hint_spears2_sh	Something's coming! Watch out!		何か来る！　気をつけて！	¡Algo se acerca! ¡Ten cuidado!	Что-то приближается! Будь осторожен!	Irgendwas kommt auf uns zu! Pass auf!	Qualcosa si sta avvicinando! Fai attenzione!	Någonting kommer! Se upp!	Tem algo vindo aí! Cuidado!	¡Algo se acerca! ¡Cuidado!	Coś nadchodzi! Uważaj!	有東西過來了！小心！	Bir şey geliyor! Dikkat et!	Il s'en vient quelque chose ! Attention !
nig_hint_spears2_so	Is it aiming for us?		こんなもんで狙い打ちのつもりかい？	¿A eso le llaman puntería?	Он хочет попасть в меня этим?	Zielt es auf uns?	Sta mirando a noi?	Siktar den på oss?	Estão vindo em nossa direção?	¿Intentan derribarnos con esa puntería?	Czy to w nas celuje?	它在對著我們攻擊嗎？	Bize mi hedef alıyor?	Est-ce qu'il nous vise ?
nig_hint_hourglass_sh	There's something about this hourglass...		何？　この砂時計	¿Eh? ¿Y este reloj de arena?	Если удариться со всей силы,\nто они перевернутся.	Da ist irgendwas seltsames mit dieser Sanduhr...	C'è qualcosa di strano in questa clessidra...	Det är något med det här timglaset...	Tem algo estranho com essa ampulheta...	¿Qué? Este reloj de arena...	Coś jest na rzeczy z tą klepsydrą...	這個沙漏好像哪裡不對勁……	Bu kum saatinde bir şey var...	Ce sablier a quelque chose de particulier…
nig_hint_hourglass_so	A switch, maybe?		何かのスイッチかもな	Debe de ser algún tipo de interruptor.	Может, это какой-то переключатель?	Ein Schalter, vielleicht?	Un interruttore, forse?	En strömbrytare, kanske?	Um interruptor, será?	¿No será un interruptor?	Przełącznik?	可能是某種開關吧？	Bir anahtar mı acaba?	Un interrupteur, peut-être ?
nig_hint_gas_so	This gas! Watch out!		このガス…やばいな…	Este gas me da mala espina...	Этот газ опасен...	Dieses Gas! Pass auf!	Questo gas! Attenzione!	Den här gasen! Se upp!	Esse gás! Cuidado!	¡Cuidado... con el gas...!	Ten gaz! Uważaj!	這個瓦斯！小心！	Bu gaz! Dikkat et	Ce gaz ! Attention !
nig_hint_gas_sh	We're getting weaker...		どんどん体力が減ってっちゃうよぉ	Te debilita progresivamente...	Твои силы расходуются тут очень быстро!	Wir werden schwächer...	Ci stiamo indebolendo...	Vi blir svagare...	Estamos enfraquecendo...	Me siento cada vez más débil...	Kiepsko z nami...	我們的體力正在被慢慢削弱……	Gittikçe güçsüzleşiyoruz...	On s'affaiblit…
nig_hint_catapult_so	I need to time things very carefully.		うまくタイミングを\n見計らわないとな！	¡Tengo que actuar en el momento justo!	Надо выбрать подходящий момент!	Ich muss das sehr vorsichtig timen.	Devo fare molta attenzione al mio tempismo.	Jag måste tajma saker väldigt noggrant.	Tenho que agir no momento certo.	¡Tengo que calcular el momento justo!	Muszę lepiej to wyczuć.	我需要小心地把時機抓準。	Zamanlamayı çok dikkatli yapmam gerekiyor.	Je dois identifier le moment\nidéal avec précision.
nig_hint_catapult_sh	Okay!		うん！	¡Sí!	Ага!	OK!	Okay!	Okej!	Ok!	¡Sí!	Okej!	好！	Tamam!	D'accord !
														
mods_description	Community-made level mods.		コミュニティ制作のステージMOD。	Mods de nivel creados por la comunidad.	Модификации уровней, созданные сообществом.	Von der Community erstellte Level-Mods.	Livelli e mod creati dalla comunità.	Community-tillverkade nivå mods.	Mods de fases feitas pela comunidade.	Mods de niveles creados por la comunidad	Modyfikacje etapowe stworzone przez społeczność.	社群製作的關卡模組。	Topluluk yapımı seviye modları	Mods de niveaux créés par la communauté.
														
result_score	Score		スコア	Puntuación	Очки	Punkte	Punteggio	Poäng	Pontuação	Puntos	Wynik	分數	Skor	Score
result_time	Time		タイム	Tiempo	Время	Zeit	Tempo	Tid	Tempo	Tiempo	Czas	時間	Süre	Temps
result_ring	Ring Bonus		リングボーナス	Bonificación por Anillos	Бонус за кольца	Ringbonus	Bonus Anelli	Ring Bonus	Bônus de Anéis	Bonus por Anillos	Bonus Pierścieni	金環獎勵	Yüzük Bonusu	Ring Bonus
result_technical	Technical Bonus		テクニカルボーナス	Bonificación Técnica	Бонус за технику	Technikbonus	Bonus Tecnica	Teknisk Bonus	Bônus de Desempenho	Bonus por técnica	Bonus Techniczny	技術獎勵	Teknik Bonusu	Bonus Technique
result_total	Total		トータル	Total	Всего	Gesamt	Totale	Totalt	Total	Total	Suma	總分	Toplam	Total
														
														
exp_total	exp		exp	exp	опыт	ep	pe	EXP	exp	exp	pd	exp	exp	exp
exp_score	Score Bonus		スコア　ボーナス	Puntos	Всего очков	Punkte-Bonus	Punti Bonus	Poäng Bonus	Pontuação Bônus	Bonus: puntos	Bonus Wyniku	分數獎勵	Skor Bonusu	Bonus de score
exp_skill	Skill Bonus		スキル　ボーナス	Destreza	Бонус за навык	Skill-Bonus	Maestria Bonus	Färdighetsbonus	Bônus de Habilidade	Bonus: habilidad	Bonus Talentów	技能獎勵	Beceri Bonusu	Bonus de compétence
exp_mission	First Clear Bonus		クリア　ボーナス	Primera VIctoria	Бонус первого раза	Erster Abschluss	Bonus Prima Conclusione	Första Klarnings Bonus	Primeira Vitória	Bonus: 1er completado	Bonus Debiutanta	首次通關獎勵	İlk Bitirme Bonusu	Bonus Première réussite
exp_accumulated	Replay Bonus		リプレイ　ボーナス	Acumulado	Бонус повтора	Replay-Bonus	Bonus Rigiocata	Replay-bonus	Bônus de Repetição	Bonus: rejugado	Bonus 1-szej Próby	再次通關獎勵	Tekrar Oynama Bonusu	Bonus de revanche
exp_level	Level		レベル	Nivel	Уровень	Level	Livello	Nivå	Nível	Nivel	Poziom	等級	Seviye	Niveau
exp_sp	Skill Points		スキル ポイント	Puntos de Habilidad	Очки навыка	Skill Punkte	Punti Abilità	Färdighetspoäng	Pontos de Habilidade	Puntos de habilidad	Punkty Talentu	技能點數	Beceri Puanları	Points de compétence
exp_soul	Soul Gauge		ソール　ゲージ	Barra de Almas	Шкала души	Soul Gauge	Barra dell'Anima	Själsmätare	Barra Espiritual	Medidor de almas	Pasek Dusz	魂力量表	Ruh Ölçer	Jauge d'Âme
														
														
skill_select_level	Level:0		レベル:0	Nivel:0	Уровень:0	Level:0	Livello:0	Nivå:0	Nível:0	Nivel:0	Poziom:0	等級:0	Seviye:0	Niveau:0
skill_sp_shortage	You do not have enough SP.		ＳＰがたりません。	No tienes suficientes puntos de habilidad.	У вас недостаточно опыта.	Du hast nicht genug SP.	Non hai abbastanza Punti Abilità.	Du har inte tillräckligt med SP.	Você não tem Pontos de Habilidade o suficiente.	No tienes suficientes PH.	Nie masz wystarczająco PT.	SP不足。	Yeterli BP yok.	Vous n'avez pas assez de PC.
skill_element_requirement_wind	You need to equip [AMOUNT] more Wind skill.		もう[AMOUNT]個風スキル必要。	Necesitas equipar una habilidad de Viento más.	Вам нужно освоить ещё [AMOUNT] навыка Ветра.	Du musst noch [AMOUNT] weiteren Windskill ausstatten.	Hai bisogno di equipaggiare [AMOUNT] Abilità del Vento.	Du behöver utrusta dig med [AMOUNT] till Vindfärdighet	Você precisa equipar mais [AMOUNT] Habilidade de Vento	Tienes que equipar [AMOUNT] habilidad de viento más.	Musisz założyć jeszcze [AMOUNT]\nTalent Wiatru.	你還需要裝備 [AMOUNT] 個風屬性技能。	[AMOUNT] daha fazla Rüzgar becerisine sahip olman gerekiyor.	Vous devez équiper [AMOUNT] compétence de Vent supplémentaire.
skill_element_requirement_wind_multiple	You need to equip [AMOUNT] more Wind skills.		もう[AMOUNT]個風スキル必要。	Necesitas equipar [AMOUNT] habilidades de Viento más.	Вам нужно освоить ещё [AMOUNT] навыков Ветра.	Du musst noch [AMOUNT] weitere Windskills ausstatten.	Hai bisogno di equipaggiare [AMOUNT] Abilità del Vento.	Du behöver utrusta dig med [AMOUNT] till Vindfärdigheter.	Você precisa equipar mais [AMOUNT] Habilidades de Vento	Tienes que equipar otras [AMOUNT] habilidades de viento.	Musisz założyć jeszcze [AMOUNT]\nTalentów Wiatru.	你還需要裝備 [AMOUNT] 個風屬性技能。	[AMOUNT] daha fazla Rüzgar becerisine sahip olman gerekiyor.	Vous devez équiper [AMOUNT] compétences de Vent supplémentaires.
skill_element_requirement_fire	You need to equip [AMOUNT] more Fire skill.		もう[AMOUNT]個炎スキル必要。	Necesitas equipar una habilidad de Fuego más.	Вам нужно освоить ещё [AMOUNT] навыка Огня.	Du musst noch [AMOUNT] weiteren Feuerskill ausstatten.	Hai bisogno di equipaggiare [AMOUNT] Abilità del Fuoco.	Du behöver utrusta dig med [AMOUNT] till Eldfärdighet	Você precisa equipar mais [AMOUNT] Habilidade de Fogo	Tienes que equipar [AMOUNT] habilidad de fuego más.	Musisz założyć jeszcze [AMOUNT]\nTalent Ognia.	你還需要裝備 [AMOUNT] 個炎屬性技能。	[AMOUNT] daha fazla Ateş becerisine sahip olman gerekiyor.	Vous devez équiper [AMOUNT] compétence de Feu supplémentaire.
skill_element_requirement_fire_multiple	You need to equip [AMOUNT] more Fire skills.		もう[AMOUNT]個炎スキル必要。	Necesitas equipar [AMOUNT] habilidades de Fuego más.	Вам нужно освоить ещё [AMOUNT] навыков Огня.	Du musst noch [AMOUNT] weitere Feuerskills ausstatten.	Hai bisogno di equipaggiare [AMOUNT] Abilità del Fuoco.	Du behöver utrusta dig med [AMOUNT] till Eldfärdigheter.	Você precisa equipar mais [AMOUNT] Habilidades de Fogo	Tienes que equipar otras [AMOUNT] habilidades de fuego.	Musisz założyć jeszcze [AMOUNT]\nTalentów Ognia.	你還需要裝備 [AMOUNT] 個炎屬性技能。	[AMOUNT] daha fazla Ateş becerisine sahip olman gerekiyor.	Vous devez équiper [AMOUNT] compétences de Feu supplémentaires.
skill_element_requirement_dark	You need to equip [AMOUNT] more Dark skill.		もう[AMOUNT]個闇スキル必要。	Necesitas equipar una habilidad Oscura más.	Вам нужно освоить ещё [AMOUNT] навыка Темноты.	Du musst noch [AMOUNT] weiteren Finsternisskill ausstatten.	Hai bisogno di equipaggiare [AMOUNT] Abilità dell'Oscurità	Du behöver utrusta dig med [AMOUNT] till Mörkfärdighet.	Você precisa equipar mais [AMOUNT] Habilidade de Escuridão	Tienes que equipar [AMOUNT] habilidad sombría más.	Musisz założyć jeszcze [AMOUNT]\nTalent Mroku.	你還需要裝備 [AMOUNT] 個闇屬性技能。	[AMOUNT] daha fazla Karanlık becerisine sahip olman gerekiyor.	Vous devez équiper [AMOUNT] compétence de Ténèbre supplémentaire.
skill_element_requirement_dark_multiple	You need to equip [AMOUNT] more Dark skills.		もう[AMOUNT]個闇スキル必要。	Necesitas equipar [AMOUNT] habilidades Oscuras más.	Вам нужно освоить ещё [AMOUNT] навыков Темноты.	Du musst noch [AMOUNT] weitere Finsternisskills ausstatten.	Hai bisogno di equipaggiare [AMOUNT] Abilità dell'Oscurità	Du behöver utrusta dig med [AMOUNT] till Mörkfärdigheter.	Você precisa equipar mais [AMOUNT] Habilidades de Escuridão	Tienes que equipar otras [AMOUNT] habilidades sombrías.	Musisz założyć jeszcze [AMOUNT]\nTalentów Mroku.	你還需要裝備 [AMOUNT] 個闇屬性技能。	[AMOUNT] daha fazla Karanlık becerisine sahip olman gerekiyor.	Vous devez équiper [AMOUNT] compétences de Ténèbre supplémentaires.
skill_equip_conflict	Equipping SKILL will unequip CONFLICT.\n\nProceed?		SKILLが装備されると、CONFLICTは装備されなくなります。\n\nよろしいですか？	Si equipas SKILL,\ndesactivarás CONFLICT.\n\n¿Deseas proceder?	Освоение навыка отменит конфликт. Продолжить?	Wenn du SKILL ausrüstest, wird CONFLICT nicht mehr ausgerüstet.\n\nWeiter?	Equipaggiare SKILL disequipaggierà CONFLICT.\n\nProcedi?	Att utrusta SKILL kommer att avrusta CONFLICT.\n\nFortsätt?	Equipar SKILL removerá CONFLICT.\n\nDeseja continuar?	Equipar SKILL quitará CONFLICT.\n\n¿Proceder?	Założenie SKILL spowoduje usunięcie CONFLICT.\n\nKontynuować?	裝備 SKILL 會解除裝備 CONFLICT。\n\n是否要繼續？	BU BECERİYİ kuşanmak, ÇATIŞMAYI devre dışı bırakacak.\n\nDevam edilsin mi?	Équiper SKILL déséquipera CONFLICT.\n\nContinuer ?
skill_unequip_conflict	Unequipping SKILL will unequip CONFLICT.\n\nProceed?		SKILLが装備されなくと、CONFLICTは装備されなくなります。\n\nよろしいですか？	Si equipas SKILL,\ndesactivarás CONFLICT.\n\n¿Deseas proceder?	Освоение навыка отменит конфликт. Продолжить?	Wenn SKILL nicht ausgerüstet ist, wird CONFLICT auch nicht ausgerüstet.\n\nWeiter?	Disequipaggiare SKILL disequipaggierà CONFLICT.\n\nProcedi?	Att avrusta SKILL kommer att avrusta CONFLICT.\n\nFortsätt?	Desequipar SKILL removerá CONFLICT.\n\nDeseja continuar?	Quitar SKILL también quitará CONFLICT.\n\n¿Proceder?	Założenie SKILL spowoduje usunięcie CONFLICT.\n\nKontynuować?	裝備 SKILL 會解除裝備 CONFLICT。\n\n是否要繼續？	BU BECERİYİ kuşanmak, ÇATIŞMAYI devre dışı bırakacak.\n\nDevam edilsin mi?	Déséquiper SKILL déséquipera CONFLICT.\n\nContinuer ?
														
skill_autorun	Autorun		オートラン	Avance Automático	Автобег	Selbstläufer	Corsa Automatica	Autospring	Corrida Automática	Correr automáticamente	Autobieg	自動奔跑	Otokoşu	Course Automatique
skill_autorun_description	Allows Sonic to run forward automatically.		ソニックが自動的に前進する。	Sonic se desplaza hacia delante\nde forma automática.	Соник автоматически движется вперёд.	Erlaubt Sonic sich automatisch nach vorne zu bewegen.	Permette a Sonic di correre automaticamente.	Tillåter Sonic att springa framåt automatiskt.	Permite que Sonic corra\npara frente automaticamente.	Sonic avanzará automáticamente.	Pozwala Sonicowi automatycznie\nbiec do przodu.	讓索尼克自動向前奔跑。	Sonic'in otomatik olarak ileri koşmasını sağlar.	Permet à Sonic de courir automatiquement.
skill_charge_jump	Charge Jump		チャージジャンプ	Salto con Carga	Заряженный прыжок	Aufladesprung	Salto Caricato	Laddningshopp	Pulo Carregado	Salto cargado	Ładowany Skok	集氣跳躍	Şarjlı Zıplama	Saut Chargé
skill_charge_jump_description	Restores the Charge Jump from the original retail release.		チャージジャンプをリテール版から復元。	Sonic carga su salto como\nen el juego original.	Восстанавливает способность """Заряженный прыжок""" из оригинальной игры.	Stellt den Aufladesprung des Originalspieles her.	Ripristina il Salto Caricato del gioco originale.	Återställer Laddningshopp från den ursprungliga detaljhandelsutgåvan.	Sonic realiza um Pulo Carregado\nassim como no jogo original.	Restaura el Salto cargado del juego original	Przywraca Ładowany Skok z\noryginalnej wersji pudełkowej.	恢復原版遊戲的集氣跳躍。	Şarjlı Zıplamayı orijinal sürümünden geri yükler.	Rétablit le Saut Chargé de la version originale.
skill_variable_jump_height	Variable Jump Height		アナログジャンプ高さ	Altura de Salto Variable	Регулируемая высота прыжка	Variierbare Sprung-Höhen	Altezza del Salto Variabile	Variabel Hopphöjd	Pulo Ajustável	Altura de salto ajustable	Zmienna Wysokość Skoku	多變跳躍高度	Değişken Atlama Yüksekliği	Hauteur de Saut Variable
skill_variable_jump_height_description	Allows Jump Height to vary based on how long the Jump Button is held.		ジャンプボタンを押している時間に応じてジャンプの高さが変化する。	Permite que la altura de salto dependa del\ntiempo que aprietes el Botón de Salto.	Позволяет изменять высоту прыжка в зависимости\nот того, как долго удерживается кнопка прыжка.	Erlaubt unterschiedliche Sprung-Höhen, basierend auf dem Gedrückhalten der Sprung-Taste.	Permette l'altezza del salto di variare in base a quanto tempo viene tenuto il tasto per Saltare.	Tillåter att Hopphöjden varierar beroende på hur länge Hoppknappen hålls nedtryckt.	Permite variar a altura do pulo de acordo com o tempo que o botão é pressionado.	Permite que la altura del salto varie con base en\nel tiempo que se mantenga el botón de salto.	Pozwala na na zmienną Wysokość Skoku na podstawie tego, jak długo trzyma się Przycisk Skoku.	讓跳躍高度依據按壓跳躍鍵之長短而有變化。	Zıplama yüksekliğinin, zıplama düğmesine ne kadar süreyle basılı tutulduğuna bağlı olarak değişmesine olanak tanır.	Permet d'ajuster la hauteur du saut en fonction de la durée d'appui du Bouton de Saut.
skill_free_roam	Free Roam		フリーローム	Movimiento Omnidireccional	Свободное перемещение	Freies Wandern	Spostamento Libero	Fri Roaming	Corrida Livre	Libre andanza	Swobodny Ruch	自由移動	Serbest Dolaşım	Déplacement Libre
skill_free_roam_description	Allows Sonic to run backwards.		ソニックが後ろ向きに\n走れるようにする。	Permite que Sonic se mueva de\nfrente en cualquier dirección.	Позволяет Сонику бежать назад.	Erlaubt Sonic sich rückwärts zu bewegen.	Permette a Sonic di correre all'indietro.	Tillåter Sonic springa baklänges.	Permite que Sonic corra para trás.	Permite que Sonic corra hacia atrás.	Pozwala Sonicowi biec do tyłu.	讓索尼克可以往後跑。	Sonic'in geriye doğru koşmasına olanak tanır.	Permet à Sonic de courir en arrière.
skill_quick_start	Quick Start		クイックスタート	Introducción Reducida	Быстрый старт	Quick Start	Inizio Rapido	Snabbstart	Início Rápido	Inicio rápido	Szybki Start	快速開始	Hızlı Başlangıç	Démarrage Rapide
skill_quick_start_description	Shortens the countdown at the beginning of a mission.		ミッションのカウントダウンを短縮する。	Acorta la cuenta atrás al\nprincipio de las misiones.	Сокращает обратный отсчёт в начале миссии.	Verkürzt den Countdown am Start einer Mission.	Diminuisce la velocità del conteggio all'inizio di una missione.	Förkortar nedräkningen i början av ett uppdrag.	Reduz a contagem regressiva no início da missão.	Acorta el conteo al iniciar la misión.	Skraca odliczanie na początku misji.	縮短任務開始的倒數計時。	Görev başlangıcındaki geri sayımı kısaltır.	Diminue le compte à rebours au début de la mission.
skill_locked_soul_gauge	Gauge Lock		ゲージロック	Barra Recortada	Блок шкалы души	Pegelstopper	Blocco Barra	Mätarlås	Limite Espiritual	Bloqueo de medidor	Blokada Duszy	鎖定魂力量表	Gösterge Kilidi	Verrouillage Jauge
skill_locked_soul_gauge_description	Limits the Soul Gauge to 100 Pearls.		ソウルゲージは１００パールしか保持できない。	Limita la capacidad de la Barra\nde Almas a 100 Perlas.	Ограничение шкалы души до 100 жемчужин.	Limitiert die Soul Gauge auf 100 Peerlen.	Limita la Barra dell'Anima a 100 perle.	Begränsar själsmätaren till 100 Pärlor	Limita a Barra Espiritual a 100 Pérolas	Limita el Medidor de almas a 100 Perlas.	Limituje Pasek Dusz do 100 Pereł.	限制魂力量表於100魂珠	Ruh Ölçeri 100 İnci ile sınırlandırır.	Limite la Jauge d'Âme à 100 Perles.
skill_speed_up	Speed-Up		スピードアップ	Brío	Предел скорости 1	Speed Up	Aumento della Velocità	Fart-Upp	Pico de Velocidade	Aceleración	Przyśpieszenie	加速	Hızlanma	Vitesse Augmentée
skill_speed_up1	Super Speed-Up		スーパースピードアップ	Brío Veloz 	Предел скорости 2	Super-Speed Up	Super Aumento della Velocità	Superfart-Upp	Super Pico de Velocidade	Súper aceleración	Super Przyśpieszenie	超級加速	Süper Hızlanma	Super Vitesse Augmentée
skill_speed_up2	Hyper Speed-Up		ハイパースピードアップ	Brío Máximo	Предел скорости 3	Hyper-Speed Up	Iper Aumento della Velocità	Hyperfart-Upp	Hiper Pico de Velocidade	Híper aceleración	Hiper Przyśpieszenie	究極加速	Hiper Hızlanma	Hyper Vitesse Augmentée
skill_speed_up3	Sub Hyper Speed-Up		サブハイパースピードアップ	Sub Brío	Предел скорости 3 (альт.)	Sub-Hyper-Speed Up	Sub Iper Aumento della Velocità	Sub Hyperfart-Upp	Sub Hiper Pico de Velocidade	Sub-híper aceleración	Sub Hiper Przyśpieszenie	次究極加速	Alt Hiper Hızlanma	Sous-Hyper Vitesse Augmentée
skill_speed_up_description	Slightly increases Sonic's top speed.		最高速度の上限がちょっと上昇する。	Aumenta ligeramente la velocidad máxima de Sonic.	Увеличивает предел максимальной скорости.	Leichte Erhöhung für Sonics Höchstgeschwindigkeit.	Aumenta un pochino la velocità massima di Sonic.	Ökar Sonics topphastighet något.	Aumenta levemente a\nvelocidade máxima de Sonic.	Aumenta ligeramente la velocidad tope.	Lekko zwiększa maksymalną\nprędkość Sonica.	稍微提升索尼克的最高速度。	Sonic'in azami hızını biraz artırır.	Augmente légérement la vitesse maximale de Sonic.
skill_speed_up_description1	Moderately increases Sonic's top speed.		最高速度の上限がほどほど上昇する。	Aumenta moderadamente\nla velocidad máxima de Sonic.	Улучшенная версия навыка\n"""Предел скорости 1""".	Moderate Erhöhung für Sonics Höchstgeschwindigkeit.	Aumenta moderatamente la velocità massima di Sonic.	Ökar Sonics topphastighet måttligt.	Aumenta moderadamente a\nvelocidade máxima de Sonic.	Aumenta moderadamente la velocidad tope.	Umiarkowanie zwiększa maksymalną\nprędkość Sonica.	適度提升索尼克的最高速度。	Sonic'in azami hızını orta düzeyde artırır.	Augmente modérément la vitesse maximale de Sonic.
skill_speed_up_description2	Greatly Increases Sonic's top speed.		最高速度の上限がかなり上昇する。	Aumenta significativamente\nla velocidad máxima de Sonic.	Улучшенная версия навыка\n"""Предел скорости 2""".	Stärkste Erhöhung für Sonics Höchstgeschwindigkeit.	Aumenta notevolmente la velocità massima di Sonic.	Ökar Sonics topphastighet avsevärt.	Aumenta significativamente a\nvelocidade máxima de Sonic.	Aumenta bastante la velocidad tope.	Znacznie zwiększa maksymalną\nprędkość Sonica.	提升索尼克的最高速度。	Sonic'in azami hızını oldukça artırır.	Augmente considérablement la vitesse maximale de Sonic.
skill_speed_up_description3	Greatly Increases Sonic's top speed, but also reduces defense.		最高速度の上限がかなり上昇するが\n防御力が低下する。	Aumenta en gran medida tu velocidad\nmáxima, pero reduce tu defensa.	Увеличивает предел скорости,\nно значительно снижает защиту.	Stärkste Erhöhung für Sonics Höchstgeschwindigkeit, aber Abwehr nimmt ab.	Aumenta notevolmente la velocità massima di Sonic,\nma a scapito della difesa.	Ökar Sonics topphastighet avsevärt, men minskar även försvaret.	Aumenta significativamente a velocidade\nmáxima de Sonic, mas também reduz a defesa.	Aumenta bastante la velocidad tope,\npero también baja la defensa.	Znacznie zwiększa maksymalną prędkość Sonica,\nale ogranicza jego defensywę.	大幅提升索尼克的最高速度，但防禦力降低。	Sonic'in azami hızını oldukça artırır, ama savunmayı düşürür.	Augmente considérablement la vitesse maximale de Sonic,\nmais réduit aussi la défense.
skill_slow_turn	Slow Turn		スローターン	Giro Lento	Медленный поворот 1	Träge Steuerung	Svolta Lenta	Långsam Sväng	Virada Lenta	Giro lento	Wolny Skręt	慢速轉向	Yavaş Dönüş	Virage Lent
skill_slow_turn1	Super Slow Turn		スーパースローターン	Giro Súper Lento	Медленный поворот 2	Super-Träge Steuerung	Super Svolta Lenta	Superlångsam Sväng	Super Virada Lenta	Giro súper lento	Super Wolny Skręt	超級慢速轉向	Süper Yavaş Dönüş	Super Virage Lent
skill_slow_turn2	Hyper Slow Turn		ハイパースローターン	Giro Lento Máximo	Медленный поворот 3	Hyper-Träge Steuerung	Iper Svolta Lenta	Hyperlångsam Sväng	Hiper Virada Lenta	Giro híper lento	Hiper Wolny Skręt	究極慢速轉向	Hiper Yavaş Dönüş	Hyper Virage Lent
skill_slow_turn_description	Slightly decreases horizontal turning sensitivity.		左右移動がちょっと遅くになる。	Reduce ligeramente la sensibilidad de giro\ny de movimiento lateral.	Слегка снижает чувствительность поворота.	Leichte Reduzierung der Empfindlichkeit beim Lenken.	Riduce un pochino la sensibilità orizzontale della svolta.	Minskar känsligheten för horisontell svängning något.	Reduz levemente a velocidade horizontal.	El movimiento de lado a lado es ligeramente más lento.	Lekko zmniejsza horyzontalną\nczułość skręcania.	稍微降低左右移動速度。	Yatay dönüş hassasiyetini biraz azaltır.	Réduit légérement la sensitivité des virages latéraux.
skill_slow_turn_description1	Moderately decreases horizontal turning sensitivity.		左右移動がほどほど遅くになる。	Reduce moderadamente la sensibilidad\nde giro y de movimiento lateral.	Улучшенная версия навыка\n"""Медленный поворот 1""".	Moderate Reduzierung der Empfindlichkeit beim Lenken.	Riduce moderatamente la sensibilità orizzontale della svolta.	Minskar känsligheten för horisontell svängning måttligt.	Reduz moderadamente a velocidade horizontal.	El movimiento de lado a lado es moderadamente más lento.	Umiarkowanie zmniejsza horyzontalną\nczułość skręcania.	適度降低左右移動速度。	Yatay dönüş hassasiyetini orta derecede azaltır.	Réduit modérément la sensitivité des virages latéraux.
skill_slow_turn_description2	Greatly decreases horizontal turning sensitivity.		左右移動がかなり遅くになる。	Reduce significativamente la sensibilidad de giro y de movimiento lateral.	Улучшенная версия навыка\n"""Медленный поворот 2""".	Stärkste Reduzierung der Empfindlichkeit beim Lenken.	Riduce notevolmente la sensibilità orizzontale della svolta.	Minskar känsligheten för horisontell svängning avsevärt.	Reduz significativamente a velocidade horizontal.	El movimiento de lado a lado es mucho más lento.	Znacznie zmniejsza horyzontalną\nczułość skręcania.	大幅降低左右移動速度。	Yatay dönüş hassasiyetini oldukça azaltır.	Réduit grandement la sensitivité des virages latéraux.
skill_quick_turn	Quick Turn		クイックターン	Giro Rápido	Быстрый поворот 1	Schnelle Steuerung	Svolta Veloce	Snabb Sväng	Virada Rápida	Giro rápido	Szybki Skręt	快速轉向	Hızlı Dönüş	Virage Rapide
skill_quick_turn1	Super Quick Turn		スーパークイックターン	Giro Súper Rápido	Быстрый поворот 2	Super-Schnelle Steuerung	Super Svolta Veloce	Supersnabb Sväng	Super Virada Rápida	Giro súper rápido	Super Szybki Skręt	超級快速轉向	Süper Hızlı Dönüş	Super Virage Rapide
skill_quick_turn2	Hyper Quick Turn		ハイパークイックターン	Giro Rápido Máximo	Быстрый поворот 3	Hyper-Schnelle Steuerung	Iper Svolta Veloce	Hypersnabb Sväng	Hiper Virada Rápida	Giro híper rápido	Hiper Szybki Skręt	究極快速轉向	Hiper Hızlı Dönüş	Hyper Virage Rapide
skill_quick_turn_description	Slightly increases horizontal turning sensitivity.		左右移動がちょっと速くになる。	Aumenta ligeramente la sensibilidad de giro\ny de movimiento lateral.	Слегка увеличивает чувствительность поворота.	Leichte Erhöhung der Empfindlichkeit beim Lenken.	Aumenta un pochino la sensibilità orizzontale della svolta.	Ökar känsligheten vid horisontell svängning något.	Aumenta levemente a velocidade horizontal.	El movimiento de lado a lado es ligeramente más rápido.	Lekko zwiększa horyzontalną\nczułość skręcania.	稍微提升左右移動速度。	Yatay dönüş hassasiyetini biraz arttırır.	Augmente légérement la sensitivité des virages latéraux.
skill_quick_turn_description1	Moderately increases horizontal turning sensitivity.		左右移動がほどほど速くになる。	Aumenta moderadamente la sensibilidad\nde giro y de movimiento lateral.	Улучшенная версия навыка\n"""Быстрый поворот 1""".	Moderate Erhöhung der Empfindlichkeit beim Lenken.	Aumenta moderatamente la sensibilità orizzontale della svolta.	Ökar känsligheten vid horisontell svängning måttligt.	Aumenta moderadamente a velocidade horizontal.	El movimiento de lado a lado es moderadamente más rápido.	Umiarkowanie zwiększa horyzontalną\nczułość skręcania.	適度提升左右移動速度。	Yatay dönüş hassasiyetini orta derecede arttırır.	Augmente modérément la sensitivité des virages latéraux.
skill_quick_turn_description2	Greatly increases horizontal turning sensitivity.		左右移動がかなり速くになる。	Aumenta significativamente la sensibilidad\nde giro y de movimiento lateral.	Улучшенная версия навыка\n"""Быстрый поворот 2""".	Stärkste Erhöhung der Empfindlichkeit beim Lenken.	Aumenta notevolmente la sensibilità orizzontale della svolta.	Ökar känsligheten för horisontell svängning avsevärt.	Aumenta significativamente a velocidade horizontal.	El movimiento de lado a lado es mucho más lento.	Znacznie zwiększa horyzontalną\nczułość skręcania.	大幅提升左右移動速度。	Yatay dönüş hassasiyetini oldukça arttırır.	Augmente grandement la sensitivité des virages latéraux.
skill_traction_up	Charger		チャージャー	Embestida	Зарядка 1	Raser	Acceleratore	Laddare	Aceleração	Compresor	Taran	衝刺	Şarj	Accélerateur
skill_traction_up1	Turbo Charger		ターボチャージャー	Embestida Turbo	Зарядка 2	Turbo-Raser	Turbo Acceleratore	Turboladdare	Aceleração Turbo	Turbocompresor	Turbo Taran	加速衝刺	Turbo Şarj	Super Accélerateur
skill_traction_up2	Rocket Charger		ロケットチャージャー	Embestida Cohete	Зарядка 3	Raketen-Raser	Acceleratore a Razzo	Raketladdare	Aceleração Foguete	Compresor de cohete	Rakietowy Taran	火箭衝刺	Roket Şarj	Accélerateur Fusée
skill_traction_up3	Sub Rocket Charger		サブ　ロケットチャージャー	Sub Embestida Cohete	Зарядка 3 (альт.)	Sub-Raketen-Raser	Sub Acceleratore a Razzo	Sub Raketladdare	Sub Aceleração Foguete	Subcompresor de cohete	Sub-Rakietowy Taran	次火箭衝刺	Alt Roket Şarj	Sous-Accélerateur Fusée
skill_traction_up_description	Slightly increases Sonic's acceleration.		加速率がちょっと上昇する。	Aumenta ligeramente la\naceleración de Sonic.	Увеличивает ускорение Соника.	Leichte Erhöhung der Beschleunigung.	Aumenta un pochino l'accelerazione di Sonic.	Ökar Sonics acceleration något.	Aumenta levemente a aceleração de Sonic.	La tasa de aceleración aumenta ligeramente.	Lekko zwiększa akceleracje Sonica.	稍微提升索尼克的加速度。	Sonic'in hızını biraz artırır.	Augmente légérement l'accéleration de Sonic.
skill_traction_up_description1	Moderately increases Sonic's acceleration.		加速率がほどほど上昇する。	Aumenta moderadamente la\naceleración de Sonic.	Улучшенная версия навыка\n"""Зарядка 1""".	Moderate Erhöhung der Beschleunigung.	Aumenta moderatamente l'accelerazione di Sonic.	Ökar Sonics acceleration måttligt.	Aumenta moderadamente a aceleração de Sonic.	La tasa de aceleración aumenta moderadamente.	Umiarkowanie zwiększa akceleracje Sonica.	適度提升索尼克的加速度。	Sonic'in hızını orta düzeyde artırır.	Augmente modérément l'accéleration de Sonic.
skill_traction_up_description2	Greatly increases Sonic's acceleration.		加速率がかなり上昇する。	Aumenta significativamente la\naceleración de Sonic.	Улучшенная версия навыка\n"""Зарядка 2""".	Stärkste Erhöhung der Beschleunigung.	Aumenta notevolmente l'accelerazione di Sonic.	Ökar Sonics acceleration avsevärt.	Aumenta significativamente a aceleração de Sonic.	La tasa de aceleración aumenta significativamente.	Znacznie zwiększa akceleracje Sonica.	大幅提升索尼克的加速度。	Sonic'in hızını oldukça artırır.	Augmente grandement l'accéleration de Sonic.
skill_traction_up_description3	Greatly increases Sonic's acceleration,\nbut also reduces defense.		加速率がかなり上昇するが\n防御力が低下する。	Aumenta en gran medida la aceleración\nde Sonic, pero reduce tu defensa.	Увеличивает ускорение Соника,\nно значительно снижает защиту.	Stärkste Erhöhung der Beschleunigung,\naber Abwehr nimmt ab.	Aumenta notevolmente l'accelerazione di Sonic,\na scapito della difesa.	Ökar Sonics acceleration avsevärt,\nmen minskar även försvaret.	Aumenta significativamente a aceleração\nde Sonic, mas também reduz a defesa.	La tasa de aceleración aumenta considerablemente,\npero la defensa disminuye.	Znacznie zwiększa akceleracje Sonica,\nale ogranicza jego obronę.	大幅提升索尼克的加速度，但防禦力降低。	Sonic'in hızını oldukça artırır,\nama savunmayı düşürür.	Augmente grandement l'accéleration de Sonic,\nmais réduit aussi la défense.
skill_turnaround_up	Hard Brake		ハードブレーキ	Freno de Mano	Резкое торможение	Harte Bremse	Frenata Brusca	Hård Broms	Frenagem Abrupta	Freno en seco	Mocny Hamulec	急煞	Sert Fren	Frein d'urgence
skill_turnaround_up_description	Allows for more effective braking.		ブレーキ入力で急停止できる。	Frena de forma más efectiva.	Вы можете моментально остановиться.	Erlaubt effektiveres Bremsen.	Permette di frenare più efficaciemente.	Möjliggör effektivare bromsning.	Freia de forma mais eficaz.	Permite detenerse rápidamente al frenar.	Umożliwia bardziej efektywne hamowanie.	煞停會立即停止移動。	Daha etkili frenleme sağlar.	Permet un freinage plus efficace.
skill_grind_up	Quick Grind		クイックグラインド	Montaje Acelerado	Ускорение на рельсах 1	Zügiges Grinden	Grind Accelerato	Kvickglidning	Montagem Rápida	Riel ágil	Zwinne Szynowanie	快速滑軌	Çabuk Kasma	Glissade Rapide
skill_grind_up1	Fast Grind		ファストグラインド	Montaje Veloz	Ускорение на рельсах 2	Schnelles Grinden	Grind Veloce	Snabbglidning	Montagem Veloz	Riel veloz	Szybkie Szynowanie	高速滑軌	Hızlı Kasma	Glissade Express
skill_grind_up2	Mach Grind		マッハグラインド	Montaje Mach	Ускорение на рельсах 3	Mach Grinden	Grind Mach	Mach Glidning	Montagem Sônica	Riel fugaz	Szyn. pręd. Dżwięku	急速滑軌	Hemen Kasma	Glissade Mach
skill_grind_up3	Sub Mach Grind		サブ　マッハグラインド	Sub Montaje Mach	Ускорение на рельсах 3 (альт.)	Sub-Mach Grinden	Sub Grind Mach	Sub Mach Glidning	Sub Montagem Sônica	Riel sub-fugaz	Sub-Szyn. pręd. Dżwięku	次急速滑軌	Alt Hemen Kasma	Sous-Glissade Mach
skill_grind_up_description	Slightly increases Grinding speed.		グラインドの速度がちょっと上昇する。	Aumenta ligeramente la velocidad\nde deslizamiento en raíles.	Увеличивает дистанцию ускорения\nпри скольжении по рельсам.	Leichte Erhöhung der Geschwindigkeit am Anfang des Rail-Grindens.	Aumenta leggermente la velocità quando sali su una ringhiera.	Ökar Glidningshastigheten något.	Aumenta levemente a velocidade inicial ao deslizar em trilhos.	La velocidad al deslizarse en rieles aumenta ligeramente.	Lekko zwiększa prędkość\npoczątkową Szynowania.	稍微提升滑軌的起始速度。	Başlangıçta kasma hızını biraz artırır.	Augmente légérement la vitesse de glissade de Sonic.
skill_grind_up_description1	Moderately increases Grinding speed.		グラインドの速度がほどほど上昇する。	Aumenta moderadamente la velocidad\nde deslizamiento en raíles.	Улучшенная версия навыка\n"""Ускорение на рельсах 1""".	Moderate Erhöhung der Geschwindigkeit am Anfang des Rail-Grindens.	Aumenta moderatamente la velocità quando sali su una ringhiera.	Ökar Glidningshastigheten måttligt.	Aumenta moderadamente a velocidade inicial ao deslizar em trilhos.	La velocidad al deslizarse en rieles aumenta moderadamente.	Umiarkowanie zwiększa prędkość\npoczątkową Szynowania.	適度提升滑軌的起始速度。	Başlangıçta kasma hızını orta derecede artırır.	Augmente modérément la vitesse de glissade de Sonic.
skill_grind_up_description2	Greatly increases Grinding speed.		グラインドの速度がかなり上昇する。	Aumenta en gran medida la velocidad\nde deslizamiento en raíles.	Улучшенная версия навыка\n"""Ускорение на рельсах 2""".	Stärkste Erhöhung der Geschwindigkeit am Anfang des Rail-Grindens.	Aumenta notevolmente la velocità quando sali su una ringhiera.	Ökar Glidningshastigheten avsevärt.	Aumenta significativamente a velocidade inicial ao deslizar em trilhos.	La velocidad al deslizarse en rieles aumenta significativamente.	Znacznie zwiększa prędkość\npoczątkową Szynowania.	大幅提升滑軌的起始速度。	Başlangıçta kasma hızını oldukça artırır.	Augmente grandement la vitesse de glissade de Sonic.
skill_grind_up_description3	Automatically performs Grind Shuffles,\nbut consumes rings in the process.		自動的にグラインドシャッフルを実行するが\n発動中　リングをに消費する。	Realizas Trucos en Raíl automáticamente\npero consume Anillos al hacerlo.	Увеличивает дистанцию ускорения\nна рельсах, но за счёт расхода колец.	Automatisiert Grind-Shufflen, aber Ringe reduzieren sich dabei.	Fà automaticamente l'Azione sulla Ringhiera,\nma consuma degli anelli nel mentre.	Utför automatiskt Glidblandning,\nmen förbrukar ringar i processen.	Faz Manobras em Trilhos automaticamente,\nporém consome aneis no processo.	Realizarás trucos en los rieles automáticamente,\npero gastarás Anillos en el proceso	Automatycznie wykonuje Przeplatanie Szynowe,\nale konsumuje pierścienie.	自動進行踏軌加速\n，但會在過程中消耗金環。	Kasma işlemini otomatik olarak gerçekleştirir, ancak bu süreçte yüzükleri tüketir.	Exécute automatiquement Pas Chassé sur Rail,\n mais consomme des Anneaux.
skill_all_rounder	All Rounder		オールラウンダー	Todoterreno	Вездеход	Allrounder	Tuttofare	Allroundare	Adaptabilidade	Todoterreno	Wszechstronny	全能跑手	Çok Yönlü	Polyvalent
skill_all_rounder_description	Reduces speed loss caused\nby rugged terrain.		移動速度が遅くなる地形で\n減速率が低下する。	Reduce la pérdida de velocidad\nen terrenos escabrosos.	Уменьшает темп снижения скорости\nв местах, которые вас замедляют.	Reduziert Geschwindigkeitsverlust\nauf schroffem Terrain.	Riduce la velocità persa dal\nterreno ripido.	Minskar hastighetsförlust orsakad\nav oländig terräng.	Reduz a perda de velocidade\nem terrenos ásperos.	La tasa de desaceleración en terrenos\nque reducen la velocidad es menor.	Zmniejsza utratę prędkości\nna nierównym terenie.	降低因遲緩地形造成之減速率。	Engebeli araziden kaynaklanan\nhız kaybını azaltır.	Réduit la perte de vitesse causé par\nles terrains accidentés.
skill_pearl_range	Pearl Collector		パールコレクター	Colecctionista de Perlas	Коллекционер жемчужин	Peerlensammler	Collezionista di perle	Pärlsamlare	Colecionador de Pérolas	Coleccionista de Perlas	Kolekcjoner Pereł	魂珠收集者	İnci Toplayıcı	Collectionneur de Perles
skill_pearl_range_description	Attracts nearby Pearls.		近くにあるパールを吸い寄せて回収する。	Atrae las Perlas cercanas.	Притягивает находящиеся поблизости жемчужины.	Zieht Peerlen in der Nähe an.	Attrae Perle vicine.	Lockar till sig närliggande Pärlor.	Atrai Pérolas próximas.	Atrae y recoge las Perlas cercanas.	Przyciąga pobliskie Perły.	吸引周圍之魂珠。	Yakındaki İncileri çeker.	Attire les Perles à proximité.
skill_pearl_respawn	Soul Resurrection		ソウルリザレクション	Resurrección del Alma	Возрождение	Seelenauferstehung	Risurrezione dell'Anima	Själuppståndelse	Ressureição da Alma	Alma resurrectiva	Wskrzeszenie Duszy	靈魂再生	Ruh Dirilişi	Résurrection de l'Âme
skill_pearl_respawn_description	Uses the Soul Gauge\nto revive when defeated.		ソウルゲージを消費することで\n死亡時に復活することができる。	Gasta tu Barra de Almas para revivir\ncuando te derroten.	Вы сможете возродиться после смерти\nза счёт расхода шкалы души.	Benutzt die Soul Gauge, um dich\nnach einer Niederlage wiederzubeleben.	Usa la Barra dell'Anima\nper risuscitarti quando sei sconfitto.	Använder Själmätaren\nför att återupplivas när du är besegrad.	Usa a Barra Espiritual para\nreviver após ser derrotado.	El medidor de almas puede consumirse para revivir.	Używa Pasek Dusz do\nodrodzenia się po śmierci.	被打倒時，消耗魂力量表復活。	Yenildiğinde canlanmak için\nRuh Ölçeri'ni kullanır.	Utilise la Jauge d'Âme lors\nd'une défaite pour ressusciter.
skill_pearl_damage	Soul Armor		ソウルアーマー	Armadura Ánima	Духовная броня	Seelenrüstung	Armatura dell'Anima	Själsrustning	Armadura Espiritual	Armadura del alma	Pancerz Duszy	靈魂護甲	Ruh Zırhı	Armure Spirituelle
skill_pearl_damage1	Sub Soul Armor		サブ　ソウルアーマー	Sub Armadura Ánima	Духовная броня (альт.)	Sub-Seelenrüstung	Sub Armatura dell'Anima	Sub Själsrustning	Sub-Armadura Espiritual	Sub-armadura del alma	Sub-Pancerz Duszy	次靈魂護甲	Alt Ruh Zırhı	Sous-Armure Spirituelle
skill_pearl_damage_description	Reduces Soul Power loss when damaged.		ダメージ時にマイナスされるソウルが減少する。	Reduce la pérdida de Poder de Almas\nal recibir daños.	Уменьшает количество душ,\nтеряемых при получении урона.	Reduziert den Verlust der Soul Gauge,\nsobald man Schaden erleidet.	Riduce il Potere dell'Anima perso quando vieni colpito.	Minskar förlust av Själskraft vid skada.	Reduz a perda de Poder Espiritual\nao receber dano.	Reduce el número de almas que se pierden al recibir daño.	Zmniejsza utratę Mocy Dusz po odniesieniu obrażeń.	降低因受傷失去的魂力。	Hasar gördüğünde Ruh Gücü kaybını azaltır.	Réduit la perte de Jauge d'Âme\nen cas de dégâts.
skill_pearl_damage_description1	Greatly reduces Soul Power loss when damaged, but also reduces defense.		ダメージ時にマイナスされるソウルが\nかなり減少するが防御力が低下する。	Reduce la pérdida de Poder de Almas\n por daños, pero también tu defensa.	Уменьшает количество душ, теряемых\nпри уроне, но снижает защиту.	Reduziert den Verlust der Soul Gauge,\nsobald man Schaden erleidet, aber Abwehr nimmt ab.	Riduce notevolmente il Potere dell'Anima perso\nquando vieni colpito, a scapito della difesa.	Minskar kraftigt förlusten av Själskraft vid skada, men minskar även försvaret.	Reduz bastante a perda de Poder Espiritual\nao receber dano, mas também reduz a defesa.	Reduce el número de almas que se pierden al\nrecibir daño, pero disminuye la defensa.	Znacznie zmniejsza utratę Mocy Dusz po\nodniesieniu obrażeń, ale ogranicza obronę.	大幅降低因受傷失去的魂力，但防禦力降低。	Hasar gördüğünde Ruh Gücü kaybını azaltır, ama savunmayı düşürür.	Réduit grandement la perte de Jauge d'Âme\nen cas de dégâts,\nmais réduit la défense.
skill_ring_loss_convert	Soul Barrier		ソウルバリア	Barrera Ánima	Духовный барьер	Soul Barriere	Barriera dell'Anima	Själsbarriär	Barreira Espiritual	Escudo del alma	Bariera Duszy	魂力屏障	Ruh Bariyeri	Barrière Spirituelle
skill_ring_loss_convert1	Sub Soul Barrier		サブ　ソウルバリア	Sub Barrera Ánima	Духовный барьер (альт.)	Sub-Soul Barriere	Sub Barriera dell'Anima	Sub Själsbarriär	Sub Barreira Espiritual	Sub-escudo del alma	Sub-Bariera Duszy	次魂力屏障	Alt Ruh Bariyeri	Sous-Barrière Spirituelle
skill_ring_loss_convert_description	Increases Soul Power\nwhen losing rings.		リングが減った時に\nソウルゲージが上昇する。	Obtén Poder de Almas\nal perder anillos.	Пополняет шкалу души при потере колец.	Erhöht die Soul Gauge, wenn man Ringe verliert.	Aumenta il Potere dell'Anima\nquando perdi anelli.	Ökar Själskraften\nvid förlust av ringar.	Obtém Poder Espiritual\nao perder anéis.	Aumenta el medidor de almas cuando pierdes Anillos.	Zwiększa Moc Dusz\nprzy utracie pierścieni.	損失金環時，增加魂力。	Yüzük kaybedildiğinde\nRuh Gücünü artırır.	Remplit la Jauge d'Âme lors d'une perte d'Anneaux.
skill_ring_loss_convert_description1	Greatly increases Soul Power when losing rings, but also reduces defense.		リングが減った時にソウルゲージが\nかなり上昇するが防御力が低下する。	Obtén mucho Poder de Almas al\nperder anillos, pero reduce tu defensa.	Пополняет шкалу души при потере колец,\nно значительно снижает защиту.	Erhöht die Soul Gauge, wenn man Ringe verliert,\naber Abwehr nimmt ab.	Aumenta notevolmente il Potere dell'Anima\nquando perdi anelli, a scapito della difesa.	Ökar Själskraften avsevärt när man förlorar ringar, men minskar även försvaret.	Obtém bastante Poder Espiritual ao\nperder anéis, porém perde defesa.	Aumenta el medidor de almas cuando pierdes Anillos,\npero disminuye la defensa.	Znacznie zwiększa Moc Dusz przy utracie pierścieni, ale ogranicza obronę.	損失金環時，大幅增加魂力，但防禦力降低。	Yüzük kaybedildiğinde Ruh Gücünü artırır ama savunmayı düşürür.	Remplit la Jauge d'Âme lors d'une perte d'Anneaux,\nmais réduit la défense.
skill_ring_pearl_convert	Ring Exchange		リングエクスチェンジ	Intercambio de Anillos	Обмен колец	Ringaustausch	Scambio di Anelli.	Ringbyte	Troca de Anéis	Intercambio de Anillos	Wymiana Pierścieni	金環交換	Yüzük Değişimi	Change d'Anneau
skill_ring_pearl_convert_description	Counts each Ring collected as 2 pearls.		リング獲得の時\nパール2個分として換算される。	Obtén dos perlas por\ncada Anillo que recojas.	Каждое получаемое кольцо\nпереводится в две жемчужины.	Zählt jeden aufgesammelten Ring als 2 Peerlen.	Ogni Anello collezionato verrà trasformato in 2 perle.	Räknas varje insamlad Ring som 2 pärlor.	Para cada anel coletado, você recebe 2 pérolas.	Al conseguir un Anillo, se convierte en 2 Perlas.	Liczy każdy zebrany Pierścień jako 2 perły.	將每個獲得的金環換算成兩顆魂珠。	Toplanan her Yüzüğü 2 inci olarak sayar.	Compte chaque Anneau collecté comme 2 Perles.
skill_ring_range	Ring Collector		リングコレクター	Coleccionista de Anillos	Коллекционер колец	Ringsammler	Collezionatore di Anelli	Ringsamlare	Colecionador de Anéis	Coleccionista de Anillos	Kolekcjoner Pierścieni	金環蒐集者	Yüzük Toplayıcı	Collectionneur d'Anneau
skill_ring_range_description	Attracts nearby Rings.		近くにあるリングを吸い寄せて回収する。	Atrae los Anillos cercanos.	Притягивает находящиеся поблизости кольца.	Zieht Ringe in der Nähe an.	Attrae Anelli vicini.	Lockar till sig närliggande Ringar.	Atrai anéis próximos.	Atrae y recoge los Anillos cercanos.	Przyciąga pobliskie Pierścienie.	吸引附近的金環。	Yakındaki Yüzükleri çeker.	Collectionne les Anneaux\nà proximité.
skill_ring_spawn	Ring Bonus		リングボーナス	Bonificación de Anillos	Стартовые кольца	Ring-Bonus	Bonus di Anelli	Ringbonus	Bônus de Anéis	Bonus de Anillos	Bonus Pierścieni	額外金環	Yüzük Bonusu	Bonus d'Anneaux
skill_ring_spawn_description	Grants additional rings\nwhen starting a stage.		ミッション開始時の所持\nリング個数が増加する。	Comienza el nivel con algunos anillos.	Даёт дополнительные кольца при старте уровня.	Startet ein Level mit zusätzlichen Ringe.	Concede Anelli in più quando\nriprovi un livello.	Ger ytterligare ringar\nnär en etapp påbörjas.	Concede anéis adicionais ao iniciar uma fase.	Comenzarás con Anillos las misiones.	Przyznaje dodatkowe pierścienie\nwraz z rozpoczęciem etapu.	任務開始時，增加持有的金環數量。	Bir bölüme başlandığında\nek yüzükler sağlar.	Donne des Anneaux\nsupplémentaires au début du stage.
skill_ring_respawn	Power Restart		パワーリスタート	Retorno Poderoso	Кольца при возрождении	Power-Neustart	Ripresa Potente	Kraftomstart	Ressurreição Poderosa	Reinicio empoderado	Restart Mocy	再來金環	Gücü Yeniden Başlatma	Reprise en Force
skill_ring_respawn_description	Grants additional Rings when\nrestarting after being defeated.		死亡から復活の時\n所持リング個数が増加する。	Obtén algunos anillos\ncuando reaparezcas.	Даёт дополнительные кольца\nпри возрождении после смерти.	Starte mit zusätzlichen Ringen\nnach Niederlage.	Concede Anelli in più quando\nriprovi dopo essere stato sconfitto.	Ger ytterligare ringar vid\nomstart efter att ha blivit besegrad.	Concede anéis adicionais ao renascer.	Comenzarás con Anillos al revivir.	Przyznaje dodatkowe pierścienie\npo odrodzeniu się.	被打倒並復活後，增加持有的金環數量。	Yenildikten sonra yeniden\nbaşlatıldığında ek Yüzükler verir.	Donne des Anneaux\nsupplémentaires après une défaite.
skill_ring_damage	Ring Saver		リングセーバー	Protector de Anillos	Сохранение колец	Ring-Retter	Risparmiatore di Anelli	Ringsparare	Salva-Anéis	Salva-Anillos	Pierścienio-oszczędny	小氣金環	Yüzük Kurtarıcı	Économiseur d'Anneaux
skill_ring_damage_description	Reduces the number of rings lost\nwhen damage is taken.		ダメージをうけた時にマイナスされる\nリングの個数が減少する。	Reduce el número de anillos\nsubstraído al sufrir daños.	Уменьшает количество колец,\nтеряемых при получении урона.	Reduziert die Anzahl an\nverloreren Ringen wenn man Schaden erleidet.	Riduce il numero di anelli perduti\nquando prendi danno.	Minskar antalet förlorade ringar\nnär skada uppstår.	Reduz o número de anéis perdidos ao receber dano.	Reduce el número de Anillos\nque se pierden al recibir daño.	Zmniejsza liczbę utraconych\npierścieni po otrzymaniu obrażeń.	降低受傷時失去的金環數量。	Hasar alındığında kaybedilen\nyüzük sayısını azaltır.	Réduit le nombre d'Anneaux\nperdus lors de dégâts.
skill_slide_attack	Volcano Slider		ボルカノンスライダー	Deslizamiento Volcán	Атакующее скольжение	Vulkan-Rutscher	Slittamento Vulcanico	Vulkanreglage	Deslizamento Vulcânico	Derrape vulcano	Wulkaniczny Ślizgacz	火山滑行	Volkan Kaydııcı	Glissade Volcan
skill_slide_attack_description	Grants attack power while sliding.		スライディング中に攻撃力が追加される。	Daña a los enemigos al deslizarte.	При скольжении вы сможете наносить урон.	Verleiht Angriffskräfte beim Rutschen.	Aumenta il potere d'attacco quando slitti.	Ger attackkraft medan man glider.	Concede poder de ataque ao deslizar.	Mayor potencia de ataque mientras te deslizas.	Zwiększa siłę ataku podczas ślizgania.	滑行追加攻擊力。	Kayarken saldırı gücünü arttırır.	Permet d'attaquer lors d'une glissade.
skill_slide_defense	Aegis Slider		イージススライダー	Deslizamiento Égida	Защитное скольжение	Aegis-Rutscher	Slittamento Egida	Egidreglage	Deslizamento Égide	Derrape de égida	Egidzki Ślizgacz	護盾滑行	Kalkan Kaydırıcı	Glissade Aegis
skill_slide_defense_description	Grants damage immunity\nwhile sliding.		スライディング中に防衛力が追加される。	Recibe inmunidad al daño\nal deslizarte.	При скольжении повышается ваша защита.	Verleiht Unverwundbarkeit\nbeim Rutschen.	Aumenta la difesa di slittamento.	Ger immunitet mot skador\nmedan du glider.	Concede imunidade a danos ao deslizar.	Defensa adicional mientras te deslizas.	Zwiększa obronę podczas ślizgania.	滑行追加防禦力。	Kayarken savunma gücünü arttırır.	Rend la Glissade invulnérable.
skill_slide_exp	Soul Slider		ソウルスライダー	Deslizamiento Ánima	Скольжение с получением опыта	Seelen-Rutscher	Slittamento dell'Anima	Själsreglage	Deslizamento Etéreo	Derrape del alma	Duchowy Ślizgacz	靈魂滑行	Ruh Kaydırıcı	Glissade Spirituelle
skill_slide_exp_description	Increases EXP when sliding.		スライディング中に徐々に経験値を\n獲得できる。	Aumenta la EXP obtenida\nal deslizarte.	При скольжении вы сможете постепенно\nзарабатывать очки опыта.	Erhöht EP beim Rutschen.	Aumenta i PE quando slitti.	Ökar EXP vid glidning.	Aumenta a EXP ao deslizar.	Ganas gradualmente experiencia mientras te deslizas.	Zwiększa PD podczas ślizgania.	滑行會逐漸獲得EXP	Kayarken EXP'yi arttırır.	Augmente l'EXP lors d'une glissade.
skill_slide_distance	Skimmer		スキマー	Sobrevuelo	Ускоренное скольжение 1	Schlittern	Scivolatore	Skimmer	Deslizante	Jabonoso	Przebieżnik	打水漂石	Kayıcı	Glisseur
skill_slide_distance1	Super Skimmer		スーパースキマー	Sobrevuelo Veloz	Ускоренное скольжение 2	Super-Schlittern	Super Scivolatore	Superskimmer	Super Deslizante	Súper jabonoso	Super Przebieżnik	超級打水漂石	Süper Kayıcı	Super Glisseur
skill_slide_distance2	Hyper Skimmer		ハイパースキマー	Sobrevuelo Máximo	Ускоренное скольжение 3	Hyper-Schlittern	Iper Scivolatore	Hyperskimmer	Hiper Deslizante	Híper jabonoso	Hiper Przebieżnik	究極打水漂石	Hiper Kayıcı	Hyper Glisseur
skill_slide_distance_description	Slightly reduces the amount of\nspeed lost when sliding.		スライディング中の減速率が\nちょっと低下する。	Reduce ligeramente la pérdida\nde velocidad al deslizarte.	Во время скольжения скорость\nбудет снижаться медленнее.	Leichte Verringerung der\nVerlangsamung beim Rutschen.	Riduce leggermente la perdità\ndi velocità quando slitti.	Minskar hastighetsförlusten\nnågot vid glidning.	Reduz levemente a perda de\nvelocidade ao deslizar.	La velocidad que pierdes al derraparte\nse reduce ligeramente.	Lekko zmniejsza utratę\nprędkości podczas ślizgania.	稍微降低因為滑行造成的減速率。	Kayarken kaybedilen hızı\nbiraz azaltır.	Réduit légérement la perte\nde vitesse lors de glissade.
skill_slide_distance_description1	Moderately reduces the amount of\nspeed lost when sliding.		スライディング中の減速率が\nほどほど低下する。	Reduce moderadamente la pérdida\nde velocidad al deslizarte.	Улучшенная версия навыка\n"""Ускоренное скольжение 1""".	Moderate Verringerung der\nVerlangsamung beim Rutschen.	Riduce moderatamente la perdità\ndi velocità quando slitti.	Minskar hastighetsförlusten\nmåttligt vid glidning.	Reduz moderadamente a perda de\nvelocidade ao deslizar.	La velocidad que pierdes al derraparte\nse reduce moderadamente.	Umiarkowanie zmniejsza utratę\nprędkości podczas ślizgania.	適度降低因為滑行造成的減速率。	Kayarken kaybedilen hızı\norta derece azaltır.	Réduit modérément la perte\nde vitesse lors de glissade.
skill_slide_distance_description2	Greatly reduces the amount of\nspeed lost when sliding.		スライディング中の減速率が\nかなり低下する。	Reduce significativamente la\npérdida de velocidad al deslizarte.	Улучшенная версия навыка\n"""Ускоренное скольжение 2""".	Stärkste Verringerung der\nVerlangsamung beim Rutschen.	Riduce notevolmente la perdità\ndi velocità quando slitti.	Minskar hastighetsförlusten\navsevärt vid glidning.	Reduz significativamente a perda de\nvelocidade ao deslizar.	La velocidad que pierdes al derraparte\nse reduce considerablemente.	Znacznie zmniejsza utratę\nprędkości podczas ślizgania.	大幅降低因為滑行造成的減速率。	Kayarken kaybedilen hızı\noldukça azaltır.	Réduit grandement la perte\nde vitesse lors de glissade.
skill_stomp_dash	Cancel Dash		キャンセルダッシュ	Pisotón Propulsor	Ускорение после отмены	Abbruch-Schub	Caduta a Propulsore	Avbryt Rusning	Cancelamento Impulsivo	Arranque tras cancelar	Anulowany Pęd	衝刺取消	Atılma İptali	Annul'sprint
skill_stomp_dash_description	Provides a speed boost when\nlanding after a Jump Cancel.		ジャンプキャンセルで着地時に\n初速があがる。	Obtén un acelerón en el suelo\ntras usar la Caída Rápida.	Увеличивает начальную скорость\nпри приземлении после отмены прыжка.	Erhalte einen Geschwindigkeitsschub,\nnach dem Landen mittels Sprung-Abbruch.	Fornisce un aumento di velocità quando\natterì da un Annulla Salto.	Ger en hastighetsökning vid\nlandning efter ett hoppavbrott.	Fornece um impulso ao\naterrissar após cancelar um pulo.	Al aterrizar tras cancelar un salto,\nla velocidad inicial aumenta.	Zapewnia przyśpieszenie po\nAnulowanym Skoku.	在跳躍取消著地時加速。	Atlama İptali sonrasında iniş\nyapıldığında hız artışı sağlar.	Donne un boost de vitesse\nlors d'un atterrissage après une\nAnnulation de Saut.
skill_stomp_exp	Cancel Absorber		キャンセルアブソーバー	Pisotón Absorbente	Опыт после отмены	Abbruch-Absorber	Caduta Assorbente	Avbryt Absorberare	Cancelamento Experiente	Absorber tras cancelar	Anulowany Pochłaniacz	取消吸收	Emici İptali	Aspirateur d'Annulation
skill_stomp_exp_description	Increases EXP gained when\nlanding after a Jump Cancel.		ジャンプキャンセルで着地時に\n経験値を獲得できる。	Aumenta la EXP obtenida\ntras usar la Caída Rápida.	Вы сможете зарабатывать очки опыта\nпри приземлении после отмены прыжка.	Erhöht EP, nach Landen mittels Sprung-Abbruch.	Aumenta i PE ottenuti quando\natterì da un Annulla Salto.	Ökar EXP som uppnås vid\nlandning efter ett hoppavbrott.	Aumenta a EXP obtido\nao cancelar um pulo.	Al aterrizar tras cancelar un salto, ganas experiencia.	Zwiększa PD zdobyte po Anulowanym Skoku.	在跳躍取消著地時獲得EXP。	Atlama İptali sonrasında iniş\nyapıldığında kazanılan EXP'yi arttırır.	Augmente le gain d'EXP\nlors d'un atterrissage après une\nAnnulation de Saut.
skill_stomp_attack	Fire Gaze		ファイヤーゲイズ	Mirada Ardiente	Огненный взор	Feuerblick	Caduta Infuocata	Eldblick	Olhar Ardente	Mirada de fuego	Ogniste Spojrzenie	火焰凝視	Ateş Bakışı	Regard de Feu
skill_stomp_attack_description	Grants attack power when\nperforming a Jump Cancel.		ジャンプキャンセル中に\n攻撃力が追加される。	Daña a los enemigos al usar\nla Caída Rápida.	Отмена прыжка станет наносить урон.	Verleiht Angriffskräfte mittels Sprung-Abbruch.	Aumento il potere d'attacco quando\nusi un Annulla Salto.	Ger attackkraft vid\nutförande av ett hoppavbrytande.	Concede poder de ataque\napós cancelar um pulo.	Al aterrizar tras cancelar un salto,\ntu poder de ataque aumenta.	Zwiększa siłę ataku podczas wykonywania\nAnulowanego Skoku.	跳躍取消追加攻擊力。	Zıplama İptali gerçekleştirildiğinde\nsaldırı gücünü artırır.	Confère de la puissance d'attaque\nlors d'une Annulation de Saut.
skill_stomp_bounce	Bound Jump		バウンドジャンプ	Rebote	Отскок	Abprall-Sprung	Salto Rimbalzante	Bundet Hopp	Pulo Rebote	Salto rebotador	Odbijalny Skok	彈跳跳躍	Seken Zıplama	Saut Rebond
skill_stomp_bounce_description	Hold the Action Button to rebound\nwhen landing on the ground.			Mantén presionado Acción Especial en\nel aire para rebotar cuando aterrices.	Удерживайте кнопку действия, чтобы отскочить\nпри приземлении на землю.	Halte den Action-Knopf gedrückt, um vom Boden abzuprallen.	Tieni premuto il Tasto Azione per rimbalzare\nmentre stai atterrando sul pavimento.	Håll in Handlingsknappen för att studsa tillbaka\nnär du landar på marken.	Segure o Botão de Ação para quicar ao aterrissar.	Presiona el botón de acción para rebotar tras aterrizar.	Przytrzymaj Przycisk Akcji aby\nodbić się po wylądowaniu na ziemię.	落地時，按住動作鍵即可反彈。	Yere indiğinde geri sekme yapmak\niçin Eylem Düğmesini basılı tut.	Maintenir le bouton d'action\npermet de rebondir lors de l'atterrissage.
skill_accel_jump_attack	Fire Tackle		ファイヤータックル	Acometida Ardiente	Охват огнём	Feuertackle	Affronto di Fuoco	Eldtackling	Investida Ardente	Tacleada de fuego	Ogniste Powalenie	火焰撞擊	Alev Hücumu	Tacle de Feu
skill_accel_jump_attack1	Sub Fire Tackle		サブ　ファイヤータックル	Sub Acometida Ardiente	Охват огнём (альт.)	Sub-Feuertackle	Sub Affronto di Fuoco	Sub Eldtackling	Sub Investida Ardente	Sub-tacleada de fuego	Sub-Ogniste Powalenie	次火焰撞擊	Alt Alev Hücumu	Sous-Tacle de Feu
skill_accel_jump_attack_description	Grants attack power when\nperforming a Short Jump.		小ジャンプ中に攻撃力が追加される。	Daña a los enemigos al\nrealizar un Brinco.	Короткие прыжки станут наносить урон.	Verleiht Angriffskräfte mittels Beschleunigungssprung.	Aumenta il potere d'attacco quando\nusi un Salto Corto.	Ger attackkraft vid\nutförande av ett Kort Hopp.	Concede poder de ataque ao\nrealizar um Pulo Curto.	El poder de ataque aumenta al dar brinquitos.	Zwiększa siłę ataku podczas\nwykonywania Krótkiego Skoku.	短跳追加攻擊力。	Hızlanma Zıplaması yapıldığında\nsaldırı gücünü artırır.	Donne de la puissance d'attaque\npendant un Saut Court.
skill_accel_jump_attack_description1	Grants attack power when performing a Short Jump, but also reduces defense.		小ジャンプ中に攻撃力が追加されるが\n防御力が低下する。	Daña a los enemigos al realizar\nun Brinco, pero reduce tu defensa.	Короткие прыжки станут наносить урон,\nно ценой снижения защиты.	Verleiht Angriffskräfte mittels Beschleunigungssprung, reduziert jedoch Verteidigung.	Aumenta il potere d'attacco quando\nusi un Salto Corto, a scapito della difesa.	Ger attackkraft vid utförande av ett Kort Hopp, men minskar även försvar.	Concede poder de ataque ao realizar\num Pulo Curto, mas também reduz a defesa.	El poder de ataque aumenta al dar brinquitos, pero disminuye la defensa.	Zwiększa siłę ataku podczas wykonywania\nSkoku Akceleracyjnego, ale ogranicza obronę.	短跳追加攻擊力，但防禦力降低。	Hızlanma Zıplaması yapıldığında saldırı gücünü artırır, ama savunmayı düşürür.	Donne de la puissance d'attaque\npendant un Saut Court,\nmais réduit la défense.
skill_spin_jump	Spin Jump		スピンジャンプ	Salto Rotatorio	Кручёный прыжок	Spin-Attack	Salto Roteante	Snurr Hopp	Pulo Giratório	Salto giratorio	Obrotowy Skok	旋轉跳躍	Dönme Zıplama	Saut Tourbillon
skill_spin_jump_description	Grants attack power when jumping into enemies.		ジャンプ中に\n攻撃力が追加される。	Daña a los enemigos al\nsaltar sobre ellos.	Увеличивает силу атаки при прыжке на врагов.	Erlaubt es Gegner durch Springen zu attackieren.	Aumenta il potere d'attacco quando salti sui nemici.	Ger attackkraft när du hoppar in i fiender.	Concede poder de ataque ao saltar em inimigos.	El poder de ataque aumenta cuando saltas.	Zwiększa siłę ataku podczas skakania na przeciwników.	跳躍追加攻擊力。	Düşmanlara atlarken saldırı gücünü arttırır.	Sauter sur les ennemis donne de\nla puissance d'attaque.
skill_armor_jump	Armored Jump		アーマージャンプ	Salto Blindado	Защитный прыжок	Gerüsteter Sprung	Salto Blindato	Pansarhopp	Pulo Blindado	Salto con armadura	Uzbrojony Skok	鎧甲跳躍	Zırhlı Zıplama	Saut Blindé
skill_armor_jump_description	Increases defense when jumping into enemies.		ジャンプ中に\n防御力が追加される。	Aumenta tu defensa al saltar\nsobre enemigos.	Повышает защиту при прыжке на врагов.	Steigert Abwehr während man in Gegner hineinspringt.	Aumenta la difesa quando salti sui nemici.	Ökar försvaret när du hoppar in i fiender.	Aumenta a defesa ao pular em inimigos.	La defensa aumenta cuando saltas.	Zwiększa obronę podczas skakania na przeciwników.	跳躍追加防禦力。	Düşmanlara atlarken savunmayı arttırır.	Sauter sur les ennemis\naugmente la défense.
skill_double_jump	Double Jump		ダブルジャンプ	Doble Salto	Двойной прыжок	Doppelsprung	Doppio Salto	Dubbelhopp	Pulo Duplo	Salto doble	Podwójny Skok	二段跳	Çift Zıplama	Double Saut
skill_double_jump_description	Provides an extra jump when in the air.		空にいる時に\n追加ジャンプを可能にする。	Obtén un salto extra en el aire.	Даёт дополнительный прыжок в воздухе.	Stellt einen Extra-Sprung in der Luft zur Verfügung.	Ti garantisce un salto in più in aria.	Ger ett extra hopp i luften.	Permite que Sonic pule duas vezes.	Permite un salto adicional en el aire.	Pozwala na dodatkowy skok w powietrzu.	置空時能再次跳躍。	Havadayken bir kere daha zıplayabilirsin.	Confère un saut supplémentaire en l'air.
skill_backstep_attack	Fire Step		ファイヤーステップ	Paso Ígneo	Огненный прыжок назад	Feuerschritt	Passo Infuocato	Eldsteg	Esquiva Ardente	Paso de fuego	Ognisty Krok	火焰跨步	Ateşli Adım	Pas de Feu
skill_backstep_attack_description	Grants attack power when\nperforming a Backflip.		バックステップに攻撃力が追加される。	Daña a los enemigos al realizar\nla Voltereta hacia Atrás.	Прыжок назад сможет наносить урон.	Erlaubt Angriff-Stärke, während ein Rückwärtssalto eingesetzt wird.	Aumenta il potere d'attacco quando\nesegui una capriola.	Ger attackkraft vid\nutförande av en Bakåtvolt.	Concede poder de ataque ao realizar a Esquiva	Otorga poder de ataque al dar pasos hacía atrás.	Zwiększa siłę ataku podczas\nwykonywania Przewrotu w Tył.	後空翻追加攻擊力。	Geri takla atıldığında\nsaldırı gücü artar.	Donne de la puissance d'attaque\nlors d'un Pas Arrière.
skill_land_dash	Landing Dash		ランディングダッシュ	Aterrizaje Acelerante	Ускорение при приземлении	Landungsschub	Slancio d'Atterraggiò	Landningsrusning	Impulso de Aterrissagem	Aterrizaje con arranque	Przyśpieszające Lądowanie	著地衝刺	İniş Atılması	Sprint Réception
skill_land_dash_description	Provides a speed boost when landing.		着地した時に初速があがる。	Recibe un acelerón al entrar\nen contacto con el suelo.	Увеличивает начальную скорость при приземлении.	Gibt Sonic einen Geschwindigkeitsschub beim Landen.	Fornisce un aumento di velocità quando atterrì.	Ger en hastighetsökning vid landning.	Recebe um impulso após aterrissar.	La velocidad inicial aumenta al aterrizar.	Zapewnia przyśpieszenie podczas lądowania.	著地時加速。	İniş sırasında hız artışı sağlar.	Augmente la vitesse de course\naprès l'atterrissage.
skill_land_soul	Soul Absorber		ソウルアブソーバー	Absorción de Almas	Поглотитель души 1	Seelen-Absorber	Assorbitore dell'Anima	Själsabsorberare	Absorção Espiritual	Absorbe almas	Pochłaniacz Dusz	魂力吸收者	Ruh Emici	Absorbeur d'Âmes
skill_land_soul1	Soul Assimilator		ソウルセモレイター	Asimilación de Almas	Поглотитель души 2	Seelen-Assimilator	Assimilatore dell'Anima	Själsassimilator	Assimilador Espiritual	Asimila almas	Asymilator Dusz	魂力同化者	Ruh Özümseyici	Assimilateur d'Âmes
skill_land_soul2	Soul Devourer		ソウルディヴァウワー	Devorador de Almas	Поглотитель души 3	Seelen-Verschlinger	Divoratore dell'Anima	Själsförtärare	Devorador Espiritual	Devora almas	Pożeracz Dusz	魂力吞噬者	Ruh Yiyici	Dévoreur d'Âmes
skill_land_soul3	Sub Soul Devourer		サブ　ソウルディヴァウワー	Sub Devorador de Almas	Поглотитель души 3 (альт.)	Sub-Seelen-Verschlinger	Sub Divoratore dell'Anima	Sub Själsförtärare	Sub Devorador Espiritual	Demi-devora almas	Sub-Pożeracz Dusz	次魂力吞噬者	Alt Ruh Yiyici	Sous-Dévoreur d'Âmes
skill_land_soul_description	Slightly increases the Soul Gauge\nwhen landing.		着地した時にソウルゲージがちょっと上昇する。	Llena un poco la Barra de Almas\nal aterrizar de un salto.	Пополняет шкалу души при приземлении.	Leichte Erhöhung der Soul Gauge,\nbeim Landen.	Aumenta leggermente la Barra dell'Anima\nquando atterrì.	Ökar Själsmätaren något\nvid landning.	Enche levemente a Barra Espiritual ao aterrissar.	El medidor de almas aumenta ligeramente al aterrizar.	Lekko zwiększa Pasek Dusz\npodczas lądowania.	著地時稍微增加魂力量表。	İniş sırasında biraz\nhız artışı sağlar.	Remplit légérement la Jauge d'Âme\nlors d'un atterrissage.
skill_land_soul_description1	Moderately increases the Soul Gauge\nwhen landing.		着地した時にソウルゲージがほどほど上昇する。	Llena moderadamente la Barra de\nAlmas al aterrizar de un salto.	Улучшенная версия навыка\n"""Поглотитель души 1""".	Moderate Erhöhung der Soul Gauge,\nbeim Landen.	Aumenta moderatamente la Barra dell'Anima\nquando atterrì.	Ökar Själsmätaren måttligt\nvid landning.	Enche moderadamente a Barra Espiritual ao aterrissar.	El medidor de almas aumenta moderadamente al aterrizar.	Umiarkowanie zwiększa Pasek Dusz\npodczas lądowania.	著地時適度增加魂力量表。	İniş sırasında orta\nderece hız artışı sağlar.	Remplit modérément la Jauge d'Âme\nlors d'un atterrissage.
skill_land_soul_description2	Greatly increases the Soul Gauge\nwhen landing.		着地した時にソウルゲージがかなり上昇する。	Llena bastante la Barra de Almas\nal aterrizar de un salto.	Улучшенная версия навыка\n"""Поглотитель души 2""".	Große Erhöhung der Soul Gauge,\nbeim Landen.	Aumenta notevolmente la Barra dell'Anima\nquando atterrì.	Ökar Själsmätaren avsevärt\nvid landning.	Enche significativamente a Barra Espiritual ao aterrissar.	El medidor de almas aumenta considerablemente al aterrizar.	Dużo zwiększa Pasek Dusz\npodczas lądowania.	著地時大幅增加魂力量表。	İniş sırasında oldukça\nhız artışı sağlar.	Remplit grandement la Jauge d'Âme\nlors d'un atterrissage.
skill_land_soul_description3	Significantly increases the Soul Gauge when landing, but consumes rings.		着地した時にソウルゲージがかなり上昇するが\nリングを消費する。	Llena significativamente la Barra de\nAlmas al aterrizar de un salto.	Пополняет шкалу души при приземлении,\nно ценой расхода колец.	Deutliche Erhöhung der Soul Gauge,\nbeim Landen, aber Ringe reduzieren sich dabei.	Aumenta in modo signoficativo la Barra dell'Anima\nquando atterrì, ma consuma anelli.	Ökar Själsmätaren avsevärt vid landning, men förbrukar ringar.	Enche significativamente a Barra Espiritual ao aterrissar, mas consome anéis.	El medidor de almas aumenta considerablemente\nal aterrizar, pero gasta Anillos.	Znacznie zwiększa Pasek Dusz podczas\nlądowania, ale zużywa przy tym pierścienie.	著地時大幅增加魂力量表，但會消耗金環。	İniş sırasında oldukça hız artışı sağlar, ama yüzükleri tüketir.	Remplit considérablement la Jauge d'Âme\nlors d'un atterrissage,\nmais consomme des Anneaux.
skill_rocket_start	Rocket Start		ロケットスタート	Salida Cohete	Стартовый разгон 1	Raketen-Start	Inizio a Razzo	Raketstart	Largada Foguete	Inicio cohete	Rakietowy Start	火箭起步	Roket Başlama	Départ Fusée
skill_rocket_start1	Warp Dash		ワープダッシュ	Salida Ánima	Стартовый разгон 2	Warp Dash	Scatto Trasportante	Warprusning	Largada Relâmpago	Arranque relámpago	Wypaczony Pęd	瞬移衝刺	Çözgü Atılımı	Départ Éclair
skill_rocket_start_description	Press the Action Button when\nthe countdown ends for a speed boost.		カウントダウンが終了時に\nアクションボタンを押すことで加速する。	Pulsa Acción Especial cuando la\ncuenta atrás termine para un impulso.	Когда обратный отсчёт дойдёт до конца,\nнажмите кнопку действия, чтобы ускориться.	Drücke den Action-Knopf, sobald der Countdown endet, um einen Geschwindigkeitsschub zu bekommen.	Premi il Pulsante d'Azione quando\nil cronometro finisce per un aumento di velocità.	Tryck på Åtgärdsknappen när\nnedräkningen är slut för en hastighetsökning.	Aperte o Botão de Ação quando a contagem\nregressiva acabar para receber um impulso.	Presiona el botón de acción al finalizar la cuenta\nregresiva para un impulso de velocidad.	Tuż po tym jak odliczanie się skończy,\nnaciśnij Przycisk Akcji, aby uzyskać przyśpieszenie.	倒數結束時，\n按下動作鍵加速。	Geri sayım bittiğinde hız artışı\niçin Aksiyon Düğmesine basın.	Appuyer sur le bouton d'action\nà la fin du compte à rebours\nconfère un boost de vitesse.
skill_rocket_start_description1	Fills the Soul Gauge when\nperforming a successful Rocket Start.		ロケットスタートが成功時に\nソウルゲージが上昇する	Llena la Barra de Almas si realizas\nuna Salida Cohete exitosa.	Заполняет шкалу души при успешном выполнении навыка """Стартовый разгон 1""".	Füllt die Soul Gauge beim\nerfolgreichem Raketen-Start auf.	Riempie la Barra dell'Anima quando\nfai un Inizio a Razzo con successo 	Fyller Själsmätaren när\ndu utför en lyckad Raketstart.	Enche a Barra Espiritual\nao realizar uma Largada Foguete.	Llena el Medidor de almas\nal realizar exitosamente un Inicio cohete.	Ładuje Pasek Dusz przy poprawnym wykonaniu Rakietowego Startu.	火箭起步成功時，增加魂力量表。	Başarılı bir Roket Başlangıcı gerçekleştirildiğinde\nRuh Göstergesini doldurur.	Remplit la Jauge d'Âme lors d'un Départ Fusée réussi.
skill_down_cancel	Down Cancel		ダウンキャンセル	Antiderribos	Восстановление при уроне	Knockdown Abbruch	Infermabile	Ned Avbryt	Retomada	Cancelable	Anulowanie Powalenia	受身	Aşağı İptal	Annulation Bas
skill_down_cancel_description	Press the Jump Button when\ntaking damage to cancel knockdown.		ダメージ中にジャンプボタンを押すことで\nダメージ体勢をキャンセルする。	Pulsa el Botón de Salto para\nevitar salir despedido al recibir daños.	Нажмите кнопку прыжка при получении урона,\nи вы восстановите своё положение.	Drücke die Sprungtaste, wenn man Schaden nimmt, um den Rückstoß zu umgehen.	Premi il Tasto di Salto quando\nprendi danno per cancellare l'atterramento.	Tryck på Hoppknappen när du\ntar skada för att avbryta nedslagningen.	Aperte o Botão de Pulo ao sofrer\ndano para não ser derrubado.	Al presionar el botón de salto mientras\nrecibes daño, se cancela la postura de daño.	Gdy odniesiesz obrażenia, naciśnij\nPrzycisk Skoku, aby Anulować Powalenie.	受傷時按下跳躍鍵可以取消受傷硬直時間。	Hasar aldığında devrilmeyi iptal\netmek için Zıplama Düğmesine bas.	Appuyer sur le bouton saut lors de dégâts\npermet de se remettre directement debout.
skill_fire_soul_lockon	Fire Lock-On		ファイヤーロックオン	Fijado Ígneo	Наведение на огонь	Feuer-Zielschuss	Aggancio di Fuoco	Eldlåsning	Trava Ardente	Fijado al fuego	Ogniste Namierzanie	火焰追蹤	Ateş Kilitlenme	Visée Ardente
skill_fire_soul_lockon_description	Allows Homing Attacks\nto target Fire Souls.		ファイヤーソウルをロックオンしホーミング\nアタックできるようになる。	Permite al Ataque Teledirigido fijar\nAlmas Ígneas como objetivo.	Вы сможете наводиться на Души огня\nи брать их Самонаводящейся атакой.	Erlaubt das Anvisieren von Feuerseelen für Homing Attacks.	Permette Attacchi a Ricerca\nalle Anime Infuocate.	Tillåter Målsökande Attacker\natt rikta in sig på Eldsjälar.	Permite realizar Ataques\nDirecionados em Almas de Fogo.	Permite fijar como objetivo de un\nAtaque teledirigido las Almas de fuego.	Pozwala Atakom Naprowadzającym\nnamierzać Ogniste Dusze.	對焰魂使用追蹤攻擊。	Ateş Ruhları hedeflerine\nGüdümlü Saldırı yapılabilir.	Permet aux Attaques Téléguidées\nde viser des Âmes de Feu.
skill_splash_jump	Splash Jump		スプラッシュジャンプ	Salto de Respaldo	Прыжок при столкновении	Splash Jump	Salto Sguazzante	Stänkhopp	Pulo Suplementar	Salto parkour	Skok Rozpryskowy	噴濺跳躍	Çırpınma Zıplama	Saut d'Éclaboussure
skill_splash_jump_description	Provides an extra jump when\nJump Dashing into an obstacle.		空中で障害物に接触すると\nジャンプする	Obtén un salto extra al realizar un\nAcelerón Aéreo contra un obstáculo.	Позволяет подпрыгнуть при столкновении\nс препятствием в воздухе.	Verleiht einen Wandsprung, wenn man einen Jump Dash gegen eine Wand ausführt.	Fornisce un salto aggiuntivo quando\nesegui un Salto a Scatto ad un ostacolo.	Ger ett extra hopp när\ndu gör en Hopprusning in i ett hinder.	Obtenha um pulo extra ao realizar\numa Investida contra um obstáculo.	Si chocas con un obstáculo al usar el Arranque en salto, saltarás.	Zapewnia dodatkowy skok podczas wykonywania\nSkoku Pędowego w przeszkodę.	跳躍衝刺接觸障礙物時能再跳躍。	Engele doğru Zıplama Atılmada\nekstra sıçrama sağlar.	Donne un saut supplémentaire\nquand un Saut Sprint rencontre un obstacle.
skill_drift_exp	Expert Drift		エキスパートドリフト	Derrape Experto	Экспертный дрифт	Expertendrift	Derapata Esperta	Expertdrift	Derrapagem de Especialista	Derrape experto	Drift Eksperta	專家甩尾	Uzman Yanlama	Dérapage Expert
skill_drift_exp_description	Increases EXP during a Drift, but requires pressing the Action Button with good timing.		ドリフト中にEXPが増加するがタイミングよく\nアクションボタンを押す必要がある。	Derrapa pulsando Acción Especial en el momento justo y obtén más EXP.	При вхождении в резкий поворот\nвы заработаете очки опыта.	Erhöht EP beim Driften, aber verlangt Timing mittels Action-Knopf.	Aumenta i PE durante una derapata, ma richiede di premere il Tasto d'Azione al tempismo giusto.	Ökar EXP under en Drift, men kräver att man trycker på Åtgärdsknappen med god timing.	Aumenta a Experiência ganha por Derrapagem,\nmas requer pressionar o Botão de Ação no momento certo.	La EXP aumenta al derrapar, pero debes presionar\nel botón de acción en el momento adecuado.	Zwiększa PD podczas driftu, ale wymaga\nnaciśnięcia Przycisku Akcji tuż przy końcu skrętu.	在甩尾時獲得EXP，但需要在正確時間點按下動作鍵。	Yanlama sırasında EXP'yi artırır, ancak Aksiyon Düğmesine iyi bir zamanda basılmasını gerektirir.	L'EXP augmente lors d'un dérapage\nsi le bouton d'action est appuyé au bon moment.
skill_rank_preview	Rank Preview		ランク プレビュー	Rango Visible	Отображение ранга	Rang-Vorschau	Anteprima del Rango	Förhandsgranskning av Rangordning	Prévia de Rank	Vista previa del rango	Podgląd Rangi	評價預覽	Rütbe Önizlemesi	Aperçu du Rang
skill_rank_preview_description	Displays the current rank during gameplay.		ゲーム時に順位が表示されます。	Se muestra tu rango actual mientras juegas.	Отображает текущий ранг во время игры.	Zeigt jetzigen Rang während Gameplay an.	Visualizza il rango corrente durante il livello.	Visar aktuell rang under spelets gång.	Mostra o rank atual durante o jogo.	Tu rango se mostrará durante el juego.	Wyświetla bieżącą rangę podczas rozgrywki.	在遊玩時顯示目前的評價順位。	Oyun sırasında mevcut rütbeyi gösterir.	Affiche le Rang pendant la partie.
skill_perfect_homing_attack	Perfect Homing Attack		パーフェクトストライク	Ataque Teledirigido Preciso	Идеальная Самонаводящаяся атака	Perfekte Homing Attack	Attacco a Ricerca Perfetto	Perfekt Målsökande Attack	Ataque Direcionado Perfeito	Ataque teledirigido perfecto	Perfekcyjny Atak Naprowadzający	完美追蹤攻擊	Kusursuz Güdümlü Saldırı	Attaque Téléguidée Parfaite
skill_perfect_homing_attack_description	Increases attack power when\nperforming a well-timed Homing Attack.		タイミングよくホーミングアタックを\n行った時の攻撃力が増加する。	Inflinge mayor daño al realizar un\nAtaque Teledirigido en el momento justo.	Сила атаки увеличится, если сделать\nСамонаводящуюся атаку в нужный момент.	Erhöht Angriffskraft mittels Homing Attack mit guten Timing.	Aumenta il potere d'attacco quando\nesegui un Attacco a Ricerca al tempismo giusto.	Ökar attackkraften vid utförande\nav en vältajmad Målsökande Attack.	Causa mais dano ao realizar um\nAtaque Direcionado no tempo certo.	Aumenta el poder de ataque al realizar un\nAtaque teledirigido en el momento adecuado.	Zwiększa siłę ataku podczas dobrze\nwyczutego Ataku Naprowadzającego.	在正確時間點進行的追蹤攻擊追加攻擊力。	İyi zamanlanmış bir Güdümlü Saldırı\ngerçekleştirildiğinde saldırı gücünü artırır.	Augmente la puissance d'attaque\nsiréalisée au bon moment.
skill_grounded_homing_attack	Grounded Homing Attack		グラウンデッドホーミングアタック	Ataque Teledirigido Terrestre	Самонаводящаяся атака с земли	Sprunglose Homing Attack	Attacco a Ricerca Terreno	Grundad Målsökande Attack	Ataque Direcionado Terreno	Ataque teledirigido terrestre	Uziemiony Atak Naprowadzający	地面追蹤攻擊	Yere Bağlı Güdümlü Saldırı	Attaque Téléguidée Terrestre
skill_grounded_homing_attack_description	Allows starting a Homing Attack when on the ground.		地上にいる時に\nホーミングアタックをできる。	Permite realizar un Ataque Teledirigido desde el suelo.	Позволяет делать Самонаводящуюся атаку,\nнаходясь на земле.	Erlaubt vom Boden aus eine Homing Attack zu starten.	Permette di iniziare un Attacco a Ricerca mentre sei a terra.	Tillåter att starta en Målsökande Attack när du är på marken.	Permite iniciar um Ataque Direcionado do chão.	Puedes realizar el Ataque teledirigido estando en tierra.	Pozwala na wykonanie\nAtaku Naprowadzającego na ziemi.	讓追蹤攻擊也能在站立於地面上時使用。	Yerdeyken Güdümlü Saldırı yapmana izin verir.	Permet de réaliser une\nAttaque Téléguidée depuis le sol.
skill_air_boost	Air Boost		エアブースト	Impulso Aéreo	Ускорение в воздухе	Air Boost	Spinta Aerea	Luftboost	Impulso Aéreo	Impulso aéreo	Powietrzny Pęd	空中衝刺	Hava Desteği	Boost Aérien
skill_air_boost_description	Allows performing a Speed Break in the air.		空にいる時に\nスピードブレイクをできる。	Permite realizar un Impulso en el aire.	Позволяет выполнить """Ускорение""" в воздухе.	Erlaubt es Speed Break in der Luft zu aktivieren.	Permette di usare la Rottura della Velocità in aria.	Möjliggör att utföra en Hastighetsbrytning i luften.	Permite realizar um Impulso Veloz no ar.	Puedes realizar un Speed Break en el aire.	Pozwala na wykonanie Zrywu Pędu w powietrzu.	讓速度突破也能在置空時使用。	Havada hız kesme manevrası yapılmasına olanak tanır.	Permet de réaliser un Speed Break\ndans les airs.
skill_instant_speed_break	Insta-Break		インスタブレイク	Impulso Instantáneo	Мгновенный порыв	Insta-Break	Rotture Fulminea	Insta-Brytning	Impulso Instantâneo	"""Break""" inmediato	Natychmiastowy Zryw	快速突破	Anında Ara	Break Instantané
skill_instant_speed_break_description	Reduces startup on Speed Break.		スピードブレイク\n起動時を削減する。	Disminuye el tiempo de pausa\nal realizar un impulso.	Сокращает время запуска """Ускорения""".	Reduziert die Start-Animation für Speed Break.	Riduce il tempo d'inizio della Rottura della Velocità.	Minskar uppstart vid Hastighetsbrytning.	Reduz o tempo de ativação do Impulso Veloz.	Disminuye el tiempo de activación\ndel Speed Break.	Zmniejsza czas wystartowania Zrywu Pędu.	縮短速度突破的發動時間。	Hız kesme anında kalkış süresini azaltır.	Réduit la durée de lancement\nde Speed Break.
skill_quick_step	Quick Step		クイックステップ	Paso Rápido	Шаг в сторону	Quick Step	Passo Rapido	Kvicksteg	Deslocamento Rápido	Paso rápido	Szybki Krok	快速跨步	Çabuk Adım	Pas Rapide
skill_quick_step_description	Press the Step Buttons when running to step sideways.		走り中にステップボタンを押すと\n横にステップします。	Pulsa los botones traseros en carrera para realizar un movimiento lateral.	Нажимайте кнопки """Шаг в сторону""", чтобы быстро\nперемещаться влево и вправо во время бега.	Drücke die Step-Knöpfe während man rennt, um einen Schnellschritt auszuführen.	Premi i Pulsanti di Passo quando corri per fare un passo laterale.	Tryck på Stegknapparna när du springer för att ta ett steg i sidled.	Pressione os botões de Esquiva enquanto\ncorre para realizar um Deslocamento Rápido.	Presiona los botones de paso mientras corres\npara dar un paso rápido.	Wciśnij Przyciski Kroku podczas biegu\nby wykonać Szybki Krok.	跑步時按下跨步鍵可以快速跨到兩側。	Çabuk Adım gerçekleştirmek için koşarken Adım Düğmelerine bas.	Appuyer sur les Boutons de Pas en course\npermet de se déplacer sur les côtés.
skill_quick_step1	Quick Slide		クイックスライド	Deslizamiento Lateral	Скольжение вбок	Quick Slide	Scivolamento Veloce	Snabbglidning	Deslizamento Rápido	Deslizamiento rápido	Szybki Wślizg	快速滑行	Hızlı Kayma	Glissade Rapide
skill_quick_step_description1	Press and hold the Step Buttons when running to slide sideways.		走っている時にステップボタンを押すと\n横にスライドします。	Presiona y mantén un botón de Paso Rápido para deslizarte lateralmente.	Нажмите и удерживайте кнопки """Скольжение вбок""" во время бега, чтобы скользить вбок.	Drücke und halte die Step-Knöpfe während man rennt, um seitwärts zu rutschen.	Tieni premuto i Pulsanti di Passo mentre corri per scivolare lateralmente. 	Tryck och håll ner Stegknapparna när du springer för att glida i sidled.	Segure os botões de Esquiva enquanto \ncorre para deslizar lateralmente	Presiona y mantén los botones de Paso\npara deslizarte lateralmente.	Wciśnij i przytrzymaj Przyciski Kroku\npodczas biegania aby ślizgać się na boki.	跑步時按住跨步鍵可以快速滑到兩側。	Koşarken yana doğru kaymak için Adım Düğmelerine basılı tut.	Appuyer et maintenir les Boutons de Pas\npermet de glisser sur les côtés.
skill_light_speed_dash	Light Speed Dash		ライトスピードダッシュ	Acelerón de Anillos	Световой рывок	Light Speed Dash	Slancio alla Velocità della Luce	Ljushastighetsrusning	Arrancada Suave	Arranque a velocidad luz	Pęd Prędkości Światła	光速衝刺	Işık Hızı Atılma	Saut Lumière
skill_light_speed_dash_description	Press the Light Dash Button when\nnear Rings to travel along them.		リングの近くにライトダッシュボタンを\n押すことでリングに沿って移動する。	Pulsa el botón del Acelerón de Anillos para viajar sobre una hilera de Anillos.	Нажимайте кнопку """Световой рывок""" и вы сможете\nдвигаться со скоростью света по дорожкам\nиз колец.	Drücke den Light Dash-Knopf in der Nähe von Ringen, um an ihnen entlang zu fliegen.	Premi il Pulsante Slancio della Luce quando\nsei vicino a degli anelli per viaggiare tra di essi.	Tryck på Ljusrusningsknappen när du är\nnära ringar för att färdas längs dem.	Pressione o botão de Arrancada Suave próximo\na anéis para viajar sobre eles.	Presiona el botón del Arranque luz cerca de\nuna hilera de Anillos para viajar por ellos.	Wciśnij przycisk Pędu Pręd. Światła gdy jesteś\nblisko pierścieni, by przemierzyć się wzdłuż nich.	在接近金環時按下光速衝刺鍵可以隨著金環穿梭。	Halkaların yakınındayken Işık Hızı Düğmesine\nbasarak halkalar boyunca ilerleyin.	Appuyer sur le bouton Saut Lumière\nà proximité des Anneaux permet\nde se déplacer le long de ceux-ci.
skill_light_speed_attack	Light Speed Attack		ライトスピードアタック	Ataque Fugaz	Световая атака	Light Speed Attack	Attacco alla Velocità della Luce	Ljushastighetsattack	Ataque Fugaz	Ataque a velocidad luz	Atak Prędkości Światła	光速攻擊	Işık Hızı Saldırı	Attaque Vitesse Lumière
skill_light_speed_attack_description	Hold the Attack button during a Homing Attack to attack multiple enemies quickly.		ホーミングアタック時にアタックボタンを押し\n続けると敵を早く攻撃する。	Mantén el botón de Salto para atacar a varios enemigos rápidamente.	Удерживайте кнопку атаки во время\nCамонаводящейся атаки, чтобы уничтожить\nмножество врагов со скоростью света.	Halte die Sprung-Taste während einer Homing Attack gedrückt, um mehrere Gegner auf einmal anzugreifen.	Tieni premuto il Tasto di Salto durante un'attacco a ricerca per attaccare multipli nemici velocemente.	Håll Attackknappen intryckt under en Målsökande Attack för att attackera flera fiender snabbt.	Segure o Botão de Ataque durante um Ataque Direcionado\npara atacar vários inimigos rapidamente.	Mantener presionado el botón de salto durante un ataque teledirigido\npermite golpear a los enemigos más rápidamente.	Trzymaj przycisk Skoku podczas Ataku Naprowadzającego\nby szybko zaatakować kilku przeciwników.	在進行追蹤攻擊時按下跳躍鍵可以快速攻擊多數敵人。	Bir sürü düşmana hızlıca saldırmak için Hedefe Yönelik Saldırı sırasında Zıplama düğmesini basılı tut.	Maintenir le bouton d'attaque pendant\nune AttaqueTéléguidé permet d'attaquer\nplusieurs ennemis rapidement.
skill_crest_wind	Crest of Wind		クレストオブウィンド	Cresta del Viento	Герб ветра	Wappen des Windes	Cresta del Vento	Vapen av Vind	Crista do Vento	Cresta de viento	Szczyt Wiatru	風之徽章	Rüzgarın Zirvesi	Crête de Vent
skill_crest_wind_description	Consumes rings to provide a speed boost when running at full speed.		全速力で走る時にリングを消費して\n最高速度の上限が上昇する。	Desbloquea el poder del Viento al\nequipar 10 o más abilidades de Viento.	Расходует кольца, обеспечивая ускорение\nпри беге на полной скорости.	Reduziert Ringe im Austausch für einen Geschwindigkeitsschub bei maximaler Geschwindkeit.	Consuma anelli per dare un aumento di velocità quando sei a velocità massima.	Förbrukar ringar för att ge en hastighetsökning när du springer i full fart.	Consome anéis para receber um impulso\nao correr na velocidade máxima.	Gasta anillos para aumentar el límite de\nvelocidad al correr a toda velocidad.	Konsumuje pierścienie, aby dostarczyć przyśpieszenie\npodczas biegania z maks. prędkością.	全速奔跑時消耗金環以獲得加速效果。	10 Rüzgar tabanlı beceriyi kuşanırsan\nRüzgar gücünü açarsın.	Consomme des Anneaux pour\ndonner un boost de vitesse à la vitesse maximale.
skill_crest_fire	Crest of Fire		クレストオブフャイヤー	Cresta Ígnea	Герб огня	Wappen des Feuers	Cresta del Fuoco	Vapen av Eld	Crista do Fogo	Cresta de fuego	Szczyt Ognia	焰之徽章	Ateşin Zirvesi	Crête de Feu
skill_crest_fire_description	Creates a large explosion when performing a homing attack on enemies.		敵にホーミングアタック時に\n大きい爆発を引き起こす。	Desbloquea el poder del Fuego al\nequipar 6 o más abilidades de Fuego.	Создаёт большой взрыв при\nСамонаводящейся атаке по врагам.	Erzeugt große Explosionen während man eine Homing Attack auf Gegnern ausführt.	Crea una grande esplosione quando usi il tuo Attacco a Ricerca sui nemici.	Skapar en stor explosion vid utförande av en Målsökande Attack mot fiender.	Cria uma grande explosão ao acertar um inimigo\ncom o Ataque Direcionado.	El ataque teledirigido provoca una\ngran explosión sobre el enemigo.	Tworzy wielką eksplozję podczas wykonywania\nAtaku Naprowadzającego na przeciwnikach.	對敵人使用追蹤攻擊時追加大爆炸效果。	6 Ateş tabanlı beceriyi kuşanırsan\nAteş gücünü açarsın.	Provoque une large explosion\nlors d'une Attaque Téléguidée sur un ennemi.
skill_crest_dark	Crest of Darkness		クレストオブダーク	Cresta Sombría	Герб тьмы	Wappen der Finsternis	Cresta delle Tenebre	Vapen av Mörker	Crista da Escuridão	Cresta sombría	Szczyt Mroku	闇之徽章	Karanlığın Zirvesi	Crête de Ténèbres
skill_crest_dark_description	Increases the Soul Gauge when running at full speed and increases defense when it is charged.		全速力で走る時にソウルゲージが上昇する。\nチャージされている時に防衛力が追加される。	Desbloquea el poder de la Oscuridad al\nequipar 8 o más habilidades Oscuras.	Увеличивает шкалу души при беге на полной\nскорости и повышает защиту при зарядке.	Erhöht die Soul Gauge bei maximaler Geschwindkeit und erhöht Verteidigung sobald diese aufgeladen ist.	Aumenta la Barra dell'Anima quando sei a velocità massima\ne aumenta la difesa quando è carico.	Ökar Själsmätaren när du springer i full fart och ökar försvaret när den är laddad.	Enche a Barra Espiritual ao alcançar a velocidade\nmáxima e aumenta a defesa quando ela estiver carregada.	El medidor de almas aumenta cuando corres a toda\nvelocidad. La defensa aumenta cuando está cargado.	Zwiększa Pasek Dusz podczas biegania z maks. prędkościa,\noraz zwiększa obronę gdy jest naładowany.	全速奔跑時恢復魂力量表，並在充滿時追加防禦力。	8 Karanlık tabanlı beceriyi kuşanırsan\nKaranlık gücünü açarsın.	Augmente la Jauge d'Âme lorsque\nla vitesse maximale est atteinte, et augmente\nla défense si elle est chargée.
skill_darkspine	Darkspine		ダークスパインソニック	Sombraespín	Даркспайн	Darkspine	Darkspine	Darkspine	Darkspine	Espinoscuro	Darkspine	闇刺	Karadiken	Darkspine
skill_darkspine_description	Increase the Soul Gauge at will.		ソウルゲージを自由に増やす。	Puedes llenar la Barra de Almas\na voluntad.	Увеличивает шкалу души по мере необходимости.	Erhöht die Soul Gauge nach Belieben.	Aumenta la Barra dell'Anima a volontà.	Öka Själsmätaren efter behag.	Enche a Barra Espiritual à vontade.	Aumenta el Medidor de almas a voluntad.	Naładuj Pasek Dusz kiedy chcesz.	自由增加魂力量表。	Ruh Göstergesini istediğin gibi artır.	Augmente la Jauge d'Âme à volonté.
skill_character	Character Mods		MOD　キャラ	Mods de Personaje	Моды на персонажей	Mod-Charaktere	Mod dei Personaggi	Modifierade Karaktärer	Mods de Personagens	Mods de personajes	Zmodyfikowane Postacie	角色模組	Modlanmış Karakterler.	Mods de Personnage
skill_character_description	Community made character mods.		プレイヤー作ったキャラクターMOD。	Personajes creados por la comunidad.	Персонажи, созданные сообществом.	Von der Community erstellte Charakter-Mods	mod dei personaggi fatti dalla comunità.	Communityskapade karaktärsmoddar.	Mods de personagens feitos pela comunidade.	Mods de personajes creados por la comunidad.	Modyfikacje postaci stworzone przez społeczność.	玩家自製角色模組	Topluluğun yaptığı karakter modları.	Mods créés par la communauté.
skill_custom_character_description	Play as [CHARACTER].		[CHARACTER]としてプレイします。	Juega con [CHARACTER].	Играть за [CHARACTER].	Spiele als [CHARACTER].	Gioca come [CHARACTER].	Spela som [CHARACTER].	Jogar como [CHARACTER]	Jugar con [CHARACTER].	Graj jako [CHARACTER].	成為 [CHARACTER] 開始遊玩。	[CHARACTER] olarak oyna.	Jouer en tant que [CHARACTER].
														
														
bonus_ring	Ring Bonus		リング　ボーナス	Bonificación por Anillos	Бонус за кольца	Ring-Bonus	Bonus Anelli	Ringbonus	Bônus de Anel	Bonus por Anillos	Bonus Pierścieni	金環獎勵	Yüzük Bonusu	Bonus de Ring
bonus_enemy	Enemy Bonus		マジン　ボーナス	Bonificación por Enemigos	Бонус за врагов	Gegner-Bonus	Bonus Nemici	Fiendebonus	Bônus de Inimigo	Bonus por Enemigos	Bonus Przeciwników	敵人獎勵	Düşman Bonusu	Bonus ennemi
bonus_drift	Drift Bonus		ドリフト　ボーナス	Bonificación por Derrape	Бонус за дрифт	Drift-Bonus	Bonus Derapata	Driftbonus	Bônus de Derrapagem	Bonus por derrapes	Bonus Driftu	甩尾獎勵	Kayma Bonusu	Bonus de dérapage
bonus_grindstep	Grind Step Bonus		ステップ　ボーナス	Bonificación por Aterrizaje en Raíl	Бонус за скольжение	Grind Step-Bonus	Bonus Corsa sulla Ringhiera	Glidstegsbonus	Bônus de Troca de Trilho	Bonus por cambio de riel	Bonus Kroku Szynowego	換軌獎勵	Ray Adımı Bonusu	Bonus de changement de rail
bonus_grind_shuffle	Grind Shuffle Bonus		シャッフル　ボーナス	Bonificación por Truco en Raíl	Бонус за комбо скольжение	Grind Shuffle-Bonus	Bonus Azione su Ringhiera	Glidblandningsbonus	Bônus de Manobra em Trilho	Bonus por trucos en riel	Bonus Przeplatanki Szynowej	踏軌加速獎勵	Ray Karışık Hareket Bonusu	Bonus de figures sur rail
bonus_exp	EXP Bonus		EXP　ボーナス	Bonificación de EXP	Бонус за опыт	EP-Bonus	Bonus PE	EXP Bonus	Bônus de EXP	Bonus de EXP	Bonus PD	EXP獎勵	EXP Bonusu	Bonus de EXP
														
spb_brackets	[DATA]		【DATA】	[DATA]	[ДАННЫЕ]	[DATA]	[DATA]	[DATA]	[DATA]	[DATA]	[DANE]	[DATA]	[VERİ]	[DATA]
spb_chapter	Chapter		チャプター	Capítulo	Глава	Kapitel	Capitolo	Kapitel	Capítulo	Capítulo	Rozdział	章節	Bölüm	Chapitre
spb_chapter_history	HISTORY		ヒストリー	HISTORIA	ИСТОРИЯ	GESCHICHTE	STORIA	HISTORIA	HISTÓRIA	HISTORIA	HISTORIA	歷史	TARİH	HISTOIRE
spb_chapter_illust	ILLUSTRATIONS		イラスト	ILUSTRACIONES	ИЛЛЮСТРАЦИИ	ILLUSTRATIONEN	ILLUSTRAZIONI	ILLUSTRATIONER	ILUSTRAÇÕES	ILUSTRACIONES	ILLUSTRACJE	插畫	RESİMLER	ILLUSTRATIONS
spb_chapter_movie	MOVIE		ムービー	ESCENAS	КАТСЦЕНЫ	FILME	FILMATI	FILM	CENAS	CINEMÁTICAS	SCENY	電影	FİLM	FILM
spb_chapter_dev	DEVELOPER MATERIAL		開発資料	DESARROLLO DEL JUEGO	ДОКУМЕНТЫ ПО РАЗРАБОТКЕ	ENTWICKLERMATERIAL	MATERIALE DEGLI SVILUPPATORI	UTVECKLARENS MATERIAL	MATERIAL DE DESENVOLVIMENTO	MATERIALES DEL DESARROLLO	MATERIAŁ DEWELOPERSKI	開發資料	GELİŞTİRİCİ MATERYAL	MATÉRIEL DE DÉVELOPPEMENT
spb_chapter_music	BGM		BGM	MÚSICA	МУЗЫКА	SOUND TEST	MUSICA DI SOTTOFONDO	BAKGRUNDSMUSIK	MÚSICA	MÚSICA DE FONDO	MUZYKA W TLE	BGM	APM	MUSIQUE D'AMBIANCE
spb_chapter_rank	ACHIEVEMENTS		ランクネーム	LOGROS	ДОСТИЖЕНИЯ	ERRUNGENSCHAFTEN	RISULTATI	PRESTATIONER	CONQUISTAS	LOGROS	OSIĄGNIĘCIA	成就	BAŞARIMLAR	ACCOMPLISSEMENTS
spb_chapter_diary	BIG'S TRAVEL DIARY		ビッグの旅日記	DIARIO DE VIAJE DE BIG	ДНЕВНИК ПУТЕШЕСТВИЙ КОТА БИГА	BIGS REISETAGEBUCH	DIARIO DI VIAGGIO DI BIG	BIG'S RESEDAGBOK	DIÁRIO DE VIAGEM DO BIG	DIARIO DE VIAJE DE BIG	PAMIĘTNIK Z PODRÓŻY BIG'A	比谷的旅行日誌	BIG'İN SEYAHAT GÜNLÜĞÜ	JOURNAL DE VOYAGE DE BIG
														
spb_hint_complete	Complete [AREA] Mission [NUMBER]...		[AREA]ミッション[NUMBER]をクリアする...	Supera la Misión [NUMBER] del [AREA]...	Пройдите [AREA] в миссии [NUMBER]...	Absolviere [AREA] Mission [NUMBER]...	Completa la Missione [NUMBER] in [AREA]...	Slutför [AREA] Uppdrag [NUMBER]...	Conclua a Missão [NUMBER] de [AREA]...	Completa la misión [NUMBER] de [AREA]...	Ukończ [AREA] Misję [NUMBER]...	完成 [AREA] 第 [NUMBER] 任務…	[AREA] [NUMBER] Tamamla...	
spb_hint_silver	Get [NUMBER] Silver Medals...		[NUMBER]個の銀メダルを集めて...	Consigue [NUMBER] Medallas de Plata...	Соберите [NUMBER] серебряных медалей...	Hol dir [NUMBER] Silbermedaillen...	Ottieni [NUMBER] Medaglie d'Argento...	Få [NUMBER] silvermedaljer...	Consiga [NUMBER] Medalhas de Prata...	Obtén [NUMBER] Medallas plateadas...	Zdobądż [NUMBER] Srebrnych Medali...	獲得 [NUMBER] 銀牌…	[NUMBER] Gümüş Madalya Kazan...	
spb_hint_gold	Complete [AREA]\nMission [NUMBER] with a Gold Medal...		[AREA]ミッション[NUMBER]を金メダルでクリアする...	Obtén una Medalla de Oro en la Misión [NUMBER] del [AREA]...	Пройдите [AREA] в миссии [NUMBER],\nчтобы получить золотые медали...	Absolviere [AREA]\nMission [NUMBER] mit einer Goldmedaille...	Ottieni una Medaglia d'Oro\nnella Missione [NUMBER] in [AREA]...	Slutför [AREA]\nUppdrag [NUMBER] med en Guldmedalj...	Conclua a Missão [NUMBER]\nde [AREA] com uma Medalha de Ouro...	Completa la misión [NUMBER] de [AREA]\ncon una Medalla dorada...	Ukończ [AREA]\nMisję [NUMBER] ze Złotym Medalem...	以金牌的成績完成 [AREA] 第 [NUMBER] 任務…	[AREA]\n[NUMBER]'i Altın Madalya ile tamamla...	
spb_hint_all_gold	Complete All Missions in\n[AREA] with a Gold Medal...		[AREA]の全ミッションを金メダルでクリアする...	Supera todas las Misiones del [AREA] con una Medalla de Oro...	Пройдите все миссии [AREA],\nчтобы получить золотые медали...	Absolviere alle Missionen in\n[AREA] mit Goldmedaillen...	Ottieni una Medaglia d'Oro in\ntutte le Missioni in [AREA]...	Slutför Alla Uppdrag i\n[AREA] med en Guldmedalj...	Complete todas as missões em\n[AREA] com Medalhas de Ouro...	Completa todas las misiones de [AREA]\ncon una Medalla dorada...	Ukończ Wszystkie Misje\nw [AREA] ze Złotym Medalem...	以金牌的成績完成 [AREA] 所有任務…	[AREA] tüm\nGörevleri Altın Madalya ile tamamla...	
spb_hint_big	Hidden somewhere in [AREA] Mission [NUMBER]...		[AREA]ミッション[NUMBER]のどこかに隠されている…	Escondido en alguna parte de la Misión [NUMBER] de [AREA]	Найдите Бига в мире [AREA] на миссии [NUMBER]...	Irgendwo in [AREA] Mission [NUMBER] versteckt...	Nascosto da qualche parte in [AREA] missione [NUMBER]...	Gömd någonstans i [AREA] Uppdrag [NUMBER]...	Escondido em algum lugar na Missão [NUMBER] de [AREA]...	Oculta en alguna parte de\nla misión [NUMBER] de [AREA]...	Ukryte gdzieś w [AREA] Misji [Number]...	隱藏在 [AREA] 第 [NUMBER] 任務…	[AREA] Görev [NUMBER]'nın bir yerinde saklı...	
														
spb_bgm	BGM		BGM	Banda Sonora	Музыка	BGM	Musica di Sottofondo	BAKGRUNDSMUSIK	Música	MÚSICA DE FONDO	Muzyka w Tle	BGM	APM	Musique d'ambiance
														
spb_title_ch1_1	History of Sonic - 1991		ソニックの歴史　１９９１年	Historia de Sonic - 1991	История Соника. 1991 год	Sonics Geschichte - 1991	Storia di Sonic - 1991	Sonics historia - 1991	História do Sonic - 1991	Historia de Sonic - 1991	Historia Sonica - 1991	索尼克的歷史 — 1991	Sonic'in Tarihi - 1991	
spb_title_ch1_2	History of Sonic - 1992		ソニックの歴史　１９９２年	Historia de Sonic - 1992	История Соника. 1992 год	Sonics Geschichte - 1992	Storia di Sonic - 1992	Sonics historia - 1992	História do Sonic - 1992	Historia de Sonic - 1992	Historia Sonica - 1992	索尼克的歷史 — 1992	Sonic'in Tarihi - 1992	
spb_title_ch1_3	History of Sonic - 1993		ソニックの歴史　１９９３年	Historia de Sonic - 1993	История Соника. 1993 год	Sonics Geschichte - 1993	Storia di Sonic - 1993	Sonics historia - 1993	História do Sonic - 1993	Historia de Sonic - 1993	Historia Sonica - 1993	索尼克的歷史 — 1993	Sonic'in Tarihi - 1993	
spb_title_ch1_4	History of Sonic - 1994		ソニックの歴史　１９９４年	Historia de Sonic - 1994	История Соника. 1994 год	Sonics Geschichte - 1994	Storia di Sonic - 1994	Sonics historia - 1994	História do Sonic - 1994	Historia de Sonic - 1994	Historia Sonica - 1994	索尼克的歷史 — 1994	Sonic'in Tarihi - 1994	
spb_title_ch1_5	History of Sonic - 1995		ソニックの歴史　１９９５年	Historia de Sonic - 1995	История Соника. 1995 год	Sonics Geschichte - 1995	Storia di Sonic - 1995	Sonics historia - 1995	História do Sonic - 1995	Historia de Sonic - 1995	Historia Sonica - 1995	索尼克的歷史 — 1995	Sonic'in Tarihi - 1995	
spb_title_ch1_6	History of Sonic - 1996		ソニックの歴史　１９９６年	Historia de Sonic - 1996	История Соника. 1996 год	Sonics Geschichte - 1996	Storia di Sonic - 1996	Sonics historia - 1996	História do Sonic - 1996	Historia de Sonic - 1996	Historia Sonica - 1996	索尼克的歷史 — 1996	Sonic'in Tarihi - 1996	
spb_title_ch1_7	History of Sonic - 1997		ソニックの歴史　１９９７年	Historia de Sonic - 1997	История Соника. 1997 год	Sonics Geschichte - 1997	Storia di Sonic - 1997	Sonics historia - 1997	História do Sonic - 1997	Historia de Sonic - 1997	Historia Sonica - 1997	索尼克的歷史 — 1997	Sonic'in Tarihi - 1997	
spb_title_ch1_8	History of Sonic - 1998		ソニックの歴史　１９９８年	Historia de Sonic - 1998	История Соника. 1998 год	Sonics Geschichte - 1998	Storia di Sonic - 1998	Sonics historia - 1998	História do Sonic - 1998	Historia de Sonic - 1998	Historia Sonica - 1998	索尼克的歷史 — 1998	Sonic'in Tarihi - 1998	
spb_title_ch1_9	History of Sonic - 1999		ソニックの歴史　１９９９年	Historia de Sonic - 1999	История Соника. 1999 год	Sonics Geschichte - 1999	Storia di Sonic - 1999	Sonics historia - 1999	História do Sonic - 1999	Historia de Sonic - 1999	Historia Sonica - 1999	索尼克的歷史 — 1999	Sonic'in Tarihi - 1999	
spb_title_ch1_10	History of Sonic - 2000		ソニックの歴史　２０００年	Historia de Sonic - 2000	История Соника. 2000 год	Sonics Geschichte - 2000	Storia di Sonic - 2000	Sonics historia - 2000	História do Sonic - 2000	Historia de Sonic - 2000	Historia Sonica - 2000	索尼克的歷史 — 2000	Sonic'in Tarihi - 2000	
spb_title_ch1_11	History of Sonic - 2001		ソニックの歴史　２００１年	Historia de Sonic - 2001	История Соника. 2001 год	Sonics Geschichte - 2001	Storia di Sonic - 2001	Sonics historia - 2001	História do Sonic - 2001	Historia de Sonic - 2001	Historia Sonica - 2001	索尼克的歷史 — 2001	Sonic'in Tarihi - 2001	
spb_title_ch1_12	History of Sonic - 2002		ソニックの歴史　２００２年	Historia de Sonic - 2002	История Соника. 2002 год	Sonics Geschichte - 2002	Storia di Sonic - 2002	Sonics historia - 2002	História do Sonic - 2002	Historia de Sonic - 2002	Historia Sonica - 2002	索尼克的歷史 — 2002	Sonic'in Tarihi - 2002	
spb_title_ch1_13	History of Sonic - 2003		ソニックの歴史　２００３年	Historia de Sonic - 2003	История Соника. 2003 год	Sonics Geschichte - 2003	Storia di Sonic - 2003	Sonics historia - 2003	História do Sonic - 2003	Historia de Sonic - 2003	Historia Sonica - 2003	索尼克的歷史 — 2003	Sonic'in Tarihi - 2003	
spb_title_ch1_14	History of Sonic - 2004		ソニックの歴史　２００４年	Historia de Sonic - 2004	История Соника. 2004 год	Sonics Geschichte - 2004	Storia di Sonic - 2004	Sonics historia - 2004	História do Sonic - 2004	Historia de Sonic - 2004	Historia Sonica - 2004	索尼克的歷史 — 2004	Sonic'in Tarihi - 2004	
spb_title_ch1_15	History of Sonic - 2005, 2006		ソニックの歴史　２００５～２００６年	Historia de Sonic - 2005, 2006	История Соника. 2005-2006 год	Sonics Geschichte - 2005, 2006	Storia di Sonic - 2005,2006	Sonics historia - 2005, 2006	História do Sonic - 2005, 2006	Historia de Sonic - 2005, 2006	Historia Sonica - 2005, 2006	索尼克的歷史 — 2005, 2006	Sonic'in Tarihi - 2005, 2006	
														
spb_title_ch2_1	Teaser Image 1		ティザー用　イメージ　１	Imagen Promocional 1	Тизерное изображение 1	Aufmacher 1	Immagine Promozionale 1	Förhandsvisningsbild 1	Imagem Promocional 1	Imagen promocional 1	Zajawka Graficzna 1	前導圖 1	Fragman Resmi 1	
spb_title_ch2_2	Teaser Image 2		ティザー用　イメージ　２	Imagen Promocional 2	Тизерное изображение 2	Aufmacher 2	Immagine Promozionale 2	Förhandsvisningsbild 2	Imagem Promocional 2	Imagen promocional 2	Zajawka Graficzna 2	前導圖 2	Fragman Resmi 2	
spb_title_ch2_3	Teaser Image - Japanese		ティザー　イメージ　日本語版	Imagen Promocional - Japonés	Тизерное изображение на японском языке	Aufmacher - Japanisch	Immagine Promozionale - Giapponese	Förhandsvisningsbild - Japanska	Imagem Promocional - Japonesa	Imagen promocional - Japonés	Zajawka Graficzna - Japoński	前導圖 — 日文	Fragman Resmi - Japonca	
spb_title_ch2_4	Trade Show Pamphlet		ショー用　パンフレット	Folleto para Exhibición Comercial	Брошюра для шоу	Messeflyer	Opuscolo della Esebizione Commerciale	Mässbroschyr	Panfleto de Feira Comercial	Folleto de exhibición comercial	Broszura Targowa	貿易展冊子	Fuar Broşürü	
spb_title_ch2_5	Teaser Image Final Version		ティザーイメージ　完全版	Imagen Promocional Final	Тизерное изображение, финальная версия	Aufmacher - Endgültige Version	Versione Finale dell'Immagine Promozionale	Förhandsvisningsbild Sista Verision	Imagem Promocional Versão Final	Imagen promocional final	Zajawka Graficzna Wersja Finalna	前導圖 最終版	Fragman Resmi Son Versiyonu	
spb_title_ch2_6	Main Visual Image		メインビジュアル　イメージ	Imagen Protagónica	Изображение главного визуала	Visualisierung	Immagine Visiva Principale	Huvudvisuell Bild	Imagem Principal	Imagen visual principal	Główny Element Wizualny	主視覺圖	Ana Görsel Resmi	
spb_title_ch2_7	Title Logo - English Version		タイトルロゴ　英語版	Logotipo del Título - Versión Inglesa	Логотип на английском языке	Titellogo - Englische Version	Logo del Titolo - Versione Inglese	Titellogotyp - Engelsk Version	Logomarca - Versão Inglesa	Logotipo del título - Versión en inglés	Logo Tytułu - Wersja Angielska	標題 英文版	Başlık Logosu - İngilizce Versiyon	
spb_title_ch2_8	Title Logo - Japanese Version		タイトルロゴ　日本語版	Logotipo del Título - Versión Japonesa	Логотип на японском языке	Titellogo - Japanische Version	Logo del Titolo - Versione Giapponese	Titellogotyp - Japansk Version	Logomarca - Versão Japonesa	Logotipo del título - Versión japonesa	Logo Tytułu - Wersja Japońska	標題 日文版	Başlık Logosu - Japonca Versiyon	
spb_title_ch2_9	Title Logo - German Version		タイトルロゴ　ドイツ語版	Logotipo del Título - Versión Alemana	Логотип на немецком языке	Titellogo - Deutsche Version	Logo del Titolo - Versione Tedesca	Titellogotyp - Tysk Version	Logomarca - Versão Alemã	Logotipo del título - Versión en alemán	Logo Tytułu - Wersja Niemiecka	標題 德文版	Başlık Logosu - Almanca Versiyon	
spb_title_ch2_10	Title Logo - Italian Version		タイトルロゴ　イタリア語版	Logotipo del Título - Versión Italiana	Логотип на итальянском языке	Titellogo - Italienische Version	Logo del Titolo - Versione Italiana	Titellogotyp - Italiensk Version	Logomarca - Versão Italiana	Logotipo del título - Versión en italiano	Logo Tytułu - Wersja Włoska	標題 義大利文版	Başlık Logosu - İtalyanca Versiyon	
spb_title_ch2_11	Title Logo - Spanish Version		タイトルロゴ　スペイン語版	Logotipo del Título - Versión Española	Логотип на испанском языке	Titellogo - Spanische Version	Logo del Titolo - Versione Spagnola	Titellogotyp - Spansk Version	Logomarca - Versão Espanhola	Logotipo del título - Versión en español	Logo Tytułu - Wersja Hiszpańska	標題 西班牙文版	Başlık Logosu - İspanyolca Versiyon	
spb_title_ch2_12	Teaser Promo Image		ティザー　初期イメージ	Imagen Promocional	Изначальное тизерное изображение	Werbeaufmacher	Immagine Promozionale	Förhandsvisningskampanjbild 	Imagem Promocional	Avance: Concepto inicial	Zajawka Promocyjna	前導宣傳圖	Fragman Tanıtım Görseli	
spb_title_ch2_13	Title Logo - Initial 1		タイトルロゴ　初期イメージ　１	Logotípo del Título - Inicial 1	Вариант логотипа 1	Titellogo - Entwurf 1	Logo del Titolo - Iniziale 1	Titellogotyp - Första 1	Logomarca - Inicial 1	Logo del título - Concepto inicial 1	Logo Tytułu - Inicjał 1	標題 初版 1	Başlık Logosu - İlk 1	
spb_title_ch2_14	Title Logo - Initial 2		タイトルロゴ　初期イメージ　２	Logotípo del Título - Inicial 2	Вариант логотипа 2	Titellogo - Entwurf 2	Logo del Titolo - Iniziale 2	Titellogotyp - Första 2	Logomarca - Inicial 2	Logo del título - Concepto inicial 2	Logo Tytułu - Inicjał 2	標題 初版 2	Başlık Logosu - İlk 2	
spb_title_ch2_15	Title Logo - Initial 3		タイトルロゴ　初期イメージ　３	Logotípo del Título - Inicial 3	Вариант логотипа 3	Titellogo - Entwurf 3	Logo del Titolo - Iniziale 3	Titellogotyp - Första 3	Logomarca - Inicial 3	Logo del título - Concepto inicial 3	Logo Tytułu - Inicjał 3	標題 初版 3	Başlık Logosu - İlk 3	
														
spb_title_ch3_1	Shahra - Concept Image 1		シャーラ　初期イメージ　１	Shara - Imagen Conceptual	Шахра: Концепт-арт 1	Shahra - Konzept 1	Shahra - Immagine Concettuale	Shahra - Konceptbild 1	Shahra - Imagem Conceitual	Shahra - Imagen conceptual	Shahra - Obraz Koncepcyjny	夏拉 概念圖	Shahra - Konsept Resim	
spb_title_ch3_2	Shahra - Concept Colors		シャーラ　初期カラー設定	Shara - Colores Conceptuales	Шахра: Цветовая гамма	Shahra - Konzeptfarben	Shahra - Colori Concettuali	Shahra - Konceptfärger	Shahra - Cores Conceituais	Shahra - Colores conceptuales	Shahra - Kolory Koncepcyjne	夏拉 概念色	Shahra - Konsept Renkler	
spb_title_ch3_3	Shahra - 3 Faces		シャーラ　3面図	Shara - Tres Perspectivas	Шахра: В трёх ракурсах	Shahra - 3 Perspektiven	Shahra - 3 Prospettive	Shahra - 3 Ansikten	Shahra - 3 Rostos	Shahra - Diagrama de tres vistas	Shahra - 3 Twarze	夏拉 三面圖	Shahra - 3 Yüzler	
spb_title_ch3_4	Shahra - Expressions 1		シャーラ　表情パターン　１	Shara - Expresiones 1	Шахра: Эмоции 1	Shahra - Mimik 1	Shahra - Espressione 1	Shahra - Uttryck 1	Shahra - Expressões 1	Shahra - Expresiones 1	Shahra - Wyrazy Twarzy 1	夏拉 表情 1	Shahra - İfadeler 1	
spb_title_ch3_5	Shahra - Expressions 2		シャーラ　表情パターン　２	Shara - Expresiones 2	Шахра: Эмоции 2	Shahra - Mimik 2	Shahra - Espressione 2	Shahra - Uttryck 2	Shahra - Expressões 2	Shahra - Expresiones 2	Shahra - Wyrazy Twarzy 2	夏拉 表情 2	Shahra - İfadeler 2	
spb_title_ch3_6	Shahra - Production CG Model		シャーラ　製作中ＣＧモデル	Shara - Modelo por Ordenador	Шахра: CG-модель в процессе создания	Shahra - Computermodell	Shahra - Modello dei Filmati	Shahra - Produktions CG Modell	Shahra - Modelo de Produção CG	Shahra - Modelo CG en producción	Shahra - Model CG do Produkcji	夏拉 製作中CG模型	Shahra - Üretim CG Modeli	
spb_title_ch3_7	Shahra - Concept Image 2		シャーラ　初期イメージ　２	Shara - Imagen Conceptual 2	Шахра: Концепт-арт 2	Shahra - Konzept 2	Shahra - Immagine Concettuale 2	Shahra - Konceptbild 2	Shahra - Imagem Conceitual 2	Shahra - Imagen conceptual 2	Shahra - Obraz Koncepcyjny 2	夏拉 概念圖 2	Shahra - Konsept Resim 2	
spb_title_ch3_8	Erazor - Concept Image 1		イレイザー　初期イメージ　１	Erazor - Imagen Conceptual 1	Эрейзор: Концепт-арт 1	Erazor - Konzept 1	Erazor - Immagine Concettuale 1	Erazor - Konceptbild 1	Erazor - Imagem Conceitual 1	Erazor - Imagen conceptual 1	Erazor - Obraz Koncepcyjny 1	伊萊薩 概念圖 1	Erazor - Konsept Resim 1	
spb_title_ch3_9	Erazor - Concept Colors 1		イレイザー　初期カラー設定　１	Erazor - Colores Conceptuales 1	Эрейзор: Цветовая гамма 1	Erazor - Konzeptfarben 1	Erazor - Colori Concettuali 1	Erazor - Konceptfärger 1	Erazor - Cores Conceituais 1	Erazor - Colores conceptuales 1	Erazor - Kolory Koncepcyjne 1	伊萊薩 概念色 1	Erazor - Konsept Renkler 1	
spb_title_ch3_10	Erazor - Concept Colors 2		イレイザー　初期カラー設定　２	Erazor - Colores Conceptuales 2	Эрейзор: Цветовая гамма 2	Erazor - Konzeptfarben 2	Erazor - Colori Concettuali 2	Erazor - Konceptfärger 2	Erazor - Cores Conceituais 2	Erazor - Colores conceptuales 2	Erazor - Kolory Koncepcyjne 2	伊萊薩 概念色 2	Erazor - Konsept Renkler 2	
spb_title_ch3_11	Erazor - 3 Faces		イレイザー　３面図	Erazor - Tres Perspectivas	Эрейзор: В трёх ракурсах	Erazor - 3 Perspektiven	Erazor - 3 Prospettive	Erazor - 3 Ansikten	Erazor - 3 Rostos	Erazor - Diagrama de tres vistas	Erazor - 3 Twarze	伊萊薩 三面圖	Erazor - 3 Yüzler	
spb_title_ch3_12	Erazor - Expressions 1		イレイザー　表情パターン　１	Erazor - Expresiones 1	Эрейзор: Эмоции 1	Erazor - Mimik 1	Erazor - Espressioni 1	Erazor - Uttryck 1	Erazor - Expressões 1	Erazor - Expresiones 1	Erazor - Wyrazy Twarzy 1	伊萊薩 表情 1	Erazor - İfadeler 1	
spb_title_ch3_13	Erazor - Expressions 2		イレイザー　表情パターン　２	Erazor - Expresiones 2	Эрейзор: Эмоции 2	Erazor - Mimik 2	Erazor - Espressioni 2	Erazor - Uttryck 2	Erazor - Expressões 2	Erazor - Expresiones 2	Erazor - Wyrazy Twarzy 2	伊萊薩 表情 2	Erazor - İfadeler 2	
spb_title_ch3_14	Erazor - Production CG Model		イレイザー　製作中ＣＧモデル	Erazor - Modelo por Ordenador	Эрейзор: CG-модель в процессе создания	Erazor - Computermodell	Erazor - Modello dei Filmati	Erazor - Produktions CG Modell	Erazor - Modelo de Produção CG	Erazor - Modelo CG en producción	Erazor - Model CG do Produkcji	伊萊薩 製作中的CG模型	Erazor - Üretim CG Modeli	
spb_title_ch3_15	Erazor - Concept Image 2		イレイザー　初期イメージ　２	Erazor - Imagen Conceptual 2	Эрейзор: Концепт-арт 2	Erazor - Konzept 2	Erazor - Immagine Concettuale 2	Erazor - Konceptbild 2	Erazor - Imagem Conceitual 2	Erazor - Imagen conceptual 2	Erazor - Obraz Koncepcyjny 2	伊萊薩 概念圖 1	Erazor - Konsept Resim 2	
														
spb_title_ch4_1	Ali-Baba Image		アリババ　イメージ	Imagen de Alí Babá	Изображение Али Бабы	Ali-Baba	Immagine di Ali-Baba	Ali-Baba Bild	Imagem de Ali Babá	Imagen de Ali Babá	Obraz Ali-Baby	阿里巴巴 圖像	Ali-Baba Resmi	
spb_title_ch4_2	Sinbad Image		シンドバッド　イメージ	Imagen de Simbad	Изображение Синдбада	Sindbad	Immagine di Sinbad	Sinbad Bild	Imagem de Simbad	Imagen de Simbad	Obraz Sinbada	辛巴達 圖像	Sinbad Resmi	
spb_title_ch4_3	King Shahryar Image		シャフリャール王　イメージ	Imagen del Sultán Shahriar	Изображение царя Шахрияра	King Shahryar	Immagine di Re Sciahriar	Kung Shahryar Bild	Imagem do Rei Xariar	Imagen del sultán Shahriar	Obraz Króla Shahryara	山魯亞爾國王 圖像	Kral Shahryar Resmi	
spb_title_ch4_4	King Solomon Image		ソロモン王　イメージ	Imagen del Rey Salomón	Изображение царя Соломона	King Solomon	Immagine di Re Solomone	Kung Solomon Bild	Imagem do Rei Salomão	Imagen del rey Salomón	Obraz Króla Solomona	所羅門王 圖像	Kral Solomon Resmi	
spb_title_ch4_5	King Solomon Concept Image		ソロモン王　初期イメージ	Imagen Conceptual del Rey Salomón	Царь Соломон: Концепт-арт	King Solomon - Konzept	Immagine Concettuale di Re Salomone	Kung Solomon Konceptbild	Imagem Conceitual do Rei Salomão	Imagen conceptual del rey Salomón	Obraz Koncepcyjny Króla Solomona	所羅門王 概念圖	Kral Solomon Konsept Resmi	
spb_title_ch4_6	Erazor's Lamp Image		イレーザーのランプ　イメージ	Imagen de la Lámpara de Erazor	Изображение лампы Эрейзора	Erazors Lampe	Immagine della Lampada di Erazor	Erazors Lampa Bild	Imagem da Lâmpada do Erazor	Imagen de la lámpara de Erazor	Obraz Lampy Erazora	伊萊薩的神燈 圖像	Erazor'un Lamba Resmi	
spb_title_ch4_7	Erazor's Lamp Concept		イレーザーのランプ　初期イメージ	Imagen Conceptual de la Lámpara de Erazor	Первоначальное изображение лампы Эрейзора	Erazors Lampe - Konzept	Immagine Concettuale della Lampada di Erazor	Erazors Lamapa Koncept	Imagem Conceitual da Lâmpada do Erazor	Imagen conceptual de la lámpara de Erazor	Koncept Lampy Erazora	伊萊薩的神燈 概念圖	Erazor'un Lamba Konsepti	
spb_title_ch4_8	Shahra's Ring Image		シャーラのリング　イメージ	Imagen del Anillo de Shara	Изображение кольца Шахры	Shahras Ring	Immagine dell'Anello di Shahra	Shahras Ring Bild	Imagem do Anel de Shahra	Imagen del anillo de Shahra	Obraz Pierścienia Shahry	夏拉的戒指 圖像	Shahra'nın Yüzük Resmi	
spb_title_ch4_9	Shahra's Ring Concept		シャーラのリング　初期イメージ	Imagen Conceptual del Anillo de Shara	Первоначальное изображение кольца Шахры	Shahras Ring - Konzept	Immagine Concettuale dell'Anello di Shahra	Shahars Ring Koncept	Imagem Conceitual do Anel de Shahra	Imagen conceptual del anillo de Shahra	Koncept Pierścienia Shahry	夏拉的戒指 概念圖	Shahra'nın Yüzük Konsepti	
spb_title_ch4_10	World Ring Image		世界リング　イメージ	Imagen de un Anillo Secreto	Изображение Мирового кольца	Weltenring	Immagine dell'Anello Mondiale	Världsring Bild	Imagem do Anel do Mundo	Imagen de un Anillo mundial	Obraz Pierścienia Świata	世界戒指 圖像	Dünya Yüzüğü Resmi	
spb_title_ch4_11	World Ring Concept Image		世界リング　初期イメージ	Imagen Conceptual de un Anillo Secreto	Первоначальное изображение Мирового кольца	Weltenring - Konzept	Immagine Concettruale dell'Anello Mondiale	Världsring Konceptbild	Imagem Conceitual do Anel do Mundo	Imagen conceptual de un Anillo mundial	Obraz Koncepcyjny Pierścienia Świata	世界戒指 概念圖	Dünya Yüzüğü Konsept Resmi	
spb_title_ch4_12	Night Palace Exterior Concept		ナイトパレス外観　初期イメージ	Concepto del Exterior del Palacio Nocturno	Первоначальное изображение внешнего вида Ночного дворца	Night Palace (außen) - Konzept	Concetto dell'esteriore del Palazzo Notturno	Nattpalats Exteriörkoncept	Imagem Conceitual do Exterior de Night Palace	Concepto del Exterior del Palacio Nocturno	Koncept Nocnego Pałacu na Zewnątrz	暗夜宮殿 外景概念圖	Gece Sarayı Dış Mekan Konsepti	
spb_title_ch4_13	World Ring Door Image		世界リングのとびら　イメージ	Imagen de la Puerta de los Anillos Secretos	Изображение двери с Мировыми кольцами	Weltenringtür	Immagine della Porta degli Anelli Mondiali	Världsring Dörr Bild	Imagem da Porta dos Anéis do Mundo	Imagen de la puerta de los Anillos mundiales	Obraz Drzwi Pierścieni Świata	世界戒指之門 圖像	Dünya Yüzüğü Kapı Resmi	
spb_title_ch4_14	Throne Room Image		王座の間　イメージ	Imagen de la Sala del Trono	Изображение тронного зала	Thronsaal	Immagine della Sala del Trono	Tronrumm Bild	Imagem da Sala do Trono	Imagen de la sala del trono	Obraz Sali Tronowej	寶座廳 圖像	Taht Odası Resmi	
spb_title_ch4_15	Arabian Nights' Book Image		アラビアンナイトの本　イメージ	Imagen del Libro de Las mil y una noches	Изображение книги """Тысяча и одна ночь"""	Das Buch "Tausendundeine Nacht"	Immagine del Libro delle Mille e una Notte	Tusen och en natt' Bok Bild	Imagem do Livro das Mil e Uma Noites	Imagen del libro de """Las mil y una noches"""	Obraz Książki Arabskich Nocy	天方夜譚書本 圖像 	Binbir Gece Masalları' Kitap Görseli	
														
spb_title_ch5_1	Lost Prologue		ロストプロローグ	Prólogo Perdido	Потерянный пролог	Lost Prologue	Prologo Perduto	Förlorad Prolog	Lost Prologue	Prólogo Perdido	Zaginiony Prolog	失落序章	Kayıp Başlangıç	
spb_title_ch5_2	Sand Oasis Image		サンドオアシス　イメージ	Oasis de Arena	Изображение Песчаного оазиса	Sand Oasis	Immagine di Oasi Sabbiose	Sandoas Bild	Imagem de Sand Oasis	Imagen de Oasis Arenoso	Obraz Piaszczystej Oazy	沙漠綠洲 圖像	Kum Vahası Resmi	
spb_title_ch5_3	Sand Oasis Image		サンドオアシス　イメージ	Oasis de Arena	Изображение Песчаного оазиса	Sand Oasis	Immagine di Oasi Sabbiose	Sandoas Bild	Imagem de Sand Oasis	Imagen de Oasis Arenoso	Obraz Piaszczystej Oazy	沙漠綠洲 圖像	Kum Vahası Resmi	
spb_title_ch5_4	Dinosaur Jungle Image		ダイナソージャングル　イメージ	Jungla Jurásica	Изображение Джунглей динозавров	Dinosaur Jungle	Immagine della Giungla dei Dinosauri	Dinosauriejungel Bild	Imagem de Dinosaur Jungle	Imagen de Dino Jungla	Obraz Dżungli Dinozaurów	恐龍叢林 圖像	Dinazor Ormanı Resmi	
spb_title_ch5_5	Dinosaur Jungle Image		ダイナソージャングル　イメージ	Jungla Jurásica	Изображение Джунглей динозавров	Dinosaur Jungle	Immagine della Giungla dei Dinosauri	Dinosauriejungel Bild	Imagem de Dinosaur Jungle	Imagen de Dino Jungla	Obraz Dżungli Dinozaurów	恐龍叢林 圖像	Dinazor Ormanı Resmi	
spb_title_ch5_6	Dinosaur Jungle Image		ダイナソージャングル　イメージ	Jungla Jurásica	Изображение Джунглей динозавров	Dinosaur Jungle	Immagine della Giungla dei Dinosauri	Dinosauriejungel Bild	Imagem de Dinosaur Jungle	Imagen de Dino Jungla	Obraz Dżungli Dinozaurów	恐龍叢林 圖像	Dinazor Ormanı Resmi	
spb_title_ch5_7	Dinosaur Jungle Image		ダイナソージャングル　イメージ	Jungla Jurásica	Изображение Джунглей динозавров	Dinosaur Jungle	Immagine della Giungla dei Dinosauri	Dinosauriejungel Bild	Imagem de Dinosaur Jungle	Imagen de Dino Jungla	Obraz Dżungli Dinozaurów	恐龍叢林 圖像	Dinazor Ormanı Resmi	
spb_title_ch5_8	Evil Foundry Image		イビルフャウンドリー　イメージ	Forja Maligna	Изображение Плавильни зла	Evil Foundry	Immagine della Fonderia Maligna	Ond Smedja Bild	Imagem de Evil Foundry	Imagen de Fundición Maléfica	Obraz Przeklętej Odlewni	萬惡鑄造廠 圖像	Kötü Dökümhane Resmi	
spb_title_ch5_9	Evil Foundry Image		イビルフャウンドリー　イメージ	Forja Maligna	Изображение Плавильни зла	Evil Foundry	Immagine della Fonderia Maligna	Ond Smedja Bild	Imagem de Evil Foundry	Imagen de Fundición Maléfica	Obraz Przeklętej Odlewni	萬惡鑄造廠 圖像	Kötü Dökümhane Resmi	
spb_title_ch5_10	Evil Foundry Image		イビルフャウンドリー　イメージ	Forja Maligna	Изображение Плавильни зла	Evil Foundry	Immagine della Fonderia Maligna	Ond Smedja Bild	Imagem de Evil Foundry	Imagen de Fundición Maléfica	Obraz Przeklętej Odlewni	萬惡鑄造廠 圖像	Kötü Dökümhane Resmi	
spb_title_ch5_11	Evil Foundry Image		イビルフャウンドリー　イメージ	Forja Maligna	Изображение Плавильни зла	Evil Foundry	Immagine della Fonderia Maligna	Ond Smedja Bild	Imagem de Evil Foundry	Imagen de Fundición Maléfica	Obraz Przeklętej Odlewni	萬惡鑄造廠 圖像	Kötü Dökümhane Resmi	
spb_title_ch5_12	Evil Foundry Image		イビルフャウンドリー　イメージ	Forja Maligna	Изображение Плавильни зла	Evil Foundry	Immagine della Fonderia Maligna	Ond Smedja Bild	Imagem de Evil Foundry	Imagen de Fundición Maléfica	Obraz Przeklętej Odlewni	萬惡鑄造廠 圖像	Kötü Dökümhane Resmi	
spb_title_ch5_13	Levitated Ruins Image		レビテイテッドルーイン　イメージ	Ruinas Levitantes	Изображение Парящих руин	Levitated Ruins	Immagine delle Rovine Levitate	Leviterade Ruiner Bild	Imagem de Levitated Ruins	Imagen de Ruinas Levitadas	Obraz Lewitujących Ruin	懸浮遺址 圖像	Havadaki Harabe Resmi	
spb_title_ch5_14	Levitated Ruins Image		レビテイテッドルーイン　イメージ	Ruinas Levitantes	Изображение Парящих руин	Levitated Ruins	Immagine delle Rovine Levitate	Leviterade Ruiner Bild	Imagem de Levitated Ruins	Imagen de Ruinas Levitadas	Obraz Lewitujących Ruin	懸浮遺址 圖像	Havadaki Harabe Resmi	
spb_title_ch5_15	Levitated Ruins Image		レビテイテッドルーイン　イメージ	Ruinas Levitantes	Изображение Парящих руин	Levitated Ruins	Immagine delle Rovine Levitate	Leviterade Ruiner Bild	Imagem de Levitated Ruins	Imagen de Ruinas Levitadas	Obraz Lewitujących Ruin	懸浮遺址 圖像	Havadaki Harabe Resmi	
														
spb_title_ch6_1	Pirate Storm Image		パイレーツ　ストーム　イメージ	Tormenta Pirata	Изображение Пиратского шторма	Pirate Storm	Immagine della Tempesta Pirata	Piratstorm Bild	Imagem de Pirate Storm	Imagen de Tormenta Pirata	Obraz Pirackiego Sztormu	海盜暴風 圖像	Korsan Fırtınası Resmi	
spb_title_ch6_2	Pirate Storm Image		パイレーツ　ストーム　イメージ	Tormenta Pirata	Изображение Пиратского шторма	Pirate Storm	Immagine della Tempesta Pirata	Piratstorm Bild	Imagem de Pirate Storm	Imagen de Tormenta Pirata	Obraz Pirackiego Sztormu	海盜暴風 圖像	Korsan Fırtınası Resmi	
spb_title_ch6_3	Pirate Storm Image		パイレーツ　ストーム　イメージ	Tormenta Pirata	Изображение Пиратского шторма	Pirate Storm	Immagine della Tempesta Pirata	Piratstorm Bild	Imagem de Pirate Storm	Imagen de Tormenta Pirata	Obraz Pirackiego Sztormu	海盜暴風 圖像	Korsan Fırtınası Resmi	
spb_title_ch6_4	Skeleton Dome Image		スケレトンドーム　イメージ	Domo Esquelético	Изображение Скелетного свода	Skeleton Dome	Immagine della Cupola Scheletrica	Skelettkupol Bild	Imagem de Skeleton Dome	Imagen de Domo Esquelético	Obraz Kopuły Szkieletów	骷髏巨蛋 圖像	İskelet Kubbesi Resmi	
spb_title_ch6_5	Skeleton Dome Image		スケレトンドーム　イメージ	Domo Esquelético	Изображение Скелетного свода	Skeleton Dome	Immagine della Cupola Scheletrica	Skelettkupol Bild	Imagem de Skeleton Dome	Imagen de Domo Esquelético	Obraz Kopuły Szkieletów	骷髏巨蛋 圖像	İskelet Kubbesi Resmi	
spb_title_ch6_6	Skeleton Dome Image		スケレトンドーム　イメージ	Domo Esquelético	Изображение Скелетного свода	Skeleton Dome	Immagine della Cupola Scheletrica	Skelettkupol Bild	Imagem de Skeleton Dome	Imagen de Domo Esquelético	Obraz Kopuły Szkieletów	骷髏巨蛋 圖像	İskelet Kubbesi Resmi	
spb_title_ch6_7	Skeleton Dome Image		スケレトンドーム　イメージ	Domo Esquelético	Изображение Скелетного свода	Skeleton Dome	Immagine della Cupola Scheletrica	Skelettkupol Bild	Imagem de Skeleton Dome	Imagen de Domo Esquelético	Obraz Kopuły Szkieletów	骷髏巨蛋 圖像	İskelet Kubbesi Resmi	
spb_title_ch6_8	Skeleton Dome Image		スケレトンドーム　イメージ	Domo Esquelético	Изображение Скелетного свода	Skeleton Dome	Immagine della Cupola Scheletrica	Skelettkupol Bild	Imagem de Skeleton Dome	Imagen de Domo Esquelético	Obraz Kopuły Szkieletów	骷髏巨蛋 圖像	İskelet Kubbesi Resmi	
spb_title_ch6_9	Skeleton Dome Image		スケレトンドーム　イメージ	Domo Esquelético	Изображение Скелетного свода	Skeleton Dome	Immagine della Cupola Scheletrica	Skelettkupol Bild	Imagem de Skeleton Dome	Imagen de Domo Esquelético	Obraz Kopuły Szkieletów	骷髏巨蛋 圖像	İskelet Kubbesi Resmi	
spb_title_ch6_10	Night Palace Image		ナイトパレス　イメージ	Palacio Nocturno	Изображение Ночного дворца	Night Palace	Immagine del Palazzo Notturno	Nattpalats Bild	Imagem de Night Palace	Imagen de Palacio Nocturno	Obraz Nocnego Pałacu	暗夜宮殿 圖像	Gece Sarayı Resmi	
spb_title_ch6_11	Night Palace Image		ナイトパレス　イメージ	Palacio Nocturno	Изображение Ночного дворца	Night Palace	Immagine del Palazzo Notturno	Nattpalats Bild	Imagem de Night Palace	Imagen de Palacio Nocturno	Obraz Nocnego Pałacu	暗夜宮殿 圖像	Gece Sarayı Resmi	
spb_title_ch6_12	Night Palace Image		ナイトパレス　イメージ	Palacio Nocturno	Изображение Ночного дворца	Night Palace	Immagine del Palazzo Notturno	Nattpalats Bild	Imagem de Night Palace	Imagen de Palacio Nocturno	Obraz Nocnego Pałacu	暗夜宮殿 圖像	Gece Sarayı Resmi	
spb_title_ch6_13	Night Palace Image		ナイトパレス　イメージ	Palacio Nocturno	Изображение Ночного дворца	Night Palace	Immagine del Palazzo Notturno	Nattpalats Bild	Imagem de Night Palace	Imagen de Palacio Nocturno	Obraz Nocnego Pałacu	暗夜宮殿 圖像	Gece Sarayı Resmi	
spb_title_ch6_14	Night Palace Image		ナイトパレス　イメージ	Palacio Nocturno	Изображение Ночного дворца	Night Palace	Immagine del Palazzo Notturno	Nattpalats Bild	Imagem de Night Palace	Imagen de Palacio Nocturno	Obraz Nocnego Pałacu	暗夜宮殿 圖像	Gece Sarayı Resmi	
spb_title_ch6_15	Night Palace Image		ナイトパレス　イメージ	Palacio Nocturno	Изображение Ночного дворца	Night Palace	Immagine del Palazzo Notturno	Nattpalats Bild	Imagem de Night Palace	Imagen de Palacio Nocturno	Obraz Nocnego Pałacu	暗夜宮殿 圖像	Gece Sarayı Resmi	
														
spb_title_ch7_1	Sand Scorpion		サンド　スコーピオン	Escorpión de Arena	Песчаный скорпион	Sand Scorpion	Scorpione delle Sabbie	Sandscorpion	Sand Scorpion	Escorpión de la Arena	Piaskowy Skorpion	沙漠巨蠍	Kum Akrebi	
spb_title_ch7_2	Ifrit Golem		イフリート　ゴーレム	Gólem Ifrit	Ифрит Голем	Ifrit Golem	Golem Ifrit	Ifrit Golem	Ifrit Golem	Ifrit Gólem	Golem Ifrit	伊弗利特巨像	Ifrit Golemi	
spb_title_ch7_3	Captain Bemoth		キャプテン　ベモス	Capitán Bimoz	Капитан Бемот	Captain Bemoth	Capitano Bemoth	Kapten Bemoth	Capitão Bemoth	Capitán Bémot	Kapitan Bemoth	貝摩斯船長	Kaptan Bemoth	
spb_title_ch7_4	Erazor Djinn		イレーザー・ジン	Erazor el Yinn	Эрейзор Джинн	Erazor Djinn	Erazor Djinn	Erazor Djinn	Erazor Djinn	Erazor, el Genio	Erazor Dżin	伊萊薩	Erazor Cin	
spb_title_ch7_5	Alf Layla wa-Layla		アルフ・ライラ・ワ・ライラ	Alf Leyla wa-Leyla	Альф-Лейла-ва-Лейла	Alf Layla wa-Layla	Alf Layla wa-Layla	Alf Layla wa-Layla	Alf Layla wa-Layla	Alf Leyla wa Leyla	Alf Layla wa-Layla	一千零一夜	Alf Layla wa-Layla	
spb_title_ch7_6	Genie 1		マジン　１	Genio 1	Злой дух 1	Geist 1	Genio 1	Ande 1	Gênio 1	Majin 1	Dżin 1	精靈 1	Cin 1	
spb_title_ch7_7	Genie 2		マジン　２	Genio 2	Злой дух 2	Geist 2	Genio 2	Ande 2	Gênio 2	Majin 2	Dżin 2	精靈 2	Cin 2	
spb_title_ch7_8	Genie 3		マジン　３	Genio 3	Злой дух 3	Geist 3	Genio 3	Ande 3	Gênio 3	Majin 3	Dżin 3	精靈 3	Cin 3	
spb_title_ch7_9	Genie 4		マジン　４	Genio 4	Злой дух 4	Geist 4	Genio 4	Ande 4	Gênio 4	Majin 4	Dżin 4	精靈 4	Cin 4	
spb_title_ch7_10	Genie 5		マジン　５	Genio 5	Злой дух 5	Geist 5	Genio 5	Ande 5	Gênio 5	Majin 5	Dżin 5	精靈 5	Cin 5	
spb_title_ch7_11	Genie 6		マジン　６	Genio 6	Злой дух 6	Geist 6	Genio 6	Ande 6	Gênio 6	Majin 6	Dżin 6	精靈 6	Cin 6	
spb_title_ch7_12	Genie 7		マジン　７	Genio 7	Злой дух 7	Geist 7	Genio 7	Ande 7	Gênio 7	Majin 7	Dżin 7	精靈 7	Cin 7	
spb_title_ch7_13	Genie 8		マジン　８	Genio 8	Злой дух 8	Geist 8	Genio 8	Ande 8	Gênio 8	Majin 8	Dżin 8	精靈 8	Cin 8	
spb_title_ch7_14	Genie 9		マジン　９	Genio 9	Злой дух 9	Geist 9	Genio 9	Ande 9	Gênio 9	Majin 9	Dżin 9	精靈 9	Cin 9	
spb_title_ch7_15	Genie 10		マジン　１０	Genio 10	Злой дух 10	Geist 10	Genio 10	Ande 10	Gênio 10	Majin 10	Dżin 10	精靈 10	Cin 10	
														
spb_title_ch8_1	The World of the Book	The Start of the Legend\nthat Saved the Arabian Nights	アラビアンナイトを救う伝説のはじまり	El Mundo del Libro	Начало истории по спасению\n"""Тысячи и одной ночи""".	Die Welt des Buches	Il Mondo del Libro	Bokens Värld	O Mundo do Livro	Comienza la leyenda para salvar\n"""Las mil y una noches"""	Świat Książki	書之世界	Kitap Dünyası	L'univers du livre
spb_title_ch8_2	Erazor Appears	Those Who Reap the World\nand Those Who are Written	世界を刈りとる者と書きこまれた者	Aparece Erazor	Тот, кто стирает мир,\nи тот, кого в него вписали.	Erazor erscheint	Appare Erazor	Erazor Dyker Upp	Erazor Surge	El segador del mundo y aquel del que se escribió	Pojawia się Erazor	伊萊薩登場	Erazor Görünüyor	Erazor fait son apparition
spb_title_ch8_3	The King is Found!	The King in the Pot and the Blue Spikes	ツボのなかの国王と青いトゲトゲ	El Sultán en el Jarrón	Царь из кувшина\nи синий с шипами.	Der König ist gefunden!	Il Re è stato Ritrovato!	Kungen är Hitttad!	O Rei é Encontrado!	El sultán en el jarrón y el espinoso azul	Odnaleziono Króla!	發現國王！	Kral Bulundu!	Le roi a été retrouvé !
spb_title_ch8_4	A Grateful Ali-Baba	The Clever Ali-Baba	器用なアリババ	El Ingenioso Alí Babá	Ловкий Али-Баба.	Dankbarer Ali-Baba	Un Ali-Baba riconoscente	En Tacksam Ali-Baba	A Gratidão de Ali Babá	El astuto Alí Babá	Wdzięczny Ali-Baba	感激的阿里巴巴	Minnettar bir Ali-Baba	Un Ali Baba reconnaissant
spb_title_ch8_5	The Sand Scorpion Appears		サンド　スコーピオン　登場	Aparece el Escorpión de Arena	Появление песчаного скорпиона.	Der Sand Scorpion erscheint	Appare lo Scorpione delle Sabbie	Sandskorpionen Dyker Upp	Sand Scorpion Surge	El Escorpión de la arena aparece	Pojawia się Piaskowy Skorpion	沙漠巨蠍登場	Kum Akrebi Görünüyor	L'apparition du Scorpion des sables
spb_title_ch8_6	The Ring of Joy		黄色の世界リング　ゲート！	El Anillo del Júbilo	Вы получили жёлтое\nМировое кольцо!	Der gelbe Weltenring	L'anello della Gioia	Ringen av Glädje	O Anel da Felicidade	¡Obteniendo el Anillo amarillo de la Alegría!	Pierścień Radości	獲得喜悅之戒！	Sevinç Yüzüğü	L'Anneau de la joie
spb_title_ch8_7	Rescuing the King		王様を助けてみたものの…	Rescatando al Sultán	Попробовал спасти царя, но...	Die Rettung des Königs	Salvare il Re	Räddar Kungen	Resgatando o Rei	Intentando ayudar al sultán...	Ratowanie Króla	拯救國王	Kralı Kurtarmak	Le sauvetage du roi
spb_title_ch8_8	The Ring of Hatred		緑色の世界リング　ゲート！	El Anillo del Odio	Вы получили зелёное\nМировое кольцо!	Der grüne Weltenring	L'anello dell'Odio	Ringen av Hat	O Anel do Ódio	¡Obteniendo el Anillo verde del Odio!	Pierścień Nienawiści	獲得憎恨之戒！	Nefret Yüzüğü	L'Anneau de la haine
spb_title_ch8_9	The Fire Spirit Appears		強敵　炎のマジンあらわる	Aparece el Espíritu de Fuego	Появляется сильный\nпротивник, злой дух огня.	Der Feuergeist erscheint	Appare lo Spirito di Fuoco 	Eldanden Dyker Upp	O Espirito de Fogo Surge	Un formidable enemigo: el majin de fuego	Pojawia się Ognisty Duch	火之精靈登場	Ateş Ruhu Görünüyor	L'apparition de l'Esprit du Feu
spb_title_ch8_10	Ali-Baba's Advice	Ali-Baba's Advice; A New Adventure	アリババの助言、新たな冒険	El Consejo de Alí Babá	Совет от Али-Бабы,\nновое приключение.	Ali-Babas guter Rat	Il Consiglio di Ali-Baba	Ali-Babas Råd	O Conselho de Ali Babá	El consejo de Alí Babá, una nueva aventura	Porada Ali-Baby	阿里巴巴的建議	Ali-Baba'nın Tavsiyeleri	Les conseils d'Ali Baba
spb_title_ch8_11	Meeting Sinbad	The Adventurer Who Crossed the 7 Seas!?	７つの海をまたにかけた冒険者！？	Encuentro con Simbad	Искатель приключений,\nбороздивший семь морей?!	Begegnung mit Sindbad	Incontro con Sinbad	Möter Sinbad	Encontrando Simbad	¡¿Un aventurero que ha cruzado los siete mares?!	Spotkanie Sinbada	遇見辛巴達	Sinbadla Buluşma	Rencontre avec Sinbad
spb_title_ch8_12	The Rescue of Sinbad!		炎のマジンには水をカイゾクには何を？	¡El Rescate de Simbad!	Духа огня окатить водой,\nа что делать с пиратами?	Sindbads Rettung!	Il Salvataggio di Sinbad!	Räddningen av Sinbad	O Resgate de Simbad!	Agua para el majin de fuego,\n¿pero para los piratas?	Uratowanie Sinbada!	拯救辛巴達！	Sinbad'ın Kurtarılması!	Le sauvetage de Sinbad !
spb_title_ch8_13	The Ring of Prayers		青色の世界リング　ゲート！	El Anillo de la Fe	Вы получили синее\nМировое кольцо!	Der blaue Weltenring	L'Anello delle Preghiere	Ringen av Böner	O Anel da Esperança	¡Obteniendo el Anillo azul de las Plegarias!	Pierścień Pacierzy	獲得祈禱之戒	Dua Yüzüğü	L'Anneau des prières
spb_title_ch8_14	Pirates Sighted!		海賊船団　発見！	¡Piratas a la Vista!	Обнаружены пиратские корабли!	Piraten in Sicht!	Pirati in Vista!	Pirater Siktade!	Piratas à Vista!	¡Piratas a la vista!	Piraci na Horyzoncie!	發現海盜團！	Korsanlar Görüldü!	Des pirates en vue !
spb_title_ch8_15	Captain Bemoth Appears		キャプテン　ベモス　登場	Aparece el Capitán Bimoz	Появление капитана Бемота.	Captain Bemoth erscheint	Appare il Capitano Bemoth	Kapten Bemoth Dyker Upp	Captain Bemoth Surge	El Capitán Bémot aparece	Pojawia się Kapitan Bemoth	貝摩斯船長登場	Kaptan Bemoth Görünüyor	Le capitaine Bemoth fait son apparition
														
spb_title_ch9_1	The Ring of Pleasure		水色の世界リング　ゲット！	El Anillo del Placer	Вы получили голубое\nМировое кольцо!	Der wasserblaue Weltenring	L'Anello del Piacere	Ringen av Nöje	O Anel do Prazer	¡Obteniendo el Anillo celeste del Placer!	Pierścień Przyjemności	獲得歡樂之戒	Zevk Yüzüğü	L'Anneau du plaisir
spb_title_ch9_2	Rematch with the Ifrit		イフリートとの再戦！	Revancha contra el Ifrit	Повторная схватка с Ифритом!	Wiedersehen mit dem Ifrit	Rivincita con l'Ifrit	Revanschmatch med Ifriten	Revanche contra Ifrit	¡La revancha contra el ifrit!	Rewanż z Ifritem	再戰伊弗利特	Ifritle Rövanş	La revanche contre l'Ifrit
spb_title_ch9_3	Escaping the Factory	Escaping the Genie Factory	マジン工場から脱出	Escapando de la Fábrica	Побег с завода злых духов.	Flucht aus der Fabrik	Scappare dalla Fabbrica	Rymmer Fabriken	Fugindo da Fábrica	Escape de la fábrica majin	Ucieczka z Fabryki	逃離工廠	Fabrikadan Kaçış	S'échapper de l'usine
spb_title_ch9_4	The Ring of Rage		赤色の世界リング　ゲット！	El Anillo de la Ira	Вы получили красное\nМировое кольцо!	Der rote Weltenring	L'Anello della Rabbia	Ringen av Rasa	O Anel da Raiva	¡Obteniendo el Anillo rojo de la Furia!	Pierścień Wściekłości	獲得憤怒之戒	Öfke Yüzüğü	L'Anneau de la rage
spb_title_ch9_5	King Solomon	The Skull on the Decayed Throne	朽ちた王座のシャレコウべ	El Rey Salomón	Череп в ветхом тронном зале.	King Solomon	Re Salomone	Kung Solomon	Rei Salomão	La calavera sombría del trono decadente	Król Solomon	所羅門王	Kral Solomon	Le roi Salomon
spb_title_ch9_6	The Ring of Wishes		白色の世界リング　ゲット！	El Anillo de la Ambición	Вы получили белое\nМировое кольцо!	Der weiße Weltenring	L'Anello dei Desideri	Ringen av Önskningar	O Anel dos Desejos	¡Obteniendo el Anillo blanco de los Deseos!	Pierścień Pacierzy	獲得願望之戒	Dilek Yüzüğü	L'Anneau des vœux
spb_title_ch9_7	Enemy Stronghold	The Floating Moonlit Palace	月夜こうかぶ空中宮殿	El Palacio Celeste	Ограничение по времени\nи обещание, которое не забыть.	Feindliche Hochburg	La Roccaforte dei Nemici	Fiendens Fäste	Fortaleza Inimiga	El palacio en el cielo iluminado por la Luna	Twierdza Przeciwnika	敵方要塞	Düşman Kalesi	Forteresse ennemie
spb_title_ch9_8	Entering the Palace	The Time Limit and Promise	タイムリミットとわすれない約束	Entrando al Palacio	Дворец, парящий в небе,\nв свете Луны.	Betreten des Palastes	Entrando al Palazzo	Inträde i Palatset	Entrando no Palácio	Plazos y promesas inolvidables	Wejście do Pałacu	進入宮殿	Saraya Girmek	Entrée au Palais
spb_title_ch9_9	The Ring of Sadness		紫色の世界リング　ゲット！	El Anillo de la Tristeza	Вы получили фиолетовое\nМировое кольцо!	Der lila Weltenring	L'Anello della Tristezza	Ringen av Sorg	O Anel da Tristeza	¡Obteniendo el Anillo morado de la Tristeza!	Pierścień Smutku	獲得悲戚之戒	Üzüntü Yüzüğü	L'Anneau de la tristesse
spb_title_ch9_10	Battle With Erazor	Pride is Always Cut Down	切りきざまれるのは　いつもプライド	Batalla contra Erazor	Первой страдает\nименно гордость.	Kampf gegen Erazor	Battaglia con Erazor	Slaget med Erazor	Batalha contra Erazor	Lo que queda hecho trizas es siempre el orgullo	Bitwa z Erazorem	與伊萊薩決戰	Erazor İle Kapışma	Combat contre Erazor
spb_title_ch9_11	The Mysterious Door	The Mysterious Door\nand the Book's Design	ナゾの扉と本の装丁	La Puerta Misteriosa	Таинственная дверь\nи переплёт книги.	Die mysteriöse Tür	La Porta Misteriosa	Den Mystiska Dörren	A Porta Misteriosa	La puerta misteriosa y la portada del libro	Tajemnicze Drzwi	神秘之門	Gizemli Kapı	La porte mystérieuse
spb_title_ch9_12	Alf Layla wa-Layla Appears	Dying Ambition	滅びるゆくのは野心	Aparece Alf Leyla wa-Leyla	Что погибает, так это амбиции!	Alf Layla wa Layla erscheint	Appare Alf Layla wa-Layla	Alf Layla wa-Layla Dyker Upp	Alf Layla wa-Layla Surge	La ambición es lo que perece.	Pojawia się Alf Layla wa-Layla	一千零一夜登場	Alf Layla wa-Layla Görünüyor	Alf Layla wa-Layla fait son apparition
spb_title_ch9_13	End Credits		スタッフロール	Créditos Finales	Титры	Abspann	Riconoscimenti Finali	Eftertexter	Créditos	Créditos finales	Napisy Końcowe	結局名單	Bitiş Jeneriği	Les crédits
spb_title_ch9_14	Development Team Intro		開発チーム紹介	Introducción del Equipo de Desarrollo	Знакомство с командой разработчиков	Vorstellung des Entwicklerteams	Introduzione al Team di Sviluppo	Utvecklingsteam Intro	Introdução do Time de Desenvolvimento	Conoce al equipo de desarrollo	Intro Drużyny Deweloperskiej	開發團隊介紹	Geliştirme Takımı Tanıtımı	Présentation de l'équipe de développement
spb_title_ch9_15														
														
spb_title_ch10_1	Opening - Animatic		オープニング　コンテ動画	Apertura - Guión Gráfico Animado	Вступление, видео с раскадровкой	Anfang - Animatic	Apertura - Animatico	Öppning - Animatiskt	Abertura - Animatic	Video del guion gráfico de la apertura.	Wprowadzenie - Animatik	入場動畫 分鏡	Açılış - Animatik	
spb_title_ch10_2	Opening - In-Production 1		オープニング　途中段階　１	Apertura - En Producción 1	Вступление, промежуточный этап 1	Anfang - Produktionsarbeiten 1	Apertura - In Produzione 1	Öppning - I-Produktion 1	Abertura - Em Produção 1	Apertura - En progreso 1	Wprowadzenie - W Produkcji 1	入場動畫 製作途中 1	Açılış - Yapım Aşamasında 1	
spb_title_ch10_3	Opening - In-Production 2		オープニング　途中段階　２	Apertura - En Producción 2	Вступление, промежуточный этап 2	Anfang - Produktionsarbeiten 2	Apertura - In Produzione 2	Öppning - I-Produktion 2	Abertura - Em Produção 2	Apertura - En progreso 2	Wprowadzenie - W Produkcji 2	入場動畫 製作途中 2	Açılış - Yapım Aşamasında 2	
spb_title_ch10_4	Ending - Animatic		エンディング　コンテ動画	Desenlace - Guión Gráfico Animado	Заключение, видео с раскадровкой	Ende - Animatic	Fine - Animatico	Slut - Animatiskt	Encerramento - Animatic	Video del guion gráfico del cierre	Zakończenie - Animatik	結局動畫 分鏡	Bitiş - Animatik	
spb_title_ch10_5	Ending - In-Production 1		エンディング　途中段階　１	Desenlace - En Producción 1	Заключение, промежуточный этап 1	Ende - Produktionsarbeiten 1	Fine - In Produzione 1	Slut - I-Produktion 1	Encerramento - Em Produção 1	Cierre - En progreso 1	Zakończenie - W Produkcji 1	結局動畫 製作途中 1	Bitiş - Yapım Aşamasında 1	
spb_title_ch10_6	Ending - In-Production 2		エンディング　途中段階　２	Desenlace - En Producción 2	Заключение, промежуточный этап 2	Ende - Produktionsarbeiten 2	Fine - In Produzione 2	Slut - I-Produktion 2	Encerramento - Em Produção 2	Cierre - En progreso 2	Zakończenie - W Produkcji 2	結局動畫 製作途中 2	Bitiş - Yapım Aşamasında 2	
spb_title_ch10_7	Opening - Finished Version		オープニング　完成版	Apertura - Versión Final	Вступление, финальная версия	Anfang - Fertige Version	Apertura - Versione Finale	Öppning - Färdig Version	Abertura - Versão Final	Apertura - Versión final	Wprowadzenie - Wersja Finalna	入場動畫—完成版	Açılış - Bitmiş Versiyonu	
spb_title_ch10_8	Ending - Finished Version		エンディング　完成版	Desenlace - Versión Final	Заключение, финальная версия	Ende - Fertige Version	Fine - Versione Finale	Slut - Färdig Version	Encerramento - Versão Final	Cierre - Versión final	Zakończenie - Wersja Finalna	結局動畫—完成版	Bitiş - Bitmiş Versiyonu	
spb_title_ch10_9	Object Memo		しかけ　メモ	Nota con un Objeto	Заметки с начальной стадии	Memo: Objekte	Nota di un Oggetto	Objektmemo	Nota de Objeto	Nota sobre los objetos	Opis Obiektu	物件 備忘	Nesne Notu	
spb_title_ch10_10	Dinosaur Jungle Memo		ダイナソージャングル　メモ	Nota de la Jungla Jurásica	Заметки о Джунглях динозавров	Memo: Dinosaur Jungle	Nota della Giungla dei Dinosauri	Dinosauriejungel Memo	Nota de Dinosaur Jungle	Nota sobre Dino Jungla	Opis Dżungli Dinozaurów	恐龍叢林 備忘	Dinazor Ormanı Notu	
spb_title_ch10_11	Golem Djinn Memo		ゴーレム・ジン　メモ	Nota del Yinn Gólem	Заметки об Голем Джинне	Memo: Golem Djinn	Nota del Golem Djinn	Golem Djinn Memo	Nota de Golem Djinn	Nota sobre el majin gólem	Opis Golema Dżin	精靈巨像 備忘	Golem Djinn Notu	
spb_title_ch10_12	Ifrit Golem Memo		イフリート　ゴーレム　メモ	Nota del Gólem Ifrit	Заметки об Голем Ифрите	Memo: Ifrit Golem	Nota del Golem Ifrit	Ifrit Golem Memo	Nota de Ifrit Golem	Nota sobre el Ifrit Gólem	Opis Ifrit Golema	伊弗利特巨像 備忘	Ifrit Golem Notu	
spb_title_ch10_13	Levitated Ruin Memo 1		レビテイテッドルーイン　メモ　１	Nota de las Ruinas Levitantes 1	Заметки о Парящих руинах 1	Memo: Levitated Ruin 1	Nota delle Rovine Levitate 1	Leviterade Ruiner Memo 1	Nota de Levitated Ruins 1	Nota sobre Ruinas Levitadas 1	Opis Lewitujących Ruin 1	懸浮遺址 備忘 1	Havadaki Harabe Notu 1	
spb_title_ch10_14	Levitated Ruin Memo 2		レビテイテッドルーイン　メモ　２	Nota de las Ruinas Levitantes 2	Заметки о Парящих руинах 2	Memo: Levitated Ruin 2	Nota delle Rovine Levitate 2	Leviterade Ruiner Memo 2	Nota de Levitated Ruins 2	Nota sobre Ruinas Levitadas 2	Opis Lewitujących Ruin 2	懸浮遺址 備忘 2	Havadaki Harabe Notu 2	
spb_title_ch10_15	Skeleton Dome Memo		スケレトンドーム　メモ	Nota del Domo Esquelético	Заметки о Скелетном своде	Memo: Skeleton Dome	Nota della Cupola Scheletrica	Skelettkupol Memo	Nota de Skeleton Dome	Nota sobre Domo Esquelético	Opis Kopuły Szkieletów	骷髏巨蛋 備忘	İskelet Kubbesi Notu	
														
spb_title_ch11_1	Sandstorm			Sandstorm	Sandstorm	Sandstorm	Sandstorm	Sandstorm	Sandstorm	Sandstorm	Sandstorm	Sandstorm	Sandstorm	
spb_title_ch11_2	Seven Rings In Hand			Seven Rings In Hand	Seven Rings In Hand	Seven Rings In Hand	Seven Rings In Hand	Seven Rings In Hand	Seven Rings In Hand	Seven Rings In Hand	Seven Rings in Hand	Seven Rings In Hand	Seven Rings In Hand	
spb_title_ch11_3	The Lost Prologue			The Lost Prologue	The Lost Prologue	The Lost Prologue	The Lost Prologue	The Lost Prologue	The Lost Prologue	The Lost Prologue	The Lost Prologue	The Lost Prologue	The Lost Prologue	
spb_title_ch11_4	Let The Speed Mend It			Let The Speed Mend It	Let The Speed Mend It	Let The Speed Mend It	Let The Speed Mend It	Let The Speed Mend It	Let The Speed Mend It	Let The Speed Mend It	Let The Speed Mend It	Let The Speed Mend It	Let The Speed Mend It	
spb_title_ch11_5	The Wicked Wild			The Wicked Wild	The Wicked Wild	The Wicked Wild	The Wicked Wild	The Wicked Wild	The Wicked Wild	The Wicked Wild	The Wicked Wild	The Wicked Wild	The Wicked Wild	
spb_title_ch11_6	The Palace That Was Found			The Palace That Was Found	The Palace That Was Found	The Palace That Was Found	The Palace That Was Found	The Palace That Was Found	The Palace That Was Found	The Palace That Was Found	The Palace That Was Found	The Palace That Was Found	The Palace That Was Found	
spb_title_ch11_7	High And Broken			High And Broken	High And Broken	High And Broken	High And Broken	High And Broken	High And Broken	High And Broken	High And Broken	High And Broken	High And Broken	
spb_title_ch11_8	No Way Through			No Way Through	No Way Through	No Way Through	No Way Through	No Way Through	No Way Through	No Way Through	No Way Through	No Way Through	No Way Through	
spb_title_ch11_9	The White of Sky			The White of Sky	The White of Sky	The White of Sky	The White Sky	The White Sky	The White of Sky	The White of Sky	The White of Sky	The White of Sky	The White of Sky	
spb_title_ch11_10	Unawakening Float			Unawakening Float	Unawakening Float	Unawakening Float	Unawakening Float	Unawakening Float	Unawakening Float	Unawakening Float	Unawakening Float	Unawakening Float	Unawakening Float	
spb_title_ch11_11	Poison Spear			Poison Spear	Poison Spear	Poison Spear	Poison Spear	Poison Spear	Poison Spear	Poison Spear	Poison Spear	Poison Spear	Poison Spear	
spb_title_ch11_12	How It Started			How It Started	How It Started	How It Started	How It Started	How It Started	How It Started	How It Started	How It Started	How It Started	How It Started	
spb_title_ch11_13	Blue On The Run			Blue On The Run	Blue On The Run	Blue On The Run	Blue On The Run	Blue On The Run	Blue On The Run	Blue On The Run	Blue On The Run	Blue On The Run	Blue On The Run	
spb_title_ch11_14	It Has Come To This			It Has Come To This	It Has Come To This	It Has Come To This	It Has Come To This	It Has Come To This	It Has Come To This	It Has Come To This	It Has Come To This	It Has Come To This	It Has Come To This	
spb_title_ch11_15	The Power of The Ring			The Power of The Ring	The Power of The Ring	The Power of The Ring	The Power of The Ring	The Power of The Ring	The Power of The Ring	The Power of The Ring	The Power of The Ring	The Power of The Ring	The Power of The Ring	
														
spb_title_ch12_1	The Legendary Blue Hedgehog			The Legendary Blue Hedgehog	The Legendary Blue Hedgehog	The Legendary Blue Hedgehog	The Legendery Blue Hedgehog	The Legendery Blue Hedgehog	The Legendary Blue Hedgehog	The Legendary Blue Hedgehog	The Legendary Blue Hedgehog	The Legendary Blue Hedgehog	The Legendary Blue Hedgehog	
spb_title_ch12_2	Judgement			Judgement	Judgement	Judgement	Judgement	Judgement	Judgement	Judgement	Judgement	Judgement	Judgement	
spb_title_ch12_3	King of Kings			King of Kings	King of Kings	King of Kings	King of Kings	King of Kings	King of Kings	King of Kings	King of Kings	King of Kings	King of Kings	
spb_title_ch12_4	His Fate			His Fate	His Fate	His Fate	His Fate	His Fate	His Fate	His Fate	His Fate	His Fate	His Fate	
spb_title_ch12_5	Shimmer of Hot Air			Shimmer of Hot Air	Shimmer of Hot Air	Shimmer of Hot Air	Shimmer of Hot Air	Shimmer of Hot Air	Shimmer of Hot Air	Shimmer of Hot Air	Shimmer of Hot Air	Shimmer of Hot Air	Shimmer of Hot Air	
spb_title_ch12_6	Misgiving			Misgiving	Misgiving	Misgiving	Misgiving	Misgiving	Misgiving	Misgiving	Misgiving	Misgiving	Misgiving	
spb_title_ch12_7	The Promise			The Promise	The Promise	The Promise	The Promise	The Promise	The Promise	The Promise	The Promise	The Promise	The Promise	
spb_title_ch12_8	Miss You			Miss You	Miss You	Miss You	Miss You	Miss You	Miss You	Miss You	Miss You	Miss You	Miss You	
spb_title_ch12_9	Worth a Chance			Worth a Chance	Worth a Chance	Worth a Chance	Worth a Chance	Worth a Chance	Worth a Chance	Worth a Chance	Worth a Chance	Worth a Chance	Worth a Chance	
spb_title_ch12_10	Ali Baba & Sinbad Rescued!			Ali Baba & Sinbad Rescued!	Ali Baba & Sinbad Rescued!	Ali Baba & Sinbad Rescued!	Ali Baba & Sinbad Rescued!	Ali Baba & Sinbad Rescued!	Ali Baba & Sinbad Rescued!	Ali Baba & Sinbad Rescued!	Ali Baba & Sinbad Rescued!	Ali Baba & Sinbad Rescued!	Ali Baba & Sinbad Rescued!	
spb_title_ch12_11	Revive			Revive	Revive	Revive	Revive	Revive	Revive	Revive	Revive	Revive	Revive	
spb_title_ch12_12	Shimmer of Hot Air - Heat			Shimmer of Hot Air - Heat	Shimmer of Hot Air - Heat	Shimmer of Hot Air - Heat	Shimmer of Hot Air - Heat	Shimmer of Hot Air - Heat	Shimmer of Hot Air - Heat	Shimmer of Hot Air - Heat	Shimmer of Hot Air - Heat	Shimmer of Hot Air - Heat	Shimmer of Hot Air - Heat	
spb_title_ch12_13	Shimmer of Hot Air - Rage			Shimmer of Hot Air - Rage	Shimmer of Hot Air - Rage	Shimmer of Hot Air - Rage	Shimmer of Hot Air - Rage	Shimmer of Hot Air - Rage	Shimmer of Hot Air - Rage	Shimmer of Hot Air - Rage	Shimmer of Hot Air - Heat	Shimmer of Hot Air - Rage	Shimmer of Hot Air - Rage	
spb_title_ch12_14	Seven Rings in Hand - Crush 40 Version			Seven Rings in Hand - Crush 40 Version	Seven Rings in Hand - Crush 40 Version	Seven Rings in Hand - Crush 40 Version	Seven Ring in Hand - Version di Crush 40	Seven Rings in Hand - Crush 40 Version	Seven Rings in Hand - Crush 40 Version	Seven Rings in Hand - Crush 40 Version	Seven Rings in Hand - Wersja Crush 40	Seven Rings in Hand - Crush 40 Version	Seven Rings in Hand - Crush 40 Version	
spb_title_ch12_15	Seven Rings in Hand - Fairytales in Trance Version			Seven Rings in Hand - Fairytales in Trance Version	Seven Rings in Hand - Fairytales in Trance Version	Seven Rings in Hand - Fairytales in Trance Version	Seven Ring in Hand - Versione di Fairytales in Trance 	Seven Ring in Hand - Sagor i Trans Version	Seven Rings in Hand - Fairytales in Trance Version	Seven Rings in Hand - Fairytales in Trance Version	Seven Rings in Hand - Wersja Fairytales in Trance	Seven Rings in Hand - Fairytales in Trance Version	Seven Rings in Hand - Fairytales in Trance Version	
														
spb_title_ch13_1	Dune's Tempest			Dune's Tempest	Dune's Tempest	Dune's Tempest	Dune's Tempest	Dune's Tempest	Dune's Tempest	Dune's Tempest	Dune's Tempest	Dune's Tempest	Dune'un Tapınağı	
spb_title_ch13_2	Desert Palace			Desert Palace	Desert Palace	Desert Palace	Desert Palace	Desert Palace	Desert Palace	Desert Palace	Desert Palace	Desert Palace	Çöl Sarayı	
spb_title_ch13_3	The Wicked Wild - Metal Version			The Wicked Wild - Metal Version	The Wicked Wild - Metal Version	The Wicked Wild - Metal Version	The Wicked Wild - Versione Metal 	The Wicked Wild - Metal Version	The Wicked Wild - Metal Version	The Wicked Wild - Metal Version	The Wicked Wild - Wersja Metalowa	The Wicked Wild - Metal Version	The Wicked Wild - Metal Versiyon	
spb_title_ch13_4	The Wicked Wild - Acoustic Version			The Wicked Wild - Acoustic Version	The Wicked Wild - Acoustic Version	The Wicked Wild - Acoustic Version	The Wicked Wild - Versione Acoustic 	The Wicked Wild - Akustisk version	The Wicked Wild - Acoustic Version	The Wicked Wild - Acoustic Version	The Wicked Wild - Wersja Akustyczna	The Wicked Wild - Acoustic Version	The Wicked Wild - Akustik Versiyon	
spb_title_ch13_5	The Palace That Was Found - Metal Version			The Palace That Was Found - Metal Version	The Palace That Was Found - Metal Version	The Palace That Was Found - Metal Version	The Palace That Was Found - Versione Metal 	The Palace That Was Found - Metal Version	The Palace That Was Found - Metal Version	The Palace That Was Found - Metal Version	The Palace That Was Found - Wersja Metalowa	The Palace That Was Found - Metal Version	The Palace That Was Found - Metal Versiyon	
spb_title_ch13_6	Magma Foundry			Magma Foundry	Magma Foundry	Magma Foundry	Magma Foundry	Magma Foundry	Magma Foundry	Magma Foundry	Magma Foundry	Magma Foundry	Magma Dökümhanesi	
spb_title_ch13_7	High and Broken - Chorus Version			High and Broken - Chorus Version	High and Broken - Chorus Version	High and Broken - Chorus Version	High and Broken - Versione da Coro	High and Broken - Refrängversion	High and Broken - Chorus Version	High and Broken - Chorus Version	High And Broken - Wersja Chórowa	High and Broken - Chorus Version	Yüksek ve Kırık - Koro Versiyon	
spb_title_ch13_8	Sky Athletics			Sky Athletics	Sky Athletics	Sky Athletics	Sky Athletics	Sky Athletics	Sky Athletics	Sky Athletics	Sky Athletics	Sky Athletics	Gökyüzü Atletizmi	
spb_title_ch13_9	No Way Through - Metal Version			No Way Through - Metal Version	No Way Through - Metal Version	No Way Through - Metal Version	No Way Through - Versione Metal 	No Way Through - Metal Version	No Way Through - Metal Version	No Way Through - Metal Version	No Way Through - Wersja Metalowa	No Way Through - Metal Version	No Way Through - Metal Versiyon	
spb_title_ch13_10	High Seas			High Seas	High Seas	High Seas	High Seas	High Seas	High Seas	High Seas	High Seas	High Seas	Açık Denizler	
spb_title_ch13_11	40 Thieves and a Legend			40 Thieves and a Legend	40 Thieves and a Legend	40 Thieves and a Legend	40 Thieves and a Legend	40 Thieves and a Legend	40 Thieves and a Legend	40 Thieves and a Legend	40 Thieves And a Legend	40 Thieves and a Legend	40 Hırsız ve Bir Efsane	
spb_title_ch13_12	Grim Winter			Grim Winter	Grim Winter	Grim Winter	Grim Winter	Grim Winter	Grim Winter	Grim Winter	Grim Winter	Grim Winter	Acımasız Kış	
spb_title_ch13_13	Glass Heart			Glass Heart	Glass Heart	Glass Heart	Glass Heart	Glass Heart	Glass Heart	Glass Heart	Glass Heart	Glass Heart	Cam Kalp	
spb_title_ch13_14	Unawakening Float - Rock Version			Unawakening Float - Rock Version	Unawakening Float - Rock Version	Unawakening Float - Rock Version	Unawakening Float - Versione Rock 	Unawakening Float - Rock Version	Unawakening Float - Rock Version	Unawakening Float - Rock Version	Unawakening Float - Wersja Rockowa	Unawakening Float - Rock Version	Unawakening Float - Rock Versiyon	
spb_title_ch13_15	Seven Rings in Hand - Credits Version			Seven Rings in Hand - Credits Version	Seven Rings in Hand - Credits Version	Seven Rings in Hand - Credits Version	Seven Rings in Hand - Versione dei Riconoscimenti	Seven Rings in Hand - Eftertextversion	Seven Rings in Hand - Credits Version	Seven Rings in Hand - Credits Version	Seven Rings in Hand - Wersja Napisów Końcowych	Seven Rings in Hand - Credits Version	Seven Rings in Hand - Jenerik Versiyon	
														
spb_title_ch14_1	Hero		ヒーロー	Héroe	Герой	Held	Eroe	Hjälte	Herói	Héroe	Bohater	英雄	Kahraman	
spb_title_ch14_2	True Hero		トュルーヒーロー	Héroe Verdadero	Настоящий герой	Wahrer Held	Vero Eroe	Äkta Hjälte	Verdadeiro Herói	Héroe verdadero	Prawdziwy Bohater	真正的英雄	Gerçek Kahraman	
spb_title_ch14_3	World Traveler		ワールドトラベラー	Trotamundos	Путешественник по миру	Weltenbummler	Avventuriero	Världsresenär	Viajante do Mundo	Viajero mundial	Podróżnik Świata	世界旅者	Dünya Gezgini	
spb_title_ch14_4	Grind Performer		グラインドパフォーマー	Especialista del Raíl	Скользящий полёт	Grind-Performer	Specialista della Ringhiera	Glidaktör	Especialista em Trilhos	Artista de los rieles	Szynowy Jeżdziec	滑軌表演者	Ray Ustası	
spb_title_ch14_5	Ring Getter		リングゲッター	Adquisidor de Anillos	Собиратель колец	Ring-Sammler	Acquisitore di Anelli	Ringmottagare	Colecionador de Anéis	Consigue-Anillos	Zbieracz Pierścieni	金環收集者	Yüzük Toplayıcısı	
spb_title_ch14_6	Genie Buster		マジッシュバスター	Destructor de Genios	Уничтожитель злых духов	Geistjäger	Distruttore di Geni	Andförstörare	Caçador de Gênios	Cazador mágico	Pogromca Dżinów	精靈剋星	Cin Avcısı	
spb_title_ch14_7	Extreme Speedster		エクストリームスピーダー	Súperveloz	Экстремальный гонщик	Speed-Freak	Super-Sonico	Extrem Speedster	Velocista Extremo	Velocista extremo	Ekstremalny Sprinter	極速高手	Aşırı Hızcı	
spb_title_ch14_8	Time Controller		タイムコントローラー	Maestro del Tiempo	Контроллер времени	Zeit-Regler	Controllore del Tempo	Tidskontrollant	Controlador do Tempo	Controla-tiempo	Kontroler Czasu	時間控制者	Zaman Denetleyicisi	
spb_title_ch14_9	Chain Striker		チェインストライカー	Experto en Cadenas	Цепная реакция	Ketten-Schläger	Esperto Di Catene	Kedjeslagare	Especialista em Sequências	Cierra-cadenas	Łańcuchowy Napastnik	連鎖急襲者	Zincir Vuruşçusu	
spb_title_ch14_10	Skill Saver		スキルセイバー	Ahorrador de Habilidades	Хранитель навыков	Skill-Sparer	Risparmiatore di Abilità	Färdighetssparare	Preservador de Habilidades	Ahorra-habilidades	Oszczędzacz Talentów	技能節用者	Beceri Koruyucusu	
spb_title_ch14_11	Skill Quinti		スキルクインティ		Минималист в навыках	Überlebenskünstler	Il Migliore dei Migliori		O Melhor dos Melhores	Habilidad Epítome	Utalentowanie Talentów	技能高手		
spb_title_ch14_12	Flame Master		フレイムマスター	Maestro de las Llamas	Мастер пламени	Flammen Meister	Maestro del Fuoco	Flammmästare	Mestre das Chamas	Maestro de las llamas	Mistrz Ognia	炎之大師	Alev Ustası	
spb_title_ch14_13	Wind Master		ウィンドマスター	Maestro del Viento	Мастер ветра	Meister des Winds	Maestro del Vento	Vindmästare	Mestre dos Ventos	Maestro del viento	Mistrz Wiatru	風之大師	Rüzgar Ustası	
spb_title_ch14_14	Dark Master		ダークマスター	Maestro de las Sombras	Мастер тьмы	Finsterer Meister	Maestro dell'Oscurità	Mörkmästare	Mestre da Escuridão	Maestro de las sombras	Mistrz Ciemności	闇之大師	Karanlık Ustası	
spb_title_ch14_15	Rebellion		リベリオン	Rebelde	Бунтарь	Rebell	Ribellione	Uppror	Rebelião	Rebelión	Rebellion	反叛者	İsyan	
														
spb_title_ch15_1	Super Player		スーパープレイャー	Júgador Estrella	Суперигрок	Super-Spieler	Giocatore Impeccabile	Superspelare	Super Jogador	Súper jugador	Super Gracz	超級玩家	Süper Oyuncu	
spb_title_ch15_2	Skill Collector		スキルコレクター	Coleccionista de Habilidades	Собиратель навыков	Skill-Sammler	Collezionista di Abilità	Färdighetssamlare	Colecionador de Habilidades	Coleccionista de habilidades	Kolekcjoner Talentów	技能收集者	Beceri Koleksiyoneri	
spb_title_ch15_3	Soul Collector		ソウルコレクター	Coleccionista de Almas	Собиратель душ огня	Seelen-Sammler	Collezionista di Anime	Själsamlare	Colecionador de Almas	Coleccionista de almas	Kolekcjoner Dusz	靈魂收集者	Ruh Koleksiyoneri	
spb_title_ch15_4	The Ultimate		ザ・アルティメット	Jugador Definitivo	Непобедимый	Der Ultimative	Giocatore definitivo	Det Ultimata	Jogador Supremo	El supremo	Ostateczny	究極	Nihai	
spb_title_ch15_5	Bookworm		ブックワーム	Obseso	Книжный червь	Bücherwurm	Topo di Biblioteca	Bokmal	Rato de Biblioteca	Ratón de biblioteca	Książkoholik	書蟲	Kitap Kurdu	
spb_title_ch15_6	Star		スター	Juerguista	Звезда	Star	Stella	Stjärna	Estrela	Estrella	Gwiazda	星星	Yıldız	
spb_title_ch15_7	Celebrity		セレブレティ	Celebridad	Знаменитость	Berühmtheit	Celebrità	Kändis	Celebridade	Celebridad	Celebryta	明星	Ünlü	
spb_title_ch15_8	Dealer		ディーラー	Postor Experto	Дилер	Händler	Negoziante	Handlare	Negociador	Negociador	Diler	商人	Satıcı	
spb_title_ch15_9	Trier		トライヤー	Resiliente	Трудяга	Prüfer	Ostinato	Försökare	Resiliente	Obstinado	Pracuś	嘗試者	Çabalayan	
spb_title_ch15_10	Pirate		パイレーツ	Bucanero	Пират	Pirat	Pirata	Pirat	Pirata	Pirata	Pirat	海盜	Korsan	
spb_title_ch15_11	Thief		シーフ	Bandido	Вор	Dieb	Ladro	Tjuv	Ladrão	Ladrón	Złodziej	竊賊	Hırsız	
spb_title_ch15_12	Explorer		エクスプローラー	Explorador	Исследователь	Forscher	Esploratore	Utforskare	Explorador	Explorador	Eksplorer	探險家	Kaşif	
spb_title_ch15_13	Champion		チャンピオン	Campeón	Чемпион	Recke	Campione	Mästare	Campeão	Campeón	Czempion	冠軍	Şampiyon	
spb_title_ch15_14	Sonic Freak		ソニックフリーク	Fanático	Фанат Соника	Sonic Freak	Appassionato di Sonic	Sonic Freak	Fanático por Sonic	Fan de Sonic	Sonicowy Świr	索尼克狂粉	Sonic Delisi	
spb_title_ch15_15	Record Buster		レコードバスター	Plusmarquista	Рекордсмен	Rekord-Brecher	Distruttore di Record	Rekordbrytare	Recordista	Rompe récords	Łamacz Rekordów	打破紀錄者	Rekor Kırıcı	
														
spb_title_ch15b_1														
spb_title_ch15b_2														
spb_title_ch15b_3														
spb_title_ch15b_4														
spb_title_ch15b_5														
spb_title_ch15b_6														
spb_title_ch15b_7														
spb_title_ch15b_8														
spb_title_ch15b_9														
spb_title_ch15b_10														
spb_title_ch15b_11														
spb_title_ch15b_12														
spb_title_ch15b_13														
spb_title_ch15b_14														
spb_title_ch15b_15														
														
spb_title_ch16_1	Lost Prologue		ロストプロローグ　にて	Prólogo Perdido	Потерянный пролог	Lost Prologue	Prologo Perduto	Förlorad Prolog	Lost Prologue	Prólogo Perdido	Zaginiony Prolog	失落序章	Kayıp Giriş	
spb_title_ch16_2	Sand Oasis		サンドオアシス　にて	Oasis de Arena	Песчаный оазис	Sand Oasis	Oasi Sabbiose	Sandoas	Sand Oasis	Oasis Arenoso	Piaszczysta Oaza	沙漠綠洲	Kum Vahası	
spb_title_ch16_3	Sand Oasis		サンドオアシス　にて	Oasis de Arena	Песчаный оазис	Sand Oasis	Oasi Sabbiose	Sandoas	Sand Oasis	Oasis Arenoso	Piaszczysta Oaza	沙漠綠洲	Kum Vahası	
spb_title_ch16_4	Dinosaur Jungle		ダイナソージャングル　にて	Jungla Jurásica	Джунгли динозавров	Dinosaur Jungle	Giungla dei Dinosauri	Dinosauriejungel	Dinosaur Jungle	Dino Jungla	Dżungla Dinozaurów	恐龍叢林	Dinazor Ormanı	
spb_title_ch16_5	Dinosaur Jungle		ダイナソージャングル　にて	Jungla Jurásica	Джунгли динозавров	Dinosaur Jungle	Giungla dei Dinosauri	Dinosauriejungel	Dinosaur Jungle	Dino Jungla	Dżungla Dinozaurów	恐龍叢林	Dinazor Ormanı	
spb_title_ch16_6	Evil Foundry		イビルフャウンドリー　にて	Forja Maligna	Плавильня зла	Evil Foundry	Fonderia Maligna	Ond Smedja	Evil Foundry	Fundición Maléfica	Przeklęta Odlewnia	萬惡鑄造廠	Kötü Dökümhane	
spb_title_ch16_7	Evil Foundry		イビルフャウンドリー　にて	Forja Maligna	Плавильня зла	Evil Foundry	Fonderia Maligna	Ond Smedja	Evil Foundry	Fundición Maléfica	Przeklęta Odlewnia	萬惡鑄造廠	Kötü Dökümhane	
spb_title_ch16_8	Levitated Ruin		レビテイテッドルーイン　にて	Ruinas Levitantes	Парящие руины	Levitated Ruin	Rovine Levitate	Leviterade Ruiner	Levitated Ruins	Ruinas Levitadas	Lewitujące Ruiny	懸浮遺跡	Havadaki Harabe	
spb_title_ch16_9	Levitated Ruin		レビテイテッドルーイン　にて	Ruinas Levitantes	Парящие руины	Levitated Ruin	Rovine Levitate	Leviterade Ruiner	Levitated Ruins	Ruinas Levitadas	Lewitujące Ruiny	懸浮遺跡	Havadaki Harabe	
spb_title_ch16_10	Pirate Storm		パイレーツストーム　にて	Tormenta Pirata	Пиратский шторм	Pirate Storm	Tempesta Pirata	Piratstorm	Pirate Storm	Tormenta Pirata	Piracki Sztorm	海盜暴風	Korsan Fırtınası	
spb_title_ch16_11	Pirate Storm		パイレーツストーム　にて	Tormenta Pirata	Пиратский шторм	Pirate Storm	Tempesta Pirata	Piratstorm	Pirate Storm	Tormenta Pirata	Piracki Sztorm	海盜暴風	Korsan Fırtınası	
spb_title_ch16_12	Skeleton Dome		スケレトンドーム　にて	Domo Esquelético	Скелетный свод	Skeleton Dome	Cupola Scheletrica	Skelettkupol	Skeleton Dome	Domo Esquelético	Kopuła Szkieletów	骷髏巨蛋	İskelet Kubbesi	
spb_title_ch16_13	Skeleton Dome		スケレトンドーム　にて	Domo Esquelético	Скелетный свод	Skeleton Dome	Cupola Scheletrica	Skelettkupol	Skeleton Dome	Domo Esquelético	Kopuła Szkieletów	骷髏巨蛋	İskelet Kubbesi	
spb_title_ch16_14	Night Palace		ナイトパレス　にて	Palacio Nocturno	Ночной дворец	Night Palace	Palazzo Notturno	Nattpalats	Night Palace	Palacio Nocturno	Nocny Pałac	暗夜宮殿	Gece Sarayı	
spb_title_ch16_15	Night Palace		ナイトパレス　にて	Palacio Nocturno	Ночной дворец	Night Palace	Palazzo Notturno	Nattpalats	Night Palace	Palacio Nocturno	Nocny Pałac	暗夜宮殿	Gece Sarayı	
														
spb_desc_ch1_1	- 1991 -\n"""Sonic The Hedgehog"""\nThe World's fastest hedgehog makes his debut!		１９９１年\n「ソニック・ザ・ヘッジホッグ」\n走ることなら誰にも負けない世界最速にして超音速のハリネズミがさっそうと登場！	- 1991 -\n"""Sonic The Hedgehog"""\n¡El debut del erizo más rápido del mundo!	- 1991 -\n"""Sonic The Hedgehog"""\nПервое появление самого быстрого в мире, никому не проигрывающего в беге сверхзвукового ежа!	- 1991 -\n"""Sonic The Hedgehog"""\nDer schnellste Igel der Welt feiert sein Debüt!	- 1991 -\n"""Sonic The Hedgehog"""\nIl debutto del riccio più veloce al mondo!	- 1991 -\n"""Sonic The Hedgehog"""\nVärldens snabbaste igelkott gör sin debut!	1991 -\n"""Sonic The Hedgehog"""\nO ouriço mais rápido do mundo faz sua estreia!	1991\n"""Sonic the Hedgehog"""\n¡Hace su gallarda aparición el erizo supersónico\nmás rápido del mundo, a quien nadie\ngana si se trata de correr!	- 1991 -\n"""Sonic The Hedgehog"""\nNajszybszy jeż na Świecie debiutuje!	- 1991年 -\n「音速小子（Sonic The Hedgehog）」\n奔跑速度無人能敵，世界最快的超音速刺猬帥氣登場！	- 1991 -\n"""Sonic The Hedgehog"""\nDünyanın en hızlı kirpisi ilk kez ortaya çıktı!	
spb_desc_ch1_2	- 1992 -\n"""Sonic The Hedgehog 2"""\nSonic is first joined by Tails, his two-tailed fox friend.		１９９２年\n「ソニック・ザ・ヘッジホッグ２」\nソニックにあこがれるテイルスが登場。２本のしっぽをふって一生けんめい走る！	- 1992 -\n"""Sonic The Hedgehog 2"""\nSonic va acompañado de Tails, el zorro de dos colas.	- 1992 -\n"""Sonic The Hedgehog 2"""\nПервое появление Тейлза, который восхищается Соником. У него 2 хвоста, которые позволяют ему летать!	- 1992 -\n"""Sonic The Hedgehog 2"""\nSonic wird erstmals von Tails, dem Fuchs mit den zwei Schwänzen, begleitet.	- 1992 -\n"""Sonic The Hedgehog 2"""\nSonic incontra Tails, il suo amico volpe a due code.	- 1992 -\n"""Sonic The Hedgehog 2"""\nSonic får först sällskap av Tails, hans tvåsvansade rävvän.	1992 -\n"""Sonic The Hedgehog 2"""\nSonic é acompanhado pela primeira vez por Tails, seu amigo raposa de duas caudas.	1992\n"""Sonic the Hedgehog 2"""\nAparece Tails, quien admira a Sonic.\n¡Corre con todas sus fuerzas\nmoviendo sus dos colas!	- 1992 -\n"""Sonic The Hedgehog 2"""\nDo Sonica dołącza lis Tails, jego dwu-ogonowy przyjaciel.	- 1992年 -\n「音速小子2（Sonic The Hedgehog 2）」\n崇拜索尼克的塔爾斯登場！搖著兩條尾巴的他將竭盡全力地奔跑！	- 1992 -\n"""Sonic The Hedgehog 2"""\nSonic'e ilk olarak iki kuyruklu tilki arkadaşı Tails katılır.	
spb_desc_ch1_3	- 1993 -\n"""Sonic CD"""\nMeet Amy Rose, Sonic's ever-cheerful love interest.		１９９３年\n「ソニックＣＤ」\n元気いっぱい恋に恋する女の子エミー登場	- 1993 -\n"""Sonic CD"""\nConoce a Amy Rose, la risueña erizo enamorada de Sonic.	- 1993 -\n"""Sonic CD"""\nПервое появление Эми, очень весёлой и влюблённой девочки.	- 1993 -\n"""Sonic CD"""\nAmy Rose, Sonic's unfreiwillige Romanze	- 1993 -\n"""Sonic CD"""\nSonic incontra Amy Rose, una ragazza innamorata di lui.	- 1993 -\n"""Sonic CD"""\nMöt Amy Rose, Sonics ständigt glada kärleksintresse.	1993 -\n"""Sonic CD"""\nConheça Amy Rose, uma ouriça radiante que é apaixonada pelo Sonic.	1993\n"""Sonic CD"""\nAparece Amy, una chica llena\nde energía y enamorada del amor.	- 1993 -\n"""Sonic CD"""\nSpotkaj Amy Rose. Niestrudzona kandydatka Sonica.	- 1993年 -\n「音速小子 CD（Sonic CD）」\n充滿元氣又憧憬戀愛的女孩，艾咪蘿絲登場！	- 1993 -\n"""Sonic CD"""\nSonic'in her daim neşeli sevgilisi Amy Rose ile tanışın.	
spb_desc_ch1_4	- 1994 -\n"""Sonic the Hedgehog 3""" and """Sonic & Knuckles"""\nKnuckles, the hard-headed echidna, makes his first appearance.		１９９４年\n「ソニック・ザ・ヘッジホッグ３」「ソニック＆ナッカルズ」\nがんこな性格でマーシャルアーツの達人ナッカルズが登場	- 1994 -\n"""Sonic the Hedgehog 3""" & """Sonic & Knuckles"""\nAparece por primera vez Knuckles, el testarudo equidna.	- 1994 -\n"""Sonic the Hedgehog 3""" and """Sonic & Knuckles"""\nПервое появления Наклза, упрямого, но прекрасно владеющего боевыми искусствами.	- 1994 -\n"""Sonic the Hedgehog 3""" and """Sonic & Knuckles"""\nKnuckles, der sture Echidna tritt auf den Plan.	- 1994 -\n"""Sonic the Hedgehog 3""" & """Sonic & Knuckles"""\nKnuckles, un testardo echidna, fa la sua prima apparizione.	- 1994 -\n"""Sonic the Hedgehog 3""" och """Sonic & Knuckles"""\nKnuckles, den hårdhuvade myrpiggsvinet, gör sitt första framträdande.	1994 -\n"""Sonic The Hedgehog 3""" e """Sonic & Knuckles"""\nKnuckles, o equidna cabeça-dura, faz sua primeira aparição.	1994\n"""Sonic the Hedgehog 3""" y """Sonic & Knuckles"""\nAparece Knuckles, experto en artes marciales\ny de carácter obstinado.	- 1994 -\n"""Sonic The Hedgehog 3""" oraz """Sonic & Knuckles"""\nKnuckles, twardogłowa kolczatka pokazuje się po raz pierwszy.	- 1994年 -\n「音速小子 3（Sonic The Hedgehog 3）」「音速小子 & 納克魯斯（Sonic & Knuckles）」\n固執又擅長武術的針鼬，納克魯斯登場！	- 1994 -\n"""Sonic the Hedgehog 3""" & """Sonic & Knuckles"""\nİnatçı ekidna Knuckles ilk kez ortaya çıkıyor.	
spb_desc_ch1_5	- 1995 -\n"""Knuckles Chaotix"""\nKnuckles is joined by his rambunctious friends!		１９９５年\n「カオティクス」\nナッカルズとその仲間が大かつやく！	- 1995 -\n"""Knuckles Chaotix"""\n¡A Knuckles se le suman sus marchosos amigos!	- 1995 -\n"""Knuckles Chaotix"""\nНаклз и его друзья идут навстречу приключениям!	- 1995 -\n"""Knuckles Chaotix"""\nKnuckles wird von seinen verrückten Freunden begleitet!	- 1995 -\n"""Knuckles Chaotix"""\nKnuckles fa squadra con i suoi turbolenti amici!	- 1995 -\n"""Knuckles Chaotix"""\nKnuckles får sällskap av sina högljudda vänner!	1995 -\n"""Knuckles Chaotix"""\nKnuckles se junta aos seus amigos indomáveis!	1995\n"""Knuckles Chaotix"""\n¡Knuckles y sus amigos\ntienen un gran protagonismo!	- 1995 -\n"""Knuckles Chaotix"""\nDo Knucklesa dołaczają jego żywiołowi kumple!	- 1995年 -\n「Knuckles Chaotix」\n納克魯斯與他的夥伴們大顯身手！	- 1995 -\n"""Knuckles Chaotix"""\nKnuckles'a haylaz arkadaşları katılıyor!	
spb_desc_ch1_6	- 1996 -\n"""Sonic 3D Blast"""\nSonic goes in search of the Chaos Emeralds on Flicky Island		１９９６年\n「ソニック３Ｄブラスト」\nソニックがカオスエメラルドの眠る"""フリッキーアイランド"""をぶたいにかつやく！	- 1996 -\n"""Sonic 3D Blast"""\nSonic pone rumbo a la Isla de los Flickies en busca de las Esmeraldas del Caos.	- 1996 -\n"""Sonic 3D Blast"""\nСоник отправляется на остров Флики, где спрятаны Изумруды Хаоса.	- 1996 -\n"""Sonic 3D Blast"""\nSonic sucht auf Flicky Island nach den Chaos Emeralds.	- 1996 -\n"""Sonic 3D Blast"""\nSonic va alla ricerca dei Chaos Emeralds nell'Isola dei Flicky	- 1996 -\n"""Sonic 3D Blast"""\nSonic ger sig ut på jakt efter Kaossmaragder på Flicky Ön	1996 -\n"""Sonic 3D Blast"""\nSonic parte em busca das Esmeraldas do Caos em Flicky Island.	1996\n"""Sonic 3D Blast"""\n¡Sonic entra en acción en la """Isla Flicky""", donde duermen las Esmeraldas Caos!	- 1996 -\n"""Sonic 3D Blast"""\nSonic wyrusza na poszukiwanie Szmaragdów Chaosu na Wyspie Flicky.	- 1996年 -\n「音速小子 3D 風暴（Sonic 3D Blast）」\n索尼克在沉睡著混沌翡翠的Flicky島上大展身手！	- 1996 -\n"""Sonic 3D Blast"""\nSonic, Flicky Adası'nda Kaos Zümrütlerini aramaya gidiyor	
spb_desc_ch1_7	- 1997 -\n"""Sonic R"""\nThe first fully 3-D Sonic racing game!		１９９７年\n「ソニックＲ」\n完全に３Ｄとなったソニックたちがレースで戦うぞ！	- 1997 -\n"""Sonic R"""\n¡El primer juego de Sonic completamente en 3D!	- 1997 -\n"""Sonic R"""\nСоник и его друзья предстали в 3D, чтобы сразиться в гонке!	- 1997 -\n"""Sonic R"""\nDas erste voll in 3D realisierte Rennspiel mit Sonic!	- 1997 -\n"""Sonic R"""\nIl primo gioco di corsa di Sonic in 3D!	- 1997 -\n"""Sonic R"""\nDet första helt 3D Sonicracingspelet!	1997 -\n"""Sonic R"""\nO primeiro jogo de corrida do Sonic totalmente em 3D!	1997\n"""Sonic R"""\n¡Sonic y compañía, totalmente en 3D,\ncompiten en carreras!	- 1997 -\n"""Sonic R"""\nPierwsza gra wyścigowa Sonica w pełnym 3D!	- 1997年 -\n「音速小子 R（Sonic R）」\n首款全3D索尼克競速賽跑遊戲！	- 1997 -\n"""Sonic R"""\nİlk tamamen 3D Sonic yarış oyunu!	
spb_desc_ch1_8	- 1998 -\n"""Sonic Adventure"""\nSix characters with six unique adventures! Sold in Japan only.		１９９８年\n「ソニック・アドベンチャー」\n６人のキャラクターを使って６つアドベンチャーを攻略せよ！日本でのみ発売	- 1998 -\n"""Sonic Adventure"""\n¡Seis personajes, seis aventuras únicas! Solo a la venta en Japón.	- 1998 -\n"""Sonic Adventure"""\nПройдите 6 приключений, используя 6 героев! Только для японского рынка.	- 1998 -\n"""Sonic Adventure"""\nSechs Figuren und sechs einzigartige Abenteuer! Nur in Japan erhältlich.	- 1998 -\n"""Sonic Adventure"""\nSei personaggi con sei avventure uniche! Venduto solo in Giappone.	- 1998 -\n"""Sonic Adventure"""\nSex karaktärer med sex unika äventyr! Säljs endast i Japan.	1998 -\n"""Sonic Adventure"""\nSeis personagens com seis aventuras únicas! Vendido somente no Japão.	1998\n"""Sonic Adventure"""\n¡Utiliza a 6 personajes para superar 6 aventuras!\nLanzado solo en Japón.	- 1998 -\n"""Sonic Adventure"""\nSześć postaci z sześcioma przygodami! Sprzedane tylko w Japoni.	- 1998年 -\n「音速小子大冒險（Sonic Adventure）」\n六個角色皆有獨特的冒險！僅在日本發售。	- 1998 -\n"""Sonic Adventure"""\nAltı karakter altı benzersiz macera! Sadece Japonya'da satılmaktadır.	
spb_desc_ch1_9	- 1999 -\n"""Sonic Adventure International"""\nSonic Adventure released to the rest of the world.		１９９９年\n「ソニック・アドベンチャー・インターナショナル」\nソニックアドベンチャーが全世界で発売！	- 1999 -\n"""Sonic Adventure Internacional"""\nSonic Adventure sale a la venta en el resto del mundo.	- 1999 -\n"""Sonic Adventure International"""\nSonic Adventure вышел во всём мире!	- 1999 -\n"""Sonic Adventure International"""\nSonic Adventure erscheint nun auch außerhalb Japans!	- 1999 -\n"""Sonic Adventure Internzionale"""\nSonic Adventure viene rilasciato al resto del mondo.	- 1999 -\n"""Sonic Adventure International"""\nSonic Adventure släpptes till resten av världen.	1999 -\n"""Sonic Adventure International"""\nSonic Adventure é lançado para o resto do mundo.	1999\n"""Sonic Adventure International"""\n¡Sonic Adventure sale a la venta en todo el mundo!	- 1999 -\n"""Sonic Adventure International"""\nPrzygody Sonica wypuszczone dla reszty świata.	- 1999年 -\n「音速小子大冒險國際版（Sonic Adventure International）」\n索尼克大冒險於全世界開始發售！	- 1999 -\n"""Sonic Adventure Uluslar Arası"""\nSonic Adventure tüm dünyaya sunuldu.	
spb_desc_ch1_10	- 2000 -\n"""Sonic Shuffle"""\nSonic and his pals battle against Void to protect Maginaryworld!		２０００年「ソニック・シャッフル」\n夢と光の世界マージナリフールドを守るためにソニックと仲間たちがヴォイドと対決！	- 2000 -\n"""Sonic Shuffle"""\nSonic y sus amigos luchan contra Void para proteger el Maginaryworld!	- 2000 -\n"""Sonic Shuffle"""\nСоник и его друзья сражаются с Войдом, чтобы защитить Воображариум, мир мечты и света!	- 2000 -\n"""Sonic Shuffle"""\nSonic und seine Freunde kämpfen gegen Void, um Maginary World zu retten!	- 2000 -\n"""Sonic Shuffle"""\nSonic e i suoi amici combattono contro Void per proteggere Maginaryworld!	- 2000 -\n"""Sonic Shuffle"""\nSonic och hans kompisar kämpar mot Void för att skydda Maginaryworld!	2000 -\n"""Sonic Shuffle"""\nSonic e seus amigos lutam contra Void para proteger Maginaryworld!	2000\n"""Sonic Shuffle"""\n¡Sonic y sus amigos se enfrentan a Void para proteger Maginarimundo,\nel mundo de los sueños y la luz!	- 2000 -\n"""Sonic Shuffle"""\nSonic i jego znajomi walczą z Próżnią by ochronić Wyobrażoświat!	- 2000年 -\n「Sonic Shuffle」\n索尼克和他的夥伴們為了保護 Maginaryworld 和 Void 對戰！	- 2000 -\n"""Sonic Shuffle"""\nSonic ve arkadaşları Maginaryworld'ü korumak için Void'e karşı savaşıyor!	
spb_desc_ch1_11	- 2001 -\n"""Sonic Adventure 2""" and """Sonic Advance"""\nThe black hedgehog Shadow makes his sinister debut!		２００１年「ソニック・アドベンチャー２」「ソニック・アドバンス」\n黒きハリネズミシャドウ登場！	- 2001 -\n"""Sonic Adventure 2"""\n"""Sonic Advance"""\n¡El siniestro debut de Shadow, el erizo negro!	- 2001 -\n"""Sonic Adventure 2""" and """Sonic Advance"""\nПервое появление тёмного ежа Шедоу!	- 2001 -\n"""Sonic Adventure 2""" und """Sonic Advance"""\nDer schwarze Igel Shadow tritt zum ersten Mal in Erscheinung!	- 2001 -\n"""Sonic Adventure 2"""\n"""Sonic Advance"""\nIl riccio nero Shadow fa il suo sinistro debutto!	- 2001 -\n"""Sonic Adventure 2""" och """Sonic Advance"""\nDen svarta igelkotten Shadow gör sin ondskefulla debut!	2001 -\n"""Sonic Adventure 2""" e """Sonic Advance"""\nO ouriço negro Shadow faz sua estreia sinistra!	2001\n"""Sonic Adventure 2""" y """Sonic Advance"""\n¡Aparece Shadow, el erizo negro!	- 2001 -\n"""Sonic Adventure 2""" oraz """Sonic Advance"""\nCzarny jeż Shadow robi złowieszczy debiut!	- 2001年 -\n「音速小子大冒險 2（Sonic Adventure 2）」「音速小子進化（Sonic Advance）」\n漆黑的刺蝟「夏特」初登場！	- 2001 -\n"""Sonic Adventure 2"""\n"""Sonic Advance"""\nKara kirpi Shadow uğursuz çıkışını yapıyor!	
spb_desc_ch1_12	- 2002 -\n"""Sonic Advance 2"""\nMeet Cream and her little Chao friend, Cheese!		２００２年「ソニック・アドバンス２」\nチャオのチーズと大の仲良しクリーム登場！	- 2002 -\n"""Sonic Advance 2"""\n¡Conoce a Cream y a su pequeño amigo Chao, Cheese!	- 2002 -\n"""Sonic Advance 2"""\nПоявление Чао Чиза и его подруги Крим!	- 2002 -\n"""Sonic Advance 2"""\nLerne Cream und ihren kleinen Chao-Freund Cheese kennen!	- 2002 -\n"""Sonic Advance 2"""\nIncontra Cream e il suo piccolo amico Chao, Cheese!	- 2002 -\n"""Sonic Advance 2"""\nMöt Cream och hennes lilla Chao-vän, Cheese!	2002 -\n"""Sonic Advance 2"""\nConheça Cream e seu pequeno amigo Chao, Cheese!	2002\n"""Sonic Advance 2"""\n¡Aparece Cream, la gran amiga del Chao Cheese!	- 2002 -\n"""Sonic Advance 2"""\nSpotkaj Cream i jej małego Chao przyjaciela, Cheese!	- 2002年 -\n「音速小子進化 2（Sonic Advance 2）」\n克林姆與起司的初登場！	- 2002 -\n"""Sonic Advance 2"""\nCream ve küçük Chao arkadaşı Cheese ile tanışın!	
spb_desc_ch1_13	- 2003 -\n"""Sonic Heroes"""\n12 characters split into teams and head out into action together!		２００３年「ソニック・ヒーローズ」\n１２名の多彩なキャラクターが登場チームアクションでつきすすめ！	- 2003 -\n"""Sonic Heroes"""\n¡12 personajes divididos en equipos se disponen a la acción!	- 2003 -\n"""Sonic Heroes"""\nПеред Вами предстанут 12 разных героев. Вы будете сражаться командой!	- 2003 -\n"""Sonic Heroes"""\n12 Figuren und 4 Teams in einem aufregenden Action-Abenteuer!	- 2003 -\n"""Sonic Heroes"""\n12 personaggi divisi in squadre che vanno incontro all'azione insieme!	- 2003 -\n"""Sonic Heroes"""\n12 karaktärer delas in i lag och ger sig ut i action tillsammans!	2003 -\n"""Sonic Heroes"""\n12 personagens divididos em equipes partem juntos para a ação!	2003\n"""Sonic Heroes"""\n¡Aparecen 12 variados personajes! ¡Avanza actuando en equipo!	- 2003 -\n"""Sonic Heroes"""\n12 postaci podzielonych na drużyny które razem wkraczają do akcji!	- 2003年 -\n「音速小子 英雄（Sonic Heroes）」\n登場了12名多彩角色的團隊動作遊戲！	- 2003 -\n"""Sonic Heroes"""\n12 karakter takımlara ayrılıp birlikte aksiyona atılıyor!	
spb_desc_ch1_14	- 2004 -\n"""Sonic Advance 3"""\nPlayers get to play with friends!\n"""Sonic Heroes""" comes to Europe and North America.		２００４年「ソニック・アドバンス３」\n好きな仲間と冒険！\nこの年、「ソニック・ヒーローズ」が北米、欧州で発売	- 2004 -\n"""Sonic Advance 3"""\n¡Puedes jugar con tus amigos!\n"""Sonic Heroes""" llega a Europa y a Norteamérica.	- 2004 -\n"""Sonic Advance 3"""\nПриключения с любимыми друзьями!!\n"""Sonic Heroes""" в этом году вышли в Северной Америке\nи Европе.	- 2004 -\n"""Sonic Advance 3"""\nSpieler können nun mit ihren Freunden spielen!\n"""Sonic Heroes""" erscheint in Europa und den USA.	- 2004 -\n"""Sonic Advance 3"""\nSi può giocare con gli amici!\n"""Sonic Heroes""" arriva in Europa e Nord America.	- 2004 -\n"""Sonic Advance 3"""\nSpelare får spela med vänner!\n"""Sonic Heroes""" kommer till Europa och Nordamerika.	2004 -\n"""Sonic Advance 3"""\nOs jogadores podem se divertir com os amigos!\n"""Sonic Heroes""" chega à Europa e América do Norte.	2004\n"""Sonic Advance 3"""\n¡Una aventura con tus compañeros favoritos!\nEste año, """Sonic Heroes""" sale a la venta en Norteamérica y Europa.	- 2004 -\n"""Sonic Advance 3"""\nGracze mogą grać z przyjaciółmi!\n"""Sonic Heroes""" wypuszczone dla Europy oraz Ameryki Północnej.	- 2004年 -\n「音速小子進化 3（Sonic Advance 3）」\n玩家能和朋友一起遊玩！!\n「音速小子 英雄」 進軍歐美國家！	- 2004 -\n"""Sonic Advance 3"""\nOyuncular arkadaşlarıyla oynayabiliyor!\n"""Sonic Heroes""" Avrupa ve Kuzey Amerika'ya geliyor.	
spb_desc_ch1_15	- 2005 - 2006 -\n"""Shadow the Hedgehog""", """Sonic Rush""", and """Sonic Riders"""\nAnd the adventure continues...		２００５～２００６年「シャドウ・ザ・ヘッジホッグ」「ソニック・ラッシュ」「ソニック・ライダーズ」\n冒険は続くぞ！	- 2005 - 2006 -\n"""Shadow the Hedgehog"""\n"""Sonic Rush"""\n"""Sonic Riders"""\nY la aventura continúa...	- 2005 - 2006 -\n"""Shadow the Hedgehog""", """Sonic Rush""", """Sonic Riders"""\nПриключения продолжаются!	- 2005 - 2006 -\n"""Shadow the Hedgehog""", """Sonic Rush""", und """Sonic Riders"""\nUnd die Abenteuer nehmen kein Ende...!	- 2005 - 2006 -\n"""Shadow the Hedgehog"""\n"""Sonic Rush"""\n"""Sonic Riders"""\nE l'avventura continua...	- 2005 - 2006 -\n"""Shadow the Hedgehog""", """Sonic Rush""", och """Sonic Riders"""\nOch äventyret fortsätter...	2005 - 2006 -\n"""Shadow the Hedgehog""", """Sonic Rush""", e """Sonic Riders"""\nE a aventura continua...	2005-2006\n"""Shadow the Hedgehog"""\n"""Sonic Rush"""\n"""Sonic Riders"""\n¡La aventura continúa!	- 2005 - 2006 -\n"""Shadow The Hedgehog""", """Sonic Rush""", oraz """Sonic Riders"""\nI przygoda dalej trwa...	- 2005 ～ 2006年 -\n「夏特（Shadow the Hedgehog）」「音速小子 衝刺（Sonic Rush）」「音速小子 滑板（Sonic Riders）」\n他們的冒險將繼續下去……	- 2005 - 2006 -\n"""Shadow the Hedgehog"""\n"""Sonic Rush"""\n"""Sonic Riders"""\nVe macera devam ediyor...	
														
spb_desc_ch2_1	We decided to include the fire in Sonic's chest early on during the planning stages.		ソニックの胸から炎をだすことは、初期のストーリー案で決まっていた	Decidimos temprano en la planificación que incluiríamos el fuego en el pecho de Sonic.	То, что у Соника в груди будет пламя, было решено с самого начала.	Schon in der Planungsphase einigten wir uns auf den Flammenpfeil in Sonics Brust.	Abbiamo deciso sin dall'inizio di includere il fuoco nel petto di Sonic.	Vi bestämde oss för att inkludera elden i Sonics bröstkorg tidigt i planeringsstadiet.	Decidimos incluir o fogo no peito do Sonic logo nas fases iniciais de planejamento.	Que saliera fuego del pecho de Sonic estaba decidido en el borrador inicial de la historia.	Zdecydowaliśmy uwzględnić ogień w piersi Sonica wcześnie w etapach planowania.	「索尼克從胸口噴出火焰」，是在最初的故事構想就已經決定的設定。	Fragman Resmi 1\nPlanlama aşamalarının başlarında Sonic'in göğsündeki ateşi eklemeye karar verdik.	
spb_desc_ch2_2	A more fiery and powered-up version from the initial image.		炎の中を走る！\n最初のイメージからさらにパワーアップ	Una versión más fogosa y potente de la imagen original.	Более мощная версия первоначального варианта.	Eine """feurigere""" Variante der ursprünglichen Abbildung.	Una versione più focosa della immagine iniziale.	En mer eldig och kraftfull version från den ursprungliga bilden.	Uma versão mais flamejante e turbinada da imagem inicial.	¡Corriendo entre las llamas!\nAlgo más potente respecto a la imagen inicial.	Bardziej ognista i wzmocniona wersja z początkowego obrazu.	在火焰中奔馳！從最初的形象再度進化！	Fragman Resmi 2\nİlk görselden daha ateşli ve güçlendirilmiş bir versiyon.	
spb_desc_ch2_3	Title logo for Japanese use.		タイトルロゴが日本語用	Versión con el logotipo del título en Japonés.	Сделали логотип на японском языке.	Titellogo für den japanischen Markt.	Logo del titolo per l'utilizzo in Giappone	Titellogotyp för japanskt bruk.	Logo do título para uso no Japão.	Logotipo del título para la versión japonesa.	Logo tytułu dla użytku Japońskiego.	日文用的標題設計。	Fragman Resmi - Japonca\nJaponca kullanıma yönelik başlık logosu.	
spb_desc_ch2_4	We included four in-game screenshots to convey what the game was all about.		ゲームの中身が想像できるようイメージの違う４つのスクリーンソョットが配置された	Incluímos cuatro capturas de pantalla del juego para enseñar cómo era.	Здесь вставлено 4 разных скриншота, по которым можно понять содержание игры.	Vier Screenshots sollen das Thema des Spiels näherbringen.	Abbiamo incluso quattro foto del gioco per esprimere di cosa si tratti.	Vi inkluderade fyra skärmdumpar från spelet för att visa vad spelet handlade om.	Incluímos quatro capturas de tela do jogo para mostrar do que ele se tratava.	Se colocaron 4 capturas de pantalla con imágenes diferentes para poder imaginar el contenido del juego.	Uwzględniliśmy cztery screenshoty gry by przekazać o czym ta gra jest.	配置四張不同的遊戲截圖來展示遊戲的核心內容。	Fuar Broşürü\nOyunun ne hakkında olduğunu anlatmak için dört adet oyun içi ekran görüntüsü ekledik.	
spb_desc_ch2_5	This was the version used for posters and pamphlets.		パンフレットやポスターにする時はこれを使う	Esta es la versión definitiva para carteles y folletos.	Эта версия использовалась для брошюр и плакатов.	Dies ist die für Poster und Broschüren verwendete Version.	Questa è la versione usata per i poster e gli opuscoli.	Detta var den version som användes för affischer och broschyrer.	Esta foi a versão usada em pôsteres e folhetos.	Esto se utiliza al hacer folletos o pósteres.	To była wersja użyta dla plakatów i ulotek.	海報及小冊子所使用的版本。	Fragman Resmi Son Versiyonu\nBu, poster ve broşürler için kullanılan sürümdür.	
spb_desc_ch2_6	Sonic's pose here with the ring was something that we arrived at through experimentation.		ソニックのポーズ指のリングをいかにかっこよく見せるかいろいろ試した結果生まれたもの	Nos decidimos por esta pose de Sonic con el anillo a través de la experimentación.	Поза Соника, получившаяся в результате многих попыток показать круто кольцо на пальце Соника.	Nach vielen Ansätzen einigten wir uns auf diese Pose, die Sonic mit dem Ring zeigt.	La posa di Sonic qua con l'anello è qualcosa che riuscimmo ad arrivare con sperimentazioni.	Sonics pose här med ringen var något vi kom fram till genom experimenterande.	Essa pose do Sonic com o anel foi algo que chegamos por meio de experimentação.	El resultado de probar varias formas de hacer que el anillo en el dedo de Sonic luciera genial en su pose.	Tutejsza poza Sonica z pierścieniem to było coś, do czego dotarliśmy przez eksperymentację.	這是我們經過各種嘗試，為了讓索尼克手上拿著金環的這個姿勢看起來更帥氣的成果	Ana Görsel\nSonic'in yüzükle verdiği poz, deneylerle ulaştığımız bir şeydi.	
spb_desc_ch2_7	The """O""" in """SONIC""" uses the same flame motif from the teaser image.		ＳＯＮＩＣの"""Ｏ"""の文字に注目\nディザーイメージと同じく炎がモチーフ	La """O""" de """SONIC""" utiliza el mismo adorno en forma de llama que aparece en la imagen promocional.	Обратите внимание на букву """O""" в слове """SONIC""".	Das """O""" in """SONIC""" zeigt dasselbe Flammenmotiv wie das vom Aufmacher.	La """O""" in """SONIC""" usa il tema infuocato dalla immagine promozionale.	"""O"""et i """SONIC""" använder samma flammotiv från teaserbilden.	O """O""" em """SONIC""" usa o mesmo motif de chamas do teaser de imagem.	Atención a la letra """O""" de """SONIC"""\nEl motivo es el fuego, al igual que en la imagen promocional.	"""O""" w """SONIC""" używa tego samego ognistego motywu z obrazu zwiastunowego.	「SONIC」中的「O」字，和前導視覺圖一樣是使用火焰為主題。	Başlık Logosu - İngilizce Versiyonu\n"""SONIC"""teki """O""" harfi, tanıtım görselindeki alev motifini kullanıyor.	
spb_desc_ch2_8	Although the text was completely different from English letters, we wanted to keep the look similar.		文字がちがっても英語版と同じふんいきがでるようフォントを作成している	Aunque el texto fuese completamente distinto que con letras latinas, quisimos darle un aspecto similar	Как и на тизерном изображении, сохранён пламенный мотив.	Obwohl sich der Text von den englischen Buchstaben unterscheidet, sollte das Design ähnlich sein.	Anche se il testo è completamente diverso, volevamo mantenere l'aspetto simile.	Även om texten var helt annorlunda från engelska bokstäver, ville vi behålla utseendet likartat.	Embora o texto fosse completamente diferente das letras em inglês, queríamos manter a aparência semelhante.	Se creó una fuente para que se vea igual que en la versión en inglés, aunque los caracteres sean diferentes.	Mimo tego, że tekst był kompletnie inny od Angielskich litery, chcieliśmy utrzymać podobny wygląd.	儘管這些文字和英文版本完全不同，我們還是想要讓它們維持相似氛圍的樣子。	Başlık Logosu - Japonca Versiyonu\nMetin İngilizce harflerden tamamen farklı olsa da, görünümün benzer kalmasını istedik.	
spb_desc_ch2_9	The logo was based on the English version, with lettering adjusted accordingly.		英語版にイメージをあわせるため文字の位置を調整している	La imagen está basada en la versión inglesa, con las escritura ajustada acorde a las palabras.	Шрифт подобран так, чтобы получилась такая же """атмосфера""", как в английской версии.	Das auf der englischen Version basierte Bild mit entsprechendem deutschen Text.	L'immagine è basata dalla versione inglese, con le lettere aggiustate di conseguenza.	Logotypen baserades på den engelska versionen, med bokstäver justerade i enlighet därmed.	O logo foi baseado na versão em inglês, com as letras ajustadas apropriadamente.	Se ajustó la posición del texto para que coincida con la imagen de la versión en inglés.	Logo było bazowane na Angielskiej wersji z odpowiednio dopasowanym literowaniem.	以英文版為基底製成的設計，文字也已經過調整。	Başlık Logosu - Almanca Versiyonu\nGörsel İngilizce versiyona dayanmaktadır, yazılar buna göre ayarlanmıştır.	
spb_desc_ch2_10	The logo was based on the English version, with lettering adjusted accordingly.		英語版にイメージをあわせるため文字の位置を調整している	La imagen está basada en la versión inglesa, con las escritura ajustada acorde a las palabras.	Изменили положение букв, чтобы подогнать их под изображение в английской версии.	Das auf der englischen Version basierte Bild mit entsprechendem italienischen Text.	L'immagine è basata dalla versione inglese, con le lettere aggiustate di conseguenza.	Logotypen baserades på den engelska versionen, med bokstäver justerade i enlighet därmed.	O logo foi baseado na versão em inglês, com as letras ajustadas apropriadamente.	Se ajustó la posición del texto para que coincida con la imagen de la versión en inglés.	Logo było bazowane na Angielskiej wersji z odpowiednio dopasowanym literowaniem.	以英文版為基底製成的設計，文字也已經過調整。	Başlık Logosu - İtalyanca Versiyonu\nGörsel İngilizce versiyona dayanmaktadır, yazılar buna göre ayarlanmıştır.	
spb_desc_ch2_11	The logo was based on the English version, with lettering adjusted accordingly.		英語版にイメージをあわせるため文字の位置を調整している	La imagen está basada en la versión inglesa, con las escritura ajustada acorde a las palabras.	Изменили положение букв, чтобы подогнать их под изображение в английской версии.	Das auf der englischen Version basierte Bild mit entsprechendem spanischen Text.	L'immagine è basata dalla versione inglese, con le lettere aggiustate di conseguenza.	Logotypen baserades på den engelska versionen, med bokstäver justerade i enlighet därmed.	O logo foi baseado na versão em inglês, com as letras ajustadas apropriadamente.	Se ajustó la posición del texto para que coincida con la imagen de la versión en inglés.	Logo było bazowane na Angielskiej wersji z odpowiednio dopasowanym literowaniem.	以英文版為基底製成的設計，文字也已經過調整。	Başlık Logosu - İspanyolca Versiyonu\nGörsel İngilizce versiyona dayanmaktadır, yazılar buna göre ayarlanmıştır.	
spb_desc_ch2_12	The design was made to look like the title page of a book.		本の表紙をイメージして作られたもの	La diseñamos con la idea de que pareciese la portada de un libro.	Сделано так, чтобы было похоже на обложку книги.	Dieses Design wurde im Stil einer Titelseite eines Buches ausgeführt.	Il design è fatto in modo per somigliare alla copertina di un libro.	Designen gjordes för att se ut som titelsidan på en bok.	O design foi feito para se parecer com a capa de um livro.	La creamos con la imagen de la portada de un libro en mente.	Ten design był stworzony by wyglądał jak strona z książki.	這項設計是以書本封面為靈感所打造的。	Fragman Tanıtım Resmi\nTasarım bir kitabın başlık sayfasına benzeyecek şekilde yapılmıştır.	
spb_desc_ch2_13	A rough design of a title logo.		タイトルロゴが決まるまでのラフデザイン	Bosquejos aproximados de un logotipo para el título.	Черновой дизайн до утверждения финального логотипа.	Ein frühes Design für ein Titellogo.	Un design grezzo per il logo del titolo.	En grov design av en titellogotyp.	Um esboço do logo do título.	Bocetos de diseño previos a la decisión del logotipo del título.	Szkic designu dla logo tytułu.	標題設計確定之前使用的版本。	Başlık Logosu - İlk Harf 1\nBir başlık logosunun kaba tasarımı.	
spb_desc_ch2_14	Different iterations of the final logo. We tweaked it based on input from other territories.		よく見るとタイトルも今とはちがう。\nタイトルも世界中の意見を参考にしながら調整を重ねている	Versiones que se asemejan al logo final. Las ajustamos en base a comentarios externos.	В нескольких деталях финальный логотип другой. Он менялся на основании мнений людей со всего мира.	Leicht veränderte Version des entgültigen Logos, nach Feedback von den anderen Vertriebsregionen.	Piccole variazioni differenti rispetto al logo finale. L'abbiamo modificato in base al contributo di altri territori.	Olika versioner av den slutliga logotypen. Vi justerade den baserat på input från andra områden.	Diferentes versões do logo final. Ajustamos ele com base nas sugestões de outros territórios.	Si miras bien, el título es diferente al actual.\nEl título se ajustó tomando como referencia opiniones de todo el mundo.	Inne wersje robocze finalnego logo. Poprawiliśmy je na podstawie porad z innych terytorium.	歷經多次修改的標題設計。我們根據來自世界各地的建議進行調整。	Başlık Logosu - İlk 2\nSon logodan biraz farklı bir varyasyon. Diğer bölgelerden gelen geri bildirimlere dayanarak üzerinde değişiklikler yaptık.	
spb_desc_ch2_15	This was the logo shown in May, 2006. This was the working title at the time.		２００６年５月に発表された時のタイトルロゴ。\nこの時は、まだＷＯＲＫＩＮＧ　ＴＩＴＬＥ	Este es el logotipo mostrado en mayo del 2006. Era el título provisional en aquel momento.	Логотип игры, которая была выпущена в мае 2006 года. Тогда это было ещё рабочее название.	Dies ist das Logo im Mai 2006 und der Arbeitstitel zu dieser Zeit.	Questo è il logo mostrato nel Maggio 2006. Questo era il titolo provvisorio al momento	Detta var logotypen som visades i maj 2006. Detta var arbetsnamnet vid den tiden.	Este foi o logo mostrado em maio de 2006. Este era o título provisório na época.	El logotipo del título cuando fue anunciado en mayo de 2006.\nEn ese momento, todavía era un TÍTULO PROVISIONAL.	Te logo było pokazane w Maju, 2006. Wtedy to był jeszcze tytuł roboczy.	2006年五月發表時採用的標題設計。當時仍是暫定標題。	Başlık Logosu - İlk Harf 3\nBu, Mayıs 2006'da gösterilen logodur. O zamanlar bu, çalışma başlığıydı.	
														
spb_desc_ch3_1	We tried many different costumes to get the right attitude and feel.		衣装もいくつかパターンを検討。\n動きがでるようにやわらかい素材を腰につけている	Probamos muchos atuendos distintos para encontrar la personalidad y el aspecto adecuados.	Мы рассмотрели несколько вариантов одежды. Чтобы её движения были плавными, на пояснице был использован мягкий материал.	Wir testeten viele verschiedene Kostüme zur Vermittlung des richtigen Flairs.	Abbiamo provato tanti vestiti per ottenere il giusto comportamento e percezione.	Vi provade många olika kostymer för att få rätt attityd och känsla.	Testamos várias roupas diferentes para encontrar a personalidade e o aspecto adequados.	Se consideraron varios patrones para el vestuario.\nLleva un material suave en la cintura para dar sensación de movimiento.	Próbowalismy wiele innych kostiumów, aby uzyskać odpowiednią atmosferę i klimat.	服裝設計上也嘗試了多種樣式。為了強化動態感，在腰部加入了柔軟材質。	Shahra - Konsept\nDoğru tavrı ve hissiyatı yakalamak için birçok farklı kostüm denedik.	
spb_desc_ch3_2	We wanted her to look happy, but also still a bit ephemeral.		元気ながらもどこかはかなげな印象になるよう調整されている	Queríamos que se viese alegre. pero también algo efímera.	Сделали так, чтобы показать её энергичной, но хрупкой.	Shahra sollte zwar einen glücklichen, aber gleichzeitig auch vergänglichen Eindruck vermitteln.	Abbiamo voluto renderla felice, ma lasciandola un pò effimera.	Vi ville att hon skulle se glad ut, men också lite efemär.	Queríamos que ela parecesse feliz, mas ainda um pouco etérea.	Se hicieron ajustes para darle una apariencia alegre, pero también frágil.	Chcieliśmy żeby wyglądała na radosną, ale też trochę efemeryczną.	在設計上刻意調整，使其既展現活力，又帶有一絲脆弱感。	Shahra - Konsept Renkler\nMutlu görünmesini istedik ama aynı zamanda biraz da geçici olmasını istedik.	
spb_desc_ch3_3	You'll notice her accessories are based on the ring motif.		リングをモチーフにした髪かざりがポイント	Como puedes ver, sus accesorios están basados el motivo de los anillos.	Мотивом украшения для волос стало кольцо.	Auffällig sind ihre Accessoires, die auf dem Ringmotiv beruhen.	Puoi vedere che i suoi accessori sono basati dal tema degli anelli.	Du kommer att märka att hennes accessoarer är baserade på ringmotivet.	Você notará que os acessórios dela são baseados no motif do anel.	El punto clave es el adorno del pelo con el motivo de un anillo.	Zauważysz, że jej akcesoria są bazowane na motywie pierścienia.	以戒指為主題的髮飾是造型的亮點。	Shahra - 3 Yüzler\nAksesuarlarının yüzük motifinden esinlendiğini fark edeceksiniz.	
spb_desc_ch3_4	She looks a bit older here, but there's a range of different facial expressions.		ちょっと大人っぽいが、いろいろなシャーラの表情を描いてもらった	Aquí se ve más mayor, pero muestra un gran rango de expresiones faciales diferentes.	Были нарисованы различные выражения лица Шахры.	Hier sieht sie ein wenig älter aus, aber zeigt eine Reihe unterschiedlicher Gesichtsausdrücke.	Sembra un po' più vecchia qua, ma ha una grande varietà di espressioni.	Hon ser lite äldre ut här, men det finns en mängd olika ansiktsuttryck.	Ela parece um pouco mais velha aqui, mas há uma variedade de expressões faciais.	Un poco más mayor, pero se dibujaron varias expresiones de Shahra.	Wyglada tutaj na trochę starszą, ale jest tutaj wiele różnych wyrazów twarzy.	雖然她的個性偏成熟感，我們還是把夏拉各式各樣的表情畫了出來。	Shahra - İfadeler 1\nBurada biraz daha yaşlı görünüyor, ancak farklı yüz ifadeleri var.	
spb_desc_ch3_5	Here we have dfferent sketches based on specific story scenes.		ストーリーのシーンにあうように、何点か描いてもらった	Estos son varios bocetos basados en escenas específicas de la historia.	Было нарисовано несколько вариантов под разные сцены.	Hier haben wir verschiedene, auf bestimmte Szenen im Spiel angepasste Entwürfe.	Qua abbiamo schizzi differenti basati su scene della storia specifiche.	Här har vi olika sketcher baserade på specifika scener i berättelsen.	Aqui temos diferentes esboços baseados em cenas específicas da história.	Se dibujaron varios bocetos para encajar con las escenas de la historia.	Tutaj mamy różne szkice na podstawie specyficznych scen fabularnych.	根據特定的故事場景而繪製的不同插畫。	Shahra - İfadeler 2\nBurada belirli hikaye sahnelerine dayalı farklı eskizlerimiz var.	
spb_desc_ch3_6	This model was based on the motifs we chose during concept stages.		初期イメージの中にあったとおりに髪かざりがモデリングされている	Este modelo está basado en los mismos motivos que escogimos durante el desarollo de los conceptos.	Украшение для волос полностью соответствует модели на первом концепте.	Dieses Modell basiert auf denselben Motiven, die wir während der Entwurfsphase ausgewählt haben.	Il modello è basato sul tema che abbiamo scelto durante le fasi concettuali.	Denna modell baserades på de motiv vi valde under konceptfaserna.	Este modelo foi baseado nos motifs que escolhemos durante as fases de conceito.	El adorno del pelo ha sido modelado tal y como estaba en la imagen inicial.	Ten model był bazowany na motywach, które wybraliśmy podczas etapów konceptowych.	髮飾的建模完全是依照最初的設計構想進行。	Shahra - Üretim CG Modeli\nBu model, konsept aşamasında seçtiğimiz motiflere dayanmaktadır.	
spb_desc_ch3_7	Different patterns for Shahra. We ended up liking the sash and skin color here, so we kept those for later.		シャーラの別のパターン。この腰の肌の色などがよかったためいろいろまぜ合わせて現在の設定にかった	Distintos patrones para Shara. Terminó por gustarnos la faja y el color de piel, así que los mantuvimos en posteriores diseños.	Другой вариант Шахры. Цвет кожи и ткань на пояснице многим понравились, мы это объединили и получили вот это.	Verschiedene Muster für Shahra. Uns gefielen die Schärpe und Hautfarbe.	Motivi differenti per Shahra. Abbiamo finito per piacere la fascia e il colore di pelle, quindi li abbiamo tenuti per dopo.	Olika mönster för Shahra. Vi gillade skärpet och hudfärgen här, så vi sparade dem till senare.	Diferentes padrões para Shahra. Acabamos gostando da faixa e da cor de pele aqui, então mantivemos esses elementos para mais tarde.	Otros patrones de Shahra. Como el color de piel de la cintura y otros detalles eran buenos, se mezclaron varios elementos para llegar al diseño actual.	Różne wzory dla Shahry. Ostatecznie spodobał nam się tutaj pas i kolor skóry, więc zachowaliśmy je na póżniej.	夏拉的另一個設計草案。由於腰部肌膚的色調效果很好，我們將多種元素混合後，採用了現在的設定。	Shahra - Konsept Resmi 2\nShahra için farklı desenler. Kuşak ve ten rengini çok beğendiğimiz için onları daha sonraya sakladık.	
spb_desc_ch3_8	This must be what Erazor was like when he was younger and on friendly terms with Shahra.		シャーラと仲良しだったころはこんな感じの若者だったにちがいない	Así debía de verse cuando era más joven y estaba en buenos términos con Shara.	Так он мог выглядеть, когда был молодым и дружил с Шахрой.	So etwa muss er ausgesehen haben, als er jünger und noch gut zu Shahra war.	Questo doveva essere Erazor quando era giovane ed andava d'accordo con Shahra.	Det måste vara så här Erazor var när han var yngre och va vän med Shahra.	Assim deveria ser Erazor quando era mais jovem e ainda tinha uma relação amigável com Shahra.	Sin duda debió de ser un joven así cuando se llevaba bien con Shahra.	Taki musiał być Erazor, kiedy był młodszy i miał lepsze warunki z Shahrą.	伊萊薩和夏拉關係要好的時候，肯定是像這樣的年輕人吧。	Erazor - Konsept Resmi 1\nBu, gençken ve Shahra ile dostken nasıl biri olduğuyla ilgili olmalı.	
spb_desc_ch3_9	Initially, he had somewhat more humanlike colors.		今よりも色あいが少しだけ人間らしい印象	Al principio, tenía colores más humanoides.	Цвета подобраны так, что он был больше похож на человека, чем сейчас.	Ursprünglich erschien er in eher realitätsnahen Farben...	Inizialmente, aveva colori più umani.	Ursprungligen hade han något mer människolika färger.	Inicialmente, ele tinha cores um pouco mais humanas.	Los tonos dan una impresión un poco más humana que ahora.	Początkowo miał całkiem ludzkie kolory.	相較於現在的色調稍微更具人類感。	Erazor - Konsept Renkler 1\nBaşlangıçta daha insansı renklere sahipti.	
spb_desc_ch3_10	We changed his skin color to be more genie-like.		よりマジンらしく肌の色を変更した	Cambiamos el color de su piel para que pareciese más un genio.	Изменили цвет кожи, чтобы он больше походил на джинна.	...doch dann änderten wir seine Hautfarbe, so dass er mehr wie ein Geist aussah.	Abbiamo cambiato i colori per renderlo più come in genio.	Vi ändrade hans hudfärg så att han blev mer andelik.	Mudamos a cor da pele dele para ficar mais parecida com a de um gênio.	Se cambió el color de piel para que pareciera más un majin.	Zmieniliśmy jego kolor skóry by wyglądał bardziej jak dżin.	為了讓他看起來更像精靈，我們改變了他的膚色。	Erazor - Konsept Renkler 2\nCin rengini daha cin gibi olacak şekilde değiştirdik.	
spb_desc_ch3_11	The outfit didn't end up changing much. You can see some of his more human origins here, offsetting some of his evil.		重厚なかざりは初期デザインから。\n悪者だがもとは人間という意味を残している	Su vestimenta no cambió mucho respecto a esta. Aquí se percibe algo más de orígenes humanos, que compensa su maldad.	Мощные украшения остались с первого дизайна. Он злодей, но изначально считался человеком.	Sein Outfit hat sich wenig geändert. Hier kann man seine menschlicheren Züge gut erkennen.	Il vestito finì per essere non tanto cambiato. Puoi vedere un pò delle sue origini umane, controbilanciando la sua malvagità.	Kostymen förändrades inte särskilt mycket. Här kan man se en del av hans mer mänskliga ursprung, vilket uppväger en del av hans ondska.	A roupa acabou não mudando muito. Aqui, você pode ver algumas de suas origens mais humanas, equilibrando um pouco sua maldade.	Los adornos pesados vienen del diseño inicial.\nConserva el significado de que, aunque es un villano, originalmente era humano.	Strój nie zmienił się za bardzo. Widać tutaj jego ludzkie początki, równoważąc część jego zła.	厚重的裝飾來自最初的設計構想。\n代表著雖然他是反派，但殘留著過去曾是人類的意義。	Erazor - 3 Yüzler\nKıyafet pek değişmedi. Burada, kötülüğünün bir kısmını dengeleyen, daha insani kökenlerinden bazılarını görebilirsin.	
spb_desc_ch3_12	Even evil characters have facial expressions other than scowling.		しかめっつらだけでなく悪者としてよゆうのある表情など細かく設定している	Incluso los personajes malvados tienen expresiones que no son de enfado.	Ему прорисовали не только хмурые брови, но и другие выражения лица злодея.	Selbst Bösewichte verfügen über ein Minenspiel und sehen nicht nur """böse""" aus!	Pure personaggi malvaggi non hanno solo l'espressione da accigliato.	Även onda karaktärer har andra ansiktsuttryck än sura ögon.	Até personagens malignos têm expressões faciais além de carrancas.	No sólo se han detallado gestos de ceño fruncido, sino también expresiones de compostura propias de un villano.	Nawet złe postacie mają inne wyrazy twarzy niż marszczenie brwi.	就連反派角色也有除了皺眉以外的細膩表情。	Erazor - İfadeler 1\nKötü karakterlerin bile somurtmaktan başka yüz ifadeleri vardır.	
spb_desc_ch3_13	These faces were drawn up in planning for one of the movie scenes near the end.		最後のあたりのムービーシーンのために用意したいろいろな表情	Estas caras se dibujaron con una de las escenas finales en mente.	Разные выражения лица для сцены в видеоролике ближе к концу.	Diese Gesichter wurden in der Planungsphase für eine der letzten Filmsequenzen gezeichnet.	Queste facce furono disegnate nella pianificazione per una scena alla fine.	Dessa ansikten ritades upp under planeringen av en av filmscenerna mot slutet.	Essas expressões foram desenhadas durante o planejamento de uma das cenas do filme, perto do final.	Varias expresiones preparadas para las escenas de vídeo de la parte final.	Te twarze były narysowane podczas planowania jednych ze scen końcowych blisko końca.	為了接近故事尾聲的影片場景之一而繪製的多種表情。	Erazor - İfadeler 2\nBu yüzler filmin sonuna yakın bir sahnenin planlanması sırasında çizilmiştir.	
spb_desc_ch3_14	His overall shape was set before more details were modeled in.		全体の形を大まかに作ったころのもの。\nここから細部がモデリングされる	Antes de modelar más detalles, aquí ya teníamos la forma general.	Создали модель в общих чертах. После этого были смоделированы детали.	Sein allgemeiner Umriss wird hier festgelegt, bevor mehr Details hinzukommen.	La sua forma era già fatta prima che più dettagli furono messi.	Hans övergripande form var fastställd innan fler detaljer modellerades in.	A forma geral dele foi definida antes de mais detalhes serem modelados.	De cuando se creó la forma general a grandes rasgos.\nA partir de aquí se modelan los detalles.	Jego ogólny kształt był wybrany zanim wymodelowano więcej detali.	這是整體造型初步完成時的版本，接下來才開始進行細部的建模作業。	Erazor - Üretim CG Modeli\nDaha fazla ayrıntı modellenmeden önce genel şekli burada ayarlanmıştır.	
spb_desc_ch3_15	An early Erazor concept. Perhaps he might have looked like this if the game was set in Sonic's world.		初期のイレイザー。\nいつもどおりのソニックならこにな感じもあるか！？	Un concepto temprano de Erazor. ¿Ves lo que hace tener que enfrentarse a Sonic?	Первоначальный Эрейзор. Неужели Соник может производить подобное впечатление?!	Ein früher Entwurf von Erazor. Vielleicht hätte er so ausgesehen, wenn dieses Spiel in Sonics Welt spielen würde.	Un concetto iniziale di Erazor. Forse sarrebbe stato così se il gioco era nel mondo di Sonic.	Ett tidigt Erazor-koncept. Han kanske hade sett ut så här om spelet utspelade sig i Sonics värld.	Um conceito inicial do Erazor. Talvez ele tivesse esse visual se o jogo se passasse no mundo do Sonic.	El primer diseño de Erazor.\nSi fuera un juego de Sonic usual, ¿tendría un aspecto así?	Wczesny koncept Erazora. Możę tak by wyglądał, gdyby miejsce akcji toczyło się w świecie Sonica.	伊萊薩的初期設計。如果故事發生在索尼克的世界，他大概就會長成這樣吧。	Erazor - Konsept Resmi 2\nErken dönem Erazor konseptlerinden biri. Sonic'in ona ne yaptığını görüyor musunuz?	
														
spb_desc_ch4_1	We based his look on the character from """Ali-Baba and the Forty Thieves."""		アラビアンナイトの「アリババと４０人の盗賊」にでてくるアリババをモチーフにしたキャラクター	Basamos su apariencia en la del personaje de """Alí Babá y los cuarenta ladrones""".	Герой по мотивам Али-Баба, который появляется в рассказе """Али-Баба и 40 разбойников""" в """Тысяче и одной ночи""".	Sein Aussehen haben wir dem Charakter aus """Ali Baba und die 40 Räuber""" nachempfunden.	Abbiamo basato il suo aspetto dal personaggio di """Ali-Baba e i quaranta ladroni""".	Vi baserade hans utseende på karaktären från "Ali-Baba och de fyrtio tjuvarna".	Baseamos sua aparência no personagem de """Ali Babá e os Quarenta Ladrões""".	Personaje inspirado en Alí Babá, de """Alí Babá y los 40 ladrones""" de """Las mil y una noches""".	Zrobiliśmy jego wygląd na podstawie postaci z """Ali-Baba i Czterdziestu Rozbójników""".	以《一千零一夜》中〈阿里巴巴與四十大盜〉登場的阿里巴巴為原型的角色。	Ali-Baba\nGörünümünü """Ali-Baba ve Kırk Haramiler""" dan karakterden esinlenerek oluşturduk.	
spb_desc_ch4_2	Sinbad is said to have sailed the seven seas.\nWe wanted him to look strong, cool, and worthy.		シンドバットは７つの海をまたにかける冒険王。\n力強く紳士的でかっこよう設定	Se dice que Simbad ha navegado los siete mares.\nQueríamos que se viese fuerte, genial y digno.	Синдбад - король приключений, объехавший 7 морей. Он должен быть сильным, благородным и крутым.	Sindbad soll die sieben Weltmeere befahren haben. Wir wollten ihn stark, cool und würdig aussehen lassen.	Sinbad è detto che ha attraversato i sette mari.\nAbbiamo voluto darli un aspetto forte, fico, e degno.	Sinbad sägs ha seglat över de sju haven.\nVi ville att han skulle se stark, cool och värdig ut.	É dito que Simbad navegou pelos sete mares.\nQueríamos que ele parecesse forte, legal e digno.	Simbad es el rey de la aventura que recorrió los siete mares.\nLo diseñamos para verse fuerte, caballeroso y genial.	Mówi się, że Sinbad przepłynął siedem mór.\nChcieliśmy, żeby wyglądał na silnego, fajnego i godnego.	辛巴達是橫跨七海的冒險王，設定上是充滿力量、紳士風範且帥氣的角色。 	Sinbad\nSinbad'ın yedi denizi aştığı söylenir.\nOnun güçlü, havalı ve değerli görünmesini istedik.	
spb_desc_ch4_3	The king is the one to whom the stories of the Arabian Nights were told, night after night...		夜な夜な、この王様に話された物語をまとめたのがアラビアンナイトとなった	Este sultán es a quien le cuentan, noche tras noche, las historias de Las mil y una noches...	"""Тысяча и одна ночь""" - это сборник рассказов, которые по ночам рассказывали царю Шахрияру.	Dem König werden die Geschichten von Tausendundeiner Nacht erzählt, Nacht für Nacht...	Il Re è il quale raccontava le storie delle Mille ed una notte, notte dopo notte...	Kungen är den som berättelserna om Tusen och en natt berättades för, natt efter natt...	O rei é aquele a quem as histórias das Mil e Uma Noites eram contadas, noite após noite...	La recopilación de las historias contadas noche tras noche a este sultán se convirtió en """Las mil y una noches""".	Król to ten, któremu noc po nocy opowiadano historie z Arabskich Nocy.	每晚，為這位國王講述的故事被整理成了《一千零一夜》。	Kral Şehriyar\nŞah, Binbir Gece Masalları'nın anlatıldığı kişidir, geceler boyu...	
spb_desc_ch4_4	We were deciding what to do about the rings placed on his body.		身につけている指輪にいたるまで設定を決めている	Intentábamos decidir que hacer con los anillos colocados en su cuerpo.	Проработано вплоть до кольца, которое он носит.	Hier waren wir noch am Überlegen, wie wir seinen mit Ringen geschmückten Körper gestalten sollten.	Stavamo decidendo su cosa fare degli anelli nel suo corpo.	Vi höll på att bestämma vad vi skulle göra med ringarna som han hade satt på kroppen.	Estávamos decidindo o que fazer com os anéis colocados em seu corpo.	Se decidieron los detalles incluso de los anillos que lleva puestos.	Decydowaliśmy o tym, co zrobić z jego pierścieniami na jego ciele.	甚至連他所佩戴的戒指也有詳細設定。	Kral Solomon\nVücuduna takılan yüzüklerle ilgili ne yapacağımızı düşünüyorduk.	
spb_desc_ch4_5	We discarded this design because it was too removed from the feel of the rest of the game.		全体的なゲームのトーンとはちがっていたので没とした。\nこれはこれで味があるんだけど	Descartamos este diseño porque nos pareció que se alejaba demasiado del estilo del resto del juego.	Оно не соответствовало общему тону игры, поэтому от него отказались. Хотя в нём есть свой шарм.	Wir haben dieses Design verworfen, da es letztendlich nicht zum Spiel passte.	Abbiamo scartato questo design perchè era troppo distaccato da come il gioco appariva.	Vi tog bort den här designen eftersom den var för distanserad från känslan i resten av spelet.	Descartamos esse design porque destoava demais do restante do jogo.  	Se descartó porque difería del tono general del juego.\nAunque esto tenía su propio encanto.	Odrzuciliśmy ten design, ponieważ był zbyt odległy od reszty atmosfery w grze.	因為整體風格與遊戲基調不符，最後這個設計被取消了。雖然如此，這個版本也別有風味。	Kral Solomon Konsepti\nBu tasarımı oyunun geri kalanının havasından çok uzak olduğu için kaldırdık.	
spb_desc_ch4_6	The gold plating melts away, making this evil thing seem just like an ordinary lamp...		ふつうのランプとちがい金メッキがとけて中の地下が顔をだしてを表現。\n右下は「塊」状態	El enchapado de oro se derrite, haciendo parecer a este objeto maligno una lámpara corriente...	Cлегка расплавилась позолота и на месте бока обычной лампы, видится чьё-то лицо. Выглядит зловеще. Внизу справа лампа в состоянии сгустка.	Nachdem der Goldüberzug geschmolzen ist, unterscheidet dieses üble Ding nichs von einer gewöhnlichen Lampe.	La placcatura di oro si scioglie via, facendo sembrare questa cosa malvagia una normale lampada...	Guldpläteringen smälter bort, vilket gör att den här onda saken ser ut som en vanlig lampa...	O revestimento dourado derrete, fazendo com que essa coisa maligna pareça apenas uma lâmpada comum...	A diferencia de las lámparas comunes, esta muestra cómo el baño de oro se derrite para revelar el metal base que hay debajo.\nEn la parte inferior derecha se ve en estado """grumoso""".	Pozłacana odwłoka topi się, co sprawia, że ta przeklęta rzecz wygląda na zwykłą lampę...	與一般的神燈不同，這盞燈的金色鍍層剝落，露出內部的地底構造。\n右下是「塊狀」狀態。	Erazor'un Lambası\nAltın kaplama eriyip gidiyor ve bu şeytani şey sıradan bir lamba gibi görünüyor...	
spb_desc_ch4_7	An image of Erazor as the genie of the lamp. On the right are some more evil designs.		イレイザーがランプの精だったころのイメージ。\n右はそれをさらに邪悪にしたパターン	Una imagen de Erazor como genio de la lámpara. A la derecha, un diseño de aspecto más malvado.	Изображение лампы, когда Эрейзор был джинном. А справа - более зловещая версия.	Eine Abbildung von Erazor als Lampengeist. Rechts sind noch mehr finstere Bilder zu sehen.	Una immagine di Erazor come il genio della lampada. Alla destra si possono trovare più design malvagi.	En bild av Erazor som lampans ande. Till höger finns några fler onda mönster.	Uma imagem de Erazor como o gênio da lâmpada. À direita, há alguns outros designs malignos.	Imagen de cuando Erazor era el genio de la lámpara.\nA la derecha, un patrón que lo hace ver aún más malvado.	Obraz Erazora jako dżina lampy. Na prawo są bardziej złe designy.	伊萊薩還是神燈精靈時期的形象。右邊是將其進一步邪惡化的版本。	Erazor'un Lambası Konsepti\nErazor'un lambanın cini olarak tasvir edildiği bir görsel. Sağda birkaç kötücül tasarım daha var.	
spb_desc_ch4_8	The ring bears an inscription that calls for good luck to be bestowed upon its wearer.		シャーラの指輪。\n持ち主に幸せが訪れるよう「祝福があらんことをときざまれている」	El anillo lleva una inscripción que trae la buena suerte a su portador.	На нём выгравировано пожелание счастья тому, кто его носит.	Das Ring trägt eine Inschrift, die dem Besitzer Glück verheißen soll.	L'anello porta una inscrizione che chiama buona fortuna a chi lo indossa.	Ringen har en inskription som uppmanar för lycka till bäraren.	O anel possui uma inscrição que solicita que boa sorte seja concedida ao seu portador.	El anillo de Shahra.\nLleva grabada la bendición """Que la felicidad llegue a su portador""".	Pierścień nosi napis, który wzywa do obdarzenia noszącego go szczęściem.	夏拉（Shahra）的戒指。為了讓持有者獲得幸福，刻有「願你獲得祝福」的文字。	Shahra Yüzüğü\nYüzük üzerinde, takan kişiye uğur getirmesi için dua eden bir yazı yer almaktadır.	
spb_desc_ch4_9	We tried designs for more feminine and more masculine sorts of rings.		女性らしいやわらかいな感じのリングや男性らしい固く怖いイメージなどいろいろ検討している	Probamos diseños más masculinos y más femeninos para el anillo.	Были рассмотрены разные варианты: женственные мягкие кольца, мужественные страшные кольца.	Wir versuchten uns an Designs für weiblichere und männlichere Ringe.	Abbiamo provato designs per anelli più maschili o più femminili.	Vi provade designer för mer feminina och mer maskulina typer av ringar.	Testamos designs para anéis com estilos mais femininos e mais masculinos.	Se consideraron varias opciones, desde anillos con un toque suave y femenino hasta imágenes duras y aterradoras más masculinas.	Wypróbowaliśmy designy dla typów pierścieni bardziej żeńskich i bardziej męskich.	我們考慮了多種設計，包括女性柔和風格的戒指，以及男性剛硬、帶有威嚇感的戒指。	Shahra'nın Yüzük Konsepti\nDaha feminen ve daha maskülen yüzük çeşitleri için tasarımlar denedik.	
spb_desc_ch4_10	Made of a glass-like substance, the rings give off seven different colors.		ガラスのような素材で常に光をはなっている。\n７色分ある	Compuestos de una sustancia parecida al cristal, se encuentran en 7 colores diferentes.	Сделано из материала вроде стекла, всегда испускает свет. Бывает 7 цветов.	Hergestellt aus einer glasähnlichen Substanz schimmern die Ringe in sieben verschiedenen Farben.	Fatto di una sostanza simile al vetro, gli anelli danno sette colori diversi.	Ringarna är gjorda av ett glasliknande ämne och avger sju olika färger.	Feitos de uma substância semelhante ao vidro, os anéis emitem sete cores diferentes.	Son de un material similar al vidrio que emite luz constantemente.\nHay 7 colores diferentes.	Zrobione z substancji podobnej do szkła, pierścienie emitują siedem różnych kolorów.	材質如玻璃般，持續散發光芒。共有七種顏色。	Dünya Yüzüğü\nCam benzeri bir maddeden yapılmış olan yüzük, yedi farklı renk yayıyor.	
spb_desc_ch4_11	We tried very hard to get different designs for all of the many rings that appear in the game.		このゲームにはいろいろなリングが登場するためちがいをだすのに苦労したいることがうかがえる	Pusimos todos nuestros esfuerzos en crear diseños distintos para cada anillo.	Из-за того, что в этой игре появляется много разных колец, пришлось приложить много усилий, чтобы показать их разницу.	Wir gaben uns beim Entwurf der vielen Ringe im Spiel redliche Mühe!	Abbiamo provato molto per ottenere vari design per i vari anelli che appaiono nel gioco.	Vi försökte verkligen hårt att få till olika designer för alla de många ringar som dyker upp i spelet.	Nos esforçamos muito para criar designs diferentes para todos os diversos anéis que aparecem no jogo.	Es evidente que se requirió un esfuerzo considerable para diferenciar entre los distintos anillos que aparecen en este juego.	Bardzo się staraliśmy, aby uzyskać różne designy dla wszystkich licznych pierścieni pojawiających się w grze.	由於這款遊戲中登場了各式各樣的戒指，因此在設計差異上花了不少功夫。	Dünya Yüzük Konsepti\nOyunda görünen birçok yüzüğün hepsi için farklı tasarımlar elde etmek için çok uğraştık.	
spb_desc_ch4_12	An Arabian-style palace floating against the night sky. This is close to the final version.		空にうかぶアラビアの城をイメージしたデザイン。\n最終イメージに近い	Un palacio arábigo que levita frente al cielo nocturno. Se asemeja a la versión final.	Дизайн арабского дворца, парящего в небе. Близко к финальной версии.	Ein im arabischen Stil gehaltenes, treibendes Schloss und der Nachthimmel. Dies ist ein Entwurf.	Un palazzo stile Arabo che fluttua nel cielo della notte. Molto vicino alla versione finale.	Ett palats i arabisk stil som svävar mot natthimlen. Detta är nära den slutgiltiga versionen.	Um palácio em estilo árabe flutuando contra o céu noturno. Isso está próximo da versão final.	Diseño inspirado en un castillo árabe flotando en el cielo.\nCercano a la imagen final.	Lewitujący pałac w stylu Arabskim na tle nocnego nieba. To jest bliskie wersji finalnej.	設計靈感來自漂浮在空中的阿拉伯城堡。這個版本很接近最終決定的設計。	Gece Sarayı Dış Mekan Konsepti\nGece gökyüzünde süzülen Arap tarzı bir saray. Bu, son versiyona yakın.	
spb_desc_ch4_13	The door to the throne room which the seven world rings opens.		王座の間をあけるとびらのイメージ。７つの世界リングがあればこのとびらが開く	imagen de la puerta que se abre con los siete anillos secretos y que lleva a la sala del trono.	Изображение двери, открывающей тронный зал. Если есть 7 Мировых колец, то получится её открыть.	Dies ist die Tür, die in den Thronsaal führt und die nur mit Hilfe der sieben Weltenringe geöffnet werden kann.	La porta della stanza del trono che i sette anelli mondiali aprono.	Dörren till tronrummet som de sju världsringarna öppnar.	A porta da sala do trono, que pode ser aberta pelos sete Anéis do Mundo.	Imagen de la puerta que abre la sala del trono. Esta puerta se abre si se tienen los 7 Anillos mundiales.	Drzwi do sali tronowej, które otwierają się dzięki siedmiu pierścieni świata.	通往王座需要七枚世界戒指才能打開的門。	Dünya Halkası Kapısı\nYedi dünya halkasının açtığı taht odasına açılan kapının görüntüsü.	
spb_desc_ch4_14	The room can be entered once the seven world rings are assembled. Aside from the two chairs and a fountain, it's very near its final form.		７つの世界リングを集めると入れる部屋。\nいすが２つあったりふん水があったりするが最終形に近い	Se puede entrar a ella cuando se reúnen los siete anillos secretos. Hay dos sillas y una fuente, pero se acerca a su versión final.	Комната, в которую можно войти, если собрать 7 Мировых колец. В ней есть 2 кресла и фонтан. Близко к финальной версии.	Sobald die 7 Weltenringe gesammelt sind, ist der Zutritt möglich. Abgesehen von den beiden Stühlen und dem Brunnen ist der Saal seiner endgültigen Form sehr nahe.	Si può entrare nella stanza quando i sette anelli mondiali sono riuniti. Apparte dalle due sedie e la fontana, e molto vicino alla versione finale.	Rummet kan nås när de sju världsringarna är monterade. Bortsett från de två stolarna och en fontän är det mycket nära sin slutgiltiga form.	A sala pode ser acessada uma vez que os sete Anéis do Mundo estejam reunidos. Tirando as duas cadeiras e a fonte, ela já está muito próxima da versão final.	La habitación a la que se accede al reunir los 7 Anillos mundiales.\nHay dos sillas, una fuente, etc., pero está cerca de su forma final.	Do pokoju można wejść, gdy siedem pierścieni świata zostanie złożonych. Obok dwóch krzeseł i fontanny, jest już bardzo bliski swojej ostatecznej formy.	集齊七枚世界戒指後才能進入的房間。裡面有兩張椅子跟一個噴泉，很接近最終版了。	Taht Odası Resmi\nYedi dünya halkası bir araya getirildikten sonra odaya girilebilir. İki sandalye ve bir çeşme var, ancak son haline çok yakın.	
spb_desc_ch4_15	The book Sonic reads at the start of the game. The world ring door shares the same design.		初めのシーンでソニックが読んでいる本。\n実は本の表紙と世界リングのとびらは同じデザインになっている	El libro que Shara le enseña a Sonic al principio del juego. La puerta de los anillos secretos se basa en este mismo diseño.	Книга, которую Соник читает в первой сцене. На самом деле, обложка книги и дверь с Мировыми кольцами одного дизайна.	Das Buch, in dem Sonic zu Spielbeginn schmökert. Die Weltenringtür basiert auf dem gleichen Design.	Il libro che Sonic legge a inizio gioco. La porta degli anelli mondiali condivide lo stesso design.	Boken som Sonic läser i början av spelet. Världsringens dörr har samma design.	O livro que Sonic lê no início do jogo. A porta dos Anéis do Mundo compartilha o mesmo design.	El libro que Sonic lee en la primera escena.\nEn realidad, la portada del libro y la puerta de los Anillos mundiales tienen el mismo diseño.	Książka, którą Sonic czyta na początku gry. Drzwi pierścienia świata mają ten sam design/wzór.	在一開始的場景中，索尼克正在閱讀的書。書的封面與世界戒指之門的設計其實是一樣的。 	"""Binbir Gece Masalları""" kitabı\nSonic'in oyunun başında okuduğu kitap. Dünya halkası kapısı da aynı tasarıma göre modellenmiştir.	
														
spb_desc_ch5_1	A world that connects the real world to that of the book. The scattered pages show how danger is beginning to draw ever near.		本と現実を結ぶ空間。\n本のページがちらばっていることで本の世界が危険にさらされていることを表している	Un lugar que conecta el mundo real con el del libro. Nos acerca al peligro acechante que nos espera.	Пространство, соединяющее книгу и реальность. Повсюду страницы книги, что показывает, что мир книги в опасности. 	Diese Welt verknüpft die Realität mit der Fantasiewelt des Buches und macht die drohende Gefahr mittels verstreuten Seiten deutlich.	Un mondo che connette il modo reale a quello del libro. Questo mostra come il pericolo si sta avvicinando.	En värld som förbinder den verkliga världen med bokens. De spridda sidorna visar hur faran börjar närma sig alltmer.	Um mundo que conecta o mundo real ao do livro. As páginas espalhadas mostram como o perigo começa a se aproximar cada vez mais.	El espacio que conecta el libro con la realidad.\nLas páginas dispersas del libro representan que el mundo del libro corre peligro.	Świat, który łączy prawdziwy świat do tego z książki.To pokazuje, że zbliża się niebezpieczeństwo.	連結書本與現實的空間。散落的書頁象徵書中世界正面臨危機。 	Kayıp Başlangıç\nGerçek dünyayı kitaptaki dünyaya bağlayan bir dünya. Bu, tehlikenin giderek yaklaştığını gösteriyor.	
spb_desc_ch5_2	An Arabian Nights project wouldn't be complete without a desert stage, would it?		プロジェクトの最初のころはアラビアンナイトのモチーフとしてまず砂漠から制作を始めた	A un proyecto basado en Las mil y una noches no le puede faltar un escenario desértico, ¿verdad?	В начале проекта игру начали создавать с пустыни, взяв её за основу """Тысячи и одной ночи""".	Was wäre eine Geschichte über 1001 Nacht ohne ein Wüstenlevel?	Un progetto delle Mille ed una notte non sarebbe completo senza un deserto, vero?	Ett Tusen och en natt-projekt skulle väl inte vara komplett utan en ökenscen, eller hur?	Um projeto das Mil e Uma Noites não estaria completo sem uma fase no deserto, não é?	Al principio del proyecto, se empezó por crear el desierto como motivo de """Las mil y una noches""".	Projekt Arabskich Nocy nie byłby kompletny bez etapu pustynnego, prawda?	計畫初期以《一千零一夜》為主題，所以先從沙漠場景開始製作。	Kum Vahası\nBir Binbir Gece Masalları projesi çöl sahnesi olmadan tamamlanmış sayılmaz, değil mi?	
spb_desc_ch5_3	We thought sand by itself would be boring, so we used water and light to highlight the oasis.		ただの砂漠では単調ということで光と水の表現に力を入れたところ目指すオアシスの形が見えてきた	Pensamos que solo con arena sería aburrido, así que utilizamos el agua y la luz para que el oasis destacase.	Просто пустыня - это неинтересно, поэтому сделали акцент на воде и свете и получился такой оазис, к какому стремились.	Nur Sand allein hielten wir für langweilig, darum setzten wir Wasser und Licht ein, um die Oase hervorzuheben.	Abbiamo pensato che solo un deserto fosse noioso, quindi abbiamo usato l'acqua e la luce per evidenziare l'oasi.	Vi trodde att sand i sig skulle vara tråkigt, så vi använde vatten och ljus för att framhäva oasen.	Achamos que só a areia seria entediante, então usamos água e luz para destacar o oásis.	Como un simple desierto resultaba monótono, se puso énfasis en la representación de la luz y el agua, y así surgió la forma del oasis deseado.	Sądziliśmy, że piasek sam w sobie byłby nudny, więc użyliśmy wody i światła by podkreślić oazę.	由於單純的沙漠太過單調了，因此開始著重於光與水的表現，逐漸呈現出理想中的綠洲形象。	Kum Vahası\nKumun tek başına sıkıcı olacağını düşündük, bu yüzden vahayı vurgulamak için su ve ışık kullandık.	
spb_desc_ch5_4	You can't have a jungle without plants that are typically found there, right?		ジャングルといえば密林。\nそれではつまらないので多肉植物のジャングルを制作した	Una jungla no es una jungla sin vegetación selvática, ¿no?	Обычно джунгли - это густой лес. Но это скучно, поэтому были добавлены суккуленты.	Kein Dschungel ohne Dschungelpflanzen, richtig?	Non si può avere una giungla senza avere le piante che vivono la, giusto?	Man kan väl inte ha en djungel utan växter som vanligtvis finns där, visst?	Não se pode ter uma selva sem plantas típicas dela, certo?	Al hablar de jungla se piensa en un bosque denso.\nComo eso era aburrido, se creó una jungla de plantas suculentas.	Nie możesz mieć dżungli bez roślin które zazwyczaj by w niej były, nie?	提到Jungle就會想到叢林。但光那樣太無趣了，因此製作了以多肉植物為主的叢林。	Dinozor Ormanı\nOrmanda genellikle bulunan bitkiler olmadan orman olmaz, değil mi?	
spb_desc_ch5_5	The stone pillars shown here were removed from the final version in favor of an all-natural theme.		イラストでは石柱や橋のようなものもあるが、大自然のコンセプトと異なるため削除となった	Descartamos los pilares de piedra en pro de una temática completamente basada en la naturaleza.	На изображении есть каменная колонна и мост, но это не соответствует природной концепции, поэтому их убрали.	Die hier gezeigten Steinsäulen wurden aus dem Endentwurf zugunsten eines vollkommenen """Natur-Looks""" entfernt.	I pilastri di pietra che si vedono qui furono rimossi dalla versione finale a favore di un tema naturalistico.	Stenpelarna som visas här togs bort från den slutliga versionen till förmån för ett helt naturligt tema.	Os pilares de pedra mostrados aqui foram removidos da versão final em favor de um tema totalmente natural.	En la ilustración hay elementos como pilares de piedra y puentes, pero se eliminaron por diferir del concepto de gran naturaleza.	Tutejsze filary kamienne były usunięte z finalnej wersji na korzyść w pełni naturalnego motywu.	插圖中曾有石柱與橋等元素，但因為和純大自然的概念不符而被刪除。	Dinozor Ormanı\nBurada gösterilen taş sütunlar, tamamen doğal bir tema lehine nihai konseptten çıkarıldı.	
spb_desc_ch5_6	The water posed some fun factor potential, so we came up with the log ride sequence.		水の表現を近くで見せた遊びを入れたいということで丸太でクルーズが生まれた	El agua suponía un elemento con potencial para algo divertido y se nos ocurrió la idea de montar el tronco.	Хотелось добавить какое-то развлечение, чтобы поближе показать воду, поэтому появился этап с бревном.	Das Wasser bot einen gewissen Spaßfaktor, deshalb entwarfen wir die Sequenz mit dem Holzscheit.	L'acqua ha posto un potenziale fattore di divertimento, quindi abbiamo pensato alla sequenza della cavalcata del tronco.	Vattnet hade potential att vara roligt, så vi kom på en timmeråktur.	A água tinha potencial para diversão, então criamos a sequência do passeio de troncos.	Querían incluir una mecánica para mostrar el agua de cerca, así que nació el viaje en troncos.	Woda miała potencjał, by wprowadzić element zabawy, więc wpadliśmy na pomysł o sekcji z kłodą.	為了近距離展現水的效果，而加入了木筏巡航的遊戲設計。	Dinozor Ormanı\nSuyun eğlenceli bir potansiyeli vardı, bu yüzden kütük yolculuğu sahnesini düşündük.	
spb_desc_ch5_7	An image showing cacti and other plants cutting through a waterfall.		竜をつきやぶる巨大なサボテンで水と植物の関連性を表現したイメージ	En esta imagen se muestran catcus y otras plantas que cortan una cascada..	Огромный кактус, пробивающий водопад, показывает связь воды и растений.	Ein Bild mit Kakteen und weiteren Pflanzen, die durch einen Wasserfall wuchern.	Una immagine che mostra cactus e altre piante vicino alla cascata.	En bild som visar kaktusar och andra växter som skär igenom ett vattenfall.	Uma imagem mostrando cactos e outras plantas atravessando uma cachoeira.	Imagen que representa la relación entre el agua y las plantas con un cactus gigante atravesando un dragón.	Obraz pokazujący kaktusy i inne rośliny przebijające się przez wodospad.	以刺穿瀑布的巨大仙人掌來表現水與植物的關聯性的圖片。	Dinozor Ormanı\nBir şelalenin içinden geçen kaktüsleri ve diğer bitkileri gösteren bir görüntü.	
spb_desc_ch5_8	The remains of machines can be seen cluttering the entrance.		たくさんの機械の残がいがエントランス付近にまであふれている	Pueden verse los restos de muchas máquinas abarrotando la entrada.	Повсюду, вплоть до входа, детали разных устройств.	Der Eingang wird durch die Überreste unzähliger Maschinen versperrt.	I resti delle macchine si possono vedere ingombrare l'entrata.	Resterna av maskiner kan ses belamra entrén.	Os restos de máquinas podem ser vistos espalhados pela entrada.	Montones de restos de maquinaria se desbordan hasta cerca de la entrada.	Ruiny maszyn zalegają przy wejściu.	入口附近散落著大量機械殘骸。	Kötü Dökümhane\nGirişte çok sayıda makinenin kalıntıları görülebilir.	
spb_desc_ch5_9	This is part of the front-half hallway. It's hard to see, but pipes are exposed through the ceiling.		前半の通路。\nこのあたりはまだ機械に侵食されていないがパイプが天井をはっている	Esto es parte del pasillo frontal. Aunque es difícil de ver, hay tuberías al aire libre en el techo.	Проход в первой половине уровня. Здесь пока нет устройств, но есть трубы на потолке.	Ein Teil des vorderen Eingangsbereichs. Wenn man genau hinsieht, kann man die Röhre durch die Decke erkennen.	Questa parte è la metà interiore del corridoio, è difficile da vedere, ma si possono trovare dei tubi esposti nel soffitto.	Det här är en del av den främre halvan av korridoren. Det är svårt att se, men rör är synliga genom taket.	Esta é a parte dianteira do corredor. É difícil de ver, mas canos estão expostos pelo teto.	El pasillo de la primera mitad.\nEsta zona aún no ha sido invadida por las máquinas, pero hay tuberías recorriendo el techo.	To część przedniego korytarza, Trudno to zauważyć, ale przez sufit prześwitują odsłonięte rury.	前半段的通道。這一區尚未被機械侵蝕，但天花板上已佈滿管線。	Kötü Dökümhane\nBu, ön koridorun bir kısmı. Görünmesi zor, ancak tavandan borular görünüyor.	
spb_desc_ch5_10	A central spiral staircase hints at the castle's former glory, in contrast to the factory area.		中盤のらせん階段。\nこの城が栄えていたことを思わせる装飾と工場エリアとのギャップがねらい	La escalera en espiral es un resquicio de la antigua gloria del castillo y contrasta con los elementos industriales.	Винтовая лестница в середине уровня, чтобы показать, что раньше дворец процветал, и увидеть разницу с заводом.	Eine zentral gelegene Wendeltreppe, die den einsttigen Glanz des Schlosses zeigt, im Gegensatz zur Fabrik.	Una scalinata centrale a spirale suggerisce alla passata gloria del castello, in contrasto all'area della fabbrica.	En central spiraltrappa antyder slottets forna glans, i kontrast till fabriksområdet.	Uma escadaria central em espiral remete à antiga glória do castelo, em contraste com a área da fábrica.	La escalera de caracol de la zona intermedia.\nEl objetivo es el contraste entre la zona industrial y la decoración que evoca la antigua prosperidad de este castillo.	Centralna spiralna klatka schodowa przypomina o dawnej świetności zamku, kontrastując z przemysłową częścią fabryki.	中心的螺旋階梯。透過裝飾與工廠區的反差，展現城堡曾經繁榮的印象。 	Kötü Dökümhane\nFabrika alanının aksine, kalenin eski ihtişamını anımsatan merkezi bir spiral merdiven.	
spb_desc_ch5_11	In the center of the stage are a series of jutting iron ruins from the underground fortress.		ステージ中盤では城の地下で侵食がおきており、あちこちからとけた鉄がもれ出している	En el centro del escenario, sobresalen una serie de ruinas de acero pertenecientes a la fortaleza subterránea.	В середине уровня на нижнем этаже замка началась эрозия, поэтому отовсюду течёт расплавленный металл.	In der Mitte des Levels befindet sich eine Reihe hervorstehender Eisenruinen der unterirdischen Festung.	Al centro del livello è una serie di rovine di ferro sporgenti dalla fortezza sotterranea.	I mitten av scenen finns en serie utskjutande järnruiner från den underjordiska fästningen.	No centro da fase há uma série de ruínas de ferro salientes da fortaleza subterrânea.	A mitad de la fase, la erosión está ocurriendo en el subsuelo del castillo, y hay fugas de hierro fundido por todas partes.	W środku etapu wyrastają wysuniete żelazne ruiny podziemnej twierdzy.	關卡中心的城堡地下正在遭受侵蝕，熔化的鐵從各處滲出。	Kötü Dökümhane\nSahnenin ortasında yeraltı kalesinden dışarı doğru uzanan bir dizi demir kalıntı yer alıyor.	
spb_desc_ch5_12	This is the latter half of the stage. Giant smelting pots below continually create new genies.		ステージ後半。\n足場の下の大釜ではとけた鉄がにえたぎり、新たなマジンを作り出している	Esta es la segunda mitad del nivel. Hay jarrones de fundición y nuevos monstruos genio.	Вторая половина уровня. В котле под платформой бурлит расплавленный металл и порождает новых злых джиннов.	Dies zeigt die zweite Hälfte des Levels. Riesige Schmelzkessel darunter erschaffen immer wieder neue Geister.	Questa è la seconda metà del livello. Sotto si trovano giganti pentole di fusione per la creazione di nuovi geni.	Detta är den senare halvan av scenen. Jättestora smältugnar nedanför skapar ständigt nya andar.	Esta é a segunda metade da fase. Grandes fornos de fundição abaixo criam continuamente novos gênios.	La segunda mitad de la fase.\nEn el gran caldero bajo la plataforma hierve el hierro fundido, creando nuevos majin.	To druga połowa etapu. Gigantyczne piece do wytapiania poniżej nie ustannie tworzą nowych dżinów.	關卡後段。平台下方有著沸騰熔鐵的大鍋，正在製造新的魔神。	Kötü Dökümhane\nBurası sahnenin ikinci yarısı. Altta yeni cin tipi canavarların bulunduğu dev eritme kazanları var.	
spb_desc_ch5_13	In this concept, the Rukh keeps Sinbad prisoner in a floating tomb.		ロック鳥にシンドバットがとらわれているという設定から遺跡が空中となった	En este arte conceptual, el ruc mantiene a Simbad prisionero en un sepulcro levitante.	Сначала задумывалось, что Синдбада похитит птица Рух, но позже добавили детали с парящими в воздухе руинами.	In diesem Entwurf hält der Rukh Sindbad in einem fliegenden Grab gefangen.	In questo concetto, la Rukh tiene Sinbad imprigionato nella tomba fluttuante.	I detta koncept håller Rukh Sinbad fången i en flytande grav.	Neste conceito, a Roca mantém Simbad prisioneiro em um túmulo flutuante.	Las ruinas se situaron en el aire debido a la historia de que Simbad había sido capturado por el ave Rokh.	W tym koncepcie, Rukh więzi Sinbada w lewitującym grobowcu.	由於設定為辛巴達被洛克鳥抓走，所以遺跡在天空中。	Havadaki Harabe\nBu konseptte Rukh, Sinbad'ı yüzen bir mezarda tutsak tutar.	
spb_desc_ch5_14	From the top of the tower, the Rukh's size and the other floating parts of the stage can be put in perspective.		塔の頂上に登ればロック鳥の巨大さと大編隊飛行が感じられるはずという意図から塔が建てられた	Desde la cima de la torre, se pone en perspectiva el tamaño de un ruc y otras partes del escenario.	Башня была построена с целью показать, что, взобравшись на вершину, можно прочувствовать огромный размер Рух.	Von der Bergspitze aus lässt sich die Größe des Rukh sowie der anderen schwebenden Objekte in Perspektive rücken.	Dalla cima della torre, la dimesione del Rukh e le altri part fluttuanti del livello si possono mettere in prospettiva.	Från toppen av tornet kan Rukhs storlek och scenens andra flytande delar sättas i perspektiv.	Do topo da torre, é possível ter uma noção do tamanho da Roca e das outras partes flutuantes da fase.	La torre se construyó con la intención de que, al subir a la cima, se pudiera percibir la enormidad del Rokh y su gran vuelo en formación.	Z szczytu wieży można ocenić rozmiaw Rukha oraz innych unoszących się elementów etapu.	這座塔的建造意圖是為了讓人們登上塔頂時，能感受到洛克鳥的龐大與壯觀的編隊飛行。	Havadaki Harabe\nKulenin tepesinden, Rukh'un büyüklüğü ve sahnenin diğer havada yüzen kısımları perspektife oturtulabilir.	
spb_desc_ch5_15	Unlike a traditional bird, the Rukh moves more like a giant manta ray.		従来の巨大鳥というロック鳥のイメージからぬけ、海中を飛びように泳ぐマンタがモチーフとなった	A diferencia de otros pájaros, el ruc se mueve de manera más similar a una manta taya.	Из образа Руха, огромной птицы, появилась Манта, плавающая так, как будто летит по небу.	Im Gegensatz zu einem gewöhnlichen Vogel bewegt sich der Rukh eher wie ein Mantarochen.	A differenza di un uccello tradizionale, il Rukh si muove come un manta gigante.	Till skillnad från en traditionell fågel rör sig Rukh mer som en gigantisk manta.	Ao contrário de uma ave tradicional, a Roca se move mais como uma arraia gigante.	Alejándose de la imagen tradicional del Rokh como un pájaro gigante, se tomó como motivo una mantarraya que vuela como si nadara en el mar.	W przeciwieństwie do tradycyjnego ptaka, Rukh porusza się bardziej jak gigantyczna płaszczka.	擺脫了傳統洛克鳥就是巨鳥的形象，改以在海中如飛行般游動的魔鬼魚為主題。	Havadaki Harabeler\nGeleneksel kuşlardan farklı olarak Rukh, dev bir manta vatozu gibi hareket ediyor.	
														
spb_desc_ch6_1	Floating shipwrecks battered by the endless storms.		はげしい嵐が長い間やまないためいたるところに船の残がいがういている	Pecios flotantes atacados por tormentas interminables.	Сильный шторм не прекращается, поэтому повсюду останки кораблей.	Schiffswracks werden durch die endlosen Stürme zerrüttet.	Relitti fluttuanti malconci dalle tempeste continue.	Flytande skeppsvrak härjade av de oändliga stormarna.	Naufrágios flutuantes castigados pelas tempestades incessantes.	Como la violenta tormenta no cesa desde hace mucho tiempo, hay restos de barcos flotando por todas partes.	Wraki statków poturbowane przez niekończące się sztormy.	因為下著猛烈又不間斷的暴風雨，\n四處都漂浮著船的殘骸。	Korsan Fırtınası\nSonsuz fırtınaların hırpaladığı yüzen gemi enkazları.	
spb_desc_ch6_2	We added coral around the caves to incorporate more color to the dark, stormy scene.		嵐で暗いシーンが続くため、どうくつの中は明るくなるようさんごを地面に配置して、現実にはないシーンを作った	Incluímos corales en las cuevas para.añadir color al escenario oscuro y tormentoso	Из-за шторма не заканчиваются тёмные сцены, поэтому в пещере мы добавили светлые кораллы, создали сцену, которой нет в реальности.	Um die Höhlen herum haben wir Korallen hinzugefügt. Dies sollte mehr Farben in die stürmische Szenerie bringen.	Abbiamo aggiunto corallo alle caverne per incorporare più colore all'oscura, tempestosa scena.	Vi lade till koraller runt grottorna för att ge den mörka, stormiga scenen mer färg.	Adicionamos corais ao redor das cavernas para incorporar mais cor à cena escura e tempestuosa.	Como las escenas oscuras por la tormenta eran continuas, se colocaron corales en el suelo de la cueva para iluminarla, creando una escena irreal.	Dodaliśmy korale do jaskiń by dodać więcej koloru dla czarnej, sztormowej sceny.	因為暴風雨的陰暗場景持續不斷，\n所以在洞穴裡的地面上放置了珊瑚，\n讓洞穴變得明亮一些，並創造出現實中不存在的畫面。	Korsan Fırtınası\nKaranlık ve fırtınalı sahneye daha fazla renk katmak için mağaraların etrafına mercan ekledik.	
spb_desc_ch6_3	We wanted this area to look like it was made by an ancient people.		昔、人がここを開拓していたというふんいきを出すため地形のところどころに橋などを配置している	Queríamos que esta zona pareciese construída por una civilización antigua.	Чтобы было понятно, что люди раньше осваивали эти земли, в разных местах построены мосты.	Dieses Gebiet könnte vor sehr langer Zeit von einem antiken Volk besiedelt und aufgebaut worden sein.	Abbiamo voluto rendere questa area come se fosse fatta da un popolo antico.	Vi ville att det här området skulle se ut som om det var skapat av ett forntida folk.	Queríamos que esta área parecesse ter sido feita por um povo antigo.	Se colocaron puentes y otros elementos en el terreno para dar la sensación de que antiguamente la gente colonizó este lugar.	Chcieliśmy żeby ten obszar wyglądał, jakby był stworzony przez przez starożytnych ludzi.	為了營造出昔日人們曾在此開拓的氛圍，所以在地形的各處配置了橋梁等結構。	Korsan Fırtınası\nBu alanın sanki kadim bir halk tarafından yapılmış gibi görünmesini istedik.	
spb_desc_ch6_4	The bones of ancient giant creatures form the terrain.		何億年も前にほろびた巨大生物がつもりつもって地形となったという設定	El terreno está conformado por los huesos de gigantes criaturas antiguas.	Здесь скопились останки огромных существ, вымерших несколько сотен миллионов лет назад.	Das Gelände besteht aus den Knochen altertümlicher Kreaturen.	Le ossa di antiche creature giganti che modula il terreno.	Benen från forntida jättevarelser från terrängen.	Os ossos de antigas criaturas gigantes formam o terreno.	La premisa es que criaturas gigantes extintas hace millones de años se acumularon formando el terreno.	Kości pradawnych, gigantycznych stworzeń kształtują teren.	數億年前滅絕的巨大生物層層堆積，\n最終形成了如今的地形。	İskelet Kubbesi\nAntik dev yaratıkların kemikleri araziyi oluşturuyor.	
spb_desc_ch6_5	Ancient mythical creatures died and their bony remains create this environment.		まわりの巨大な骨は何億年も前にいた架空の巨大生物。この土地でおきた何かが原因でほろんでしまった設定	Los restos óseos de antiguas criaturas míticas contituyen este entorno.	Эти гигантские кости принадлежат огромным существам, которые жили в древние времена. Здесь что-то произошло, поэтому они вымерли.	Die Überreste antiker mythischer Kreaturen charakterisieren diese Umgebung.	Antiche creature mitiche morirono e i loro resti del corpo crearono questo ambiente.	Forntida mytiska varelser dog och deras benrester skapar denna miljö.	Antigas criaturas míticas morreram, e seus restos ósseos formam este ambiente.	Los huesos gigantes de los alrededores pertenecen a criaturas imaginarias de hace millones de años. Se extinguieron debido a algo que ocurrió en esta tierra.	Pradawne mityczne stworzenia zgineły i ich kostne resztki tworzą to środowisko.	周圍那些巨大的骨骸，是數億年前存在的虛構巨型生物。牠們因為這片土地上曾發生的某種事件而滅絕。	İskelet Kubbesi\nAntik mitolojik yaratıklar ölmüş ve onların kemik kalıntıları bu ortamı yaratmıştır.	
spb_desc_ch6_6	In addition to the bones, we also decided to make this the king's hiding place.		王のかくれ家という設定にこのステージのコンセプトである「骨」を足して生まれたイメージ	Aparte de diseñarlo en base a huesos, decidimos convertirlo en el escondite del rey.	На изображение тайной комнаты царя добавили концепцию этого уровня - кости.	Die Kammer dient nicht nur als Aufbewahrungsort der Knochen, sondern auch als Versteck für den König.	In aggiunta alle ossa, abbiamo anche deciso di rendere questo posto dove risiede il Re.	Förutom benen bestämde vi oss också för att göra detta till kungens gömställe.	Além dos ossos, também decidimos que este seria o esconderijo do rei.	Una imagen nacida de añadir el concepto de """huesos""" de esta fase a la idea de la guarida del rey.	W związku z kośćmi, zdecydowaliśmy, że to będzie kryjówka króla.	在「國王的藏身之所」這一設定上，再加上此關卡的概念——「骨骸」，便形成了如今的整體形象。	İskelet Kubbesi\nKemiklerin yanı sıra burayı kralın saklanma yeri yapmaya da karar verdik.	
spb_desc_ch6_7	The spiral corridor and central staircase serve as an entryway for the countless souls called upon by the king's magic.		らせん通路の中央。ふきぬけは王の魔力で呼びよせられた無数の魂の通り道という設定	El pasillo en espiral y las escaleras centrales sirven como entrada a las incontables almas invocadas por la magia del rey.	Середина винтовой лестницы. Лестничная клетка - это проход для бесчисленных душ, вызванных магией царя.	Über den spiralförmigen Korridor und die Treppe komen die unzähligen Seelen, gerufen durch den Zauber des Königs.	Il corridoio a spirale e la scalinata centrale servono come ingresso per le varie anime chiamate dalla magia del re.	Spiralkorridoren och den centrala trappan fungerar som en entré för de otaliga själar som kallas till av kungens magi.	O corredor em espiral e a escada central servem como entrada para as inúmeras almas convocadas pela magia do rei.	El centro del pasillo en espiral. El atrio es el camino de paso de innumerables almas convocadas por el poder mágico del rey.	Spiralny korytarz i centralna klatka schodowa służą jako wejście dla niezliczonych dusz przywołanych przez magię króla.	位於螺旋通道中心的挑高區域，被設定為國王的魔力召喚出的無數靈魂的流動通道。	İskelet Kubbesi\nSarmal koridor ve merkezi merdiven, kralın büyüsüyle çağrılan sayısız ruh için giriş yolu görevi görüyor.	
spb_desc_ch6_8	True to the """dome""" part of the stage's name, here you can see the coliseum where spirts gather.		ステージの名前にもある「ドーム」がこの巨大な広間。イメージは、霊達が集まるコロッセオ	Fiel al """domo""" en el nombre del escenario, aquí se observa el coliseo en el que se reúnen los espíritus.	Свод из названия этого уровня - вот эта огромная комната. Похожа на Колизей, где собираются призраки.	Hier sieht man versammelte Geister im Kolosseum. Sie machen dem Levelnamen alle Ehre.	Fedele alla parte """Cupola""" del livello, qua puoi vedere il colosseo dove gli spiriti si riuniscono.	Trogen till """kupol""" delen av banans namn, kan du här se colosseumet där andarna samlas.	Fiel à parte “domo” do nome da fase, aqui você pode ver o coliseu onde os espíritos se reúnem.	El """Domo""" que da nombre a la fase es esta enorme sala. La imagen es la de un coliseo donde se reúnen los espíritus.	Zgodnie z nazwą etapu, która zawiera """kopuła""", tutaj można zobaczyć koloseum gdzie zbierają się duchy.	關卡名稱中的「巨蛋」指的就是這座巨大的大廳。它的概念是靈魂聚集的競技場。	İskelet Kubbesi\nSahnenin ismindeki 'kubbe' kısmına sadık kalarak, burada ruhların toplandığı kolezyumu görebilirsiniz.	
spb_desc_ch6_9	King Solomon has vast amounts of hidden treasure, and what you see in the stage is only a small portion of it.		王のかくれ家。ソロモン王がかくしもっていた大量の財宝はその一部	El rey Salomón tiene ocultas grandes riquezas y lo que se ve en el escenario solo es una pequeña parte de ellas.	Тайная комната царя Соломона, в которой он спрятал множество сокровищ. Те, что вы видите - лишь их малая часть.	King Solomon hat hier Unmengen an Schätzen versteckt. Doch diese sind nur ein Bruchteil seines Reichtums.	Re Solomone ha grandi quantità di tesori nascosti, e quello che vede nel livello e solo una piccola porzione.	Kung Solomon har stora mängder gömda skatter, och det man ser på scenen är bara en liten del av dem.	O Rei Salomão possui grandes quantidades de tesouros escondidos, e o que você vê na fase é apenas uma pequena parte deles.	La guarida del rey. El gran tesoro que el rey Salomón mantenía oculto es parte de ella.	Król Solomon ma ogromne ilości ukrytych skarbów, i te które widnieją w etapie, to tylko ich mała część.	這裡是國王的藏身之處，而所謂的財寶，其中一部分便是所羅門王暗中收藏的大量寶物。	İskelet Kubbesi\nKral Süleyman çok miktarda hazine saklamıştır ve sahnede gördüğünüz şey bunun sadece küçük bir kısmıdır. 	
spb_desc_ch6_10	The marble floor is mirror-like, which creates an optical illusion of walking on glass.		床が鏡のようにみがかれた大理石でできているためガラスの上にいるかのような錯覚をうれる	El suelo de mármol actúa como un espejo, creando la ilusión de estar andando sobre cristal.	Пол сделан из отполированного до блеска мрамора, поэтому создаётся иллюзия, будто идёшь по стеклу.	Der Marmorboden ähnelt einem Spiegel, was die Illusion erweckt, man ginge auf Glas.	Il suolo di marmo è a specchio, che crea una illusione ottica di camminare sul vetro.	Marmorgolvet är spegelblankt, vilket skapar en optisk illusion av att gå på glas.	O piso de mármore é espelhado, o que cria a ilusão óptica de andar sobre vidro.	Como el suelo es de mármol pulido como un espejo, se crea la ilusión de estar sobre cristal.	Marmurowa podłoga jest lustrzana, co tworzy optyczną iluzję chodzenia po szkle.	因為地板是被打磨得如鏡面般的大理石，所以會讓人產生彷彿站在玻璃上的錯覺。	Gece Sarayı\nMermer zemin ayna gibi olup, cam üzerinde yürüyormuşsunuz gibi bir optik illüzyon yaratıyor.	
spb_desc_ch6_11	Outside the palace, the eerie moonlight and winding road stir anxiety about what lies ahead.		宮殿の外部月明かりの妖しさと曲がりくねった道が先にあるものを不安にさせる	En el exterior del palacio, la siniestra luz de la luna y los caminos sinuosos despiertan ansiedad respecto a lo que está por venir.	Снаружи дворца. Подозрительный свет и извилистая дорожка внушают тревогу о том, что ждёт впереди.	Vor dem Palast. Das gespenstische Mondlicht und die kurvige Straße lösen ein Gefühl der Unsicherheit aus.	Fuori dal palazzo, l'inquietante chiaro di luna e la strada tortuosa danno ansia su cosa si aspetti.	Utanför palatset väcker det kusliga månskenet och den slingrande vägen oro inför vad som väntar.	Do lado de fora do palácio, a luz assustadora da lua e a estrada sinuosa despertam ansiedade sobre o que está por vir.	El misterio de la luz de la Luna en el exterior del palacio y el camino sinuoso crean inquietud sobre lo que hay más adelante.	Na zewnątrz pałacu, niepokojące światło księżyca i kręta droga wywołują niepokój dotyczący tego, co czeka dalej.	宮殿外的月光帶著一絲妖異，而蜿蜒曲折的道路則讓人對前方將出現的事物感到不安。	Gece Sarayı\nSarayın dışında, ürkütücü ay ışığı ve dolambaçlı yol, ileride ne olacağı konusunda endişe uyandırıyor.	
spb_desc_ch6_12	The idea was to use soft blue moonlight to give an illusory air to the palace, as if it partly exists in another world.		月光をうけ青白い光をはなつ幻想的な空中宮殿。この先には現実世界とつながる異空間がある	La idea era usar la luz de la luna para darle un aspecto ilusorio al palacio, como si existiese parcialmente en otro mundo.	Иллюзорный дворец, парящий в небе и излучающий сине-белый свет от Луны. Впереди ждёт необычное пространство, соединяющее миры.	Das weiche, blaue Mondlicht sol die Illusion vermitteln, der Palast existiere zum Teil in einer anderen Welt.	L'idea era quella di usare il chiaro di luna blu per dare un'aria illusoria al palazzo, come se in parte esistesse in un altro mondo	Tanken var att använda mjukt blått månsken för att ge palatset en illusorisk känsla, som om det delvis existerar i en annan värld.	A ideia era usar a luz suave da lua azul para dar um ar ilusório ao palácio, como se ele existisse parcialmente em outro mundo.	Un fantástico palacio aéreo que emite una luz pálida bajo la luna. Más adelante hay una dimensión alternativa que conecta con el mundo real.	Pomysł był, aby użyć lekkiego niebieskiego światła księżyca by oddać złudne wrażenie do pałacu, ponieważ częściowo istnieje w innym świecie.	在月光的照耀下，這座空中宮殿散發出青白而幻想的光芒。而在其前方，則存在著與現實世界相連的異空間。	Gece Sarayı\nFikir, saraya sanki başka bir dünyada varmış gibi yanıltıcı bir hava vermek için yumuşak mavi ay ışığı kullanmaktı.	
spb_desc_ch6_13	From the palace corridors, the starry sky can be seen. Notice the light casts no shadows.		宮殿の回廊からは美しい夜空が広がる。もれる光はあたたかいが人かげはなく生活感も一切ない	Desde los pasillos del palacio, se avista el cielo estrellado.	Из галереи дворца открывается вид на красивое ночное небо. Свет от него тёплый, но не похоже, что здесь кто-то обитает...	In den Palastgängen ist der Sternenhimmel zu sehen. Beachte, wie das Licht dabei keinen Schatten wirft.	Dai corridoi del palazzo, il cielo stellato si può vedere. Si può scorgere che la luce non crea ombre.	Från palatsets korridorer kan man se stjärnhimlen. Lägg märke till att ljuset inte kastar några skuggor.	Dos corredores do palácio, é possível ver o céu estrelado. Repare que a luz não projeta sombras.	Desde el corredor del palacio se extiende un hermoso cielo nocturno. La luz que se filtra es cálida, pero no hay nadie ni rastro alguno de vida.	Z korytarzy pałacu, można zauważyć gwieżdziste niebo. Zauważ, że światło nie tworzy cieni.	從宮殿的回廊望去，壯麗的夜空一覽無遺。雖然灑落的光芒溫暖柔和，但卻看不到任何人影，也毫無生活的氣息。	Gece Sarayı\nSaray koridorlarından yıldızlı gökyüzü görülebiliyor. Işığın gölge oluşturmadığına dikkat et.	
spb_desc_ch6_14	We wanted the map to convey a sense of mystery, too. This way, the player can encounter the metaphysical.		マップコンセプトは「不思議」感。宮殿内部を走りながら、世界の「精神」部分に接触するというイメージ	También queríamos darle al lugar un aura misteriosa. Así, el jugador puede encontrarse con lo metafísico.	Концепция - """необычное""" ощущение. Пока бежишь по дворцу, должно складываться ощущение, будто соприкасаешься с """душой""" мира.	Wir wollten auch mit der Karte ein mystisches Gefühl vermitteln, damit der Spieler ganz ins Geschehen eintauchen kann.	Abbiamo voluto pure dare alla mappa un senso di mistero. In questo modo, il giocatore può incotrare il metafisico.	Vi ville att kartan också skulle förmedla en känsla av mystik. På så sätt kan spelaren möta det metafysiska.	Queríamos que o mapa também transmitisse uma sensação de mistério. Dessa forma, o jogador pode se deparar com o metafísico.	El concepto del mapa consiste en la sensación de """misterio""". La imagen es la de correr por el interior del palacio mientras se entra en contacto con el aspecto """espiritual""" del mundo.	Też chcieliśmy aby mapa oddawała nutkę tajemnicy w ten sposób, gracz może napotkać sferę metafizyczną.	因為地圖的概念是「奇異」感，所以我們想要傳達出在宮殿內奔跑的同時，就會逐漸接觸到這個世界的「精神」層面的這種形象。	Gece Sarayı\nHaritanın aynı zamanda bir gizem duygusu da taşımasını istedik. Bu sayede oyuncu metafizikle karşılaşabilir.	
spb_desc_ch6_15	An image of the Spirit World. The glass walkway underscores the myseriousness of the space.		精神世界を表現したイメージ。ガラスの通路がこの空間の不思議さを強調している	Imagen del Mundo Espiritual. El camino cristalino enfatiza la sensación de misterio.	Изображение, показывающее мир душ. Стеклянный проход подчёркивает загадочность этого пространства.	Ein Bild der Geisterwelt. Der gläserne Gang unterstreicht die geheimnisvolle Atmosphäre.	Una immagine del Mondo degli Spiriti. La passerella di vetro sottolinea la misteriosità del posto.	En bild av andevärlden. Glasgången understryker rummets mystiska allvar.	Uma imagem do Mundo dos Espíritos. A passarela de vidro ressalta o mistério do lugar.	Una imagen que representa el mundo espiritual. El pasillo de cristal acentúa la extrañeza de este espacio.	Obraz ze Świata Duchów. Szklane przejście podkreśla tajemniczość przestrzeni.	這是一幅展現精神世界的圖像。玻璃製的通道強調了這個空間的不可思議感。	Gece Sarayı\nRuhlar Dünyası'nın bir görüntüsü. Cam yürüyüş yolu, mekanın gizemli ciddiyetini vurguluyor.	
														
spb_desc_ch7_1	This was the first boss created. At first we were unsure where to place it in the game.		一番最初に制作されたボス。このゲームにおけるボスの位置付けなどをなやみながら制作された	Este fue el primer jefe que creamos. Al principio, no sabíamos dónde introducirlo en el juego.	Босс, созданный в самом начале. Создавали, размышляя о том, куда поместить боссов в игре.	Diesen Boss schufen wir als Erstes. Anfangs waren wir uns nicht sicher, wo im Spiel wir ihn unterbringen würden.	Questo era il primo boss che abbiamo creato. All'inizio non sapevamo dove metterlo.	Detta var den första bossen som skapades. Först var vi osäkra på var vi skulle placera den i spelet.	Este foi o primeiro chefe criado. No início, não tínhamos certeza de onde colocá-lo no jogo.	El primer jefe creado. Se hizo mientras se decidía el papel de los jefes en este juego.	To był pierwszy boss jakiego stworzyliśmy. Na początku nie byliśmy pewni, gdzie możemy go wstawić.	這是最初製作出來的頭目，起初我們還不確定該把它放在遊戲中的何處。	Kum Akrebi\nBu, yaratılan ilk boss'tu. İlk başta onu oyunda nereye yerleştireceğimizden emin değildik.	
spb_desc_ch7_2	The Ifrit is mixed with discarded machinery. Look closely in the cauldron and you'll see a rubber ducky!		捨てられていた機械と炎のマジンが合体ていイフリート。よく見ると釜の中におもちゃのアヒル！	El ifrit combina su cuerpo con maquinaria desechada. ¡Mira con atención su caldera y podrás ver un patito de goma!	Заброшенные устройства и злой дух огня соединились и получился Ифрит. Приглядитесь и обнаружите игрушечного утёнка!	Der Ifrit besteht zum Teil aus Maschinenteilen. Wenn du genauer in den Kessel guckst, siehst du eine Gummiente!	L'Ifrit è mischiato con macchinari scartati. Guarda bene nel calderone e si può vedere una paperella di gomma!	Ifriten är blandad med kasserade maskiner. Titta noga i kitteln så ser du en gummianka!	O Ifrit está misturado com maquinário descartado. Olhe de perto no caldeirão e você verá um patinho de borracha!	El ifrit es la fusión de una máquina desechada y un majin de fuego. ¡Si miras bien, hay un patito de hule en el caldero!	Ifrit jest wymieszany z wyrzuconymi maszynami. Patrz uważnie, w środku kociołka jest gumowa kaczuszka!	被丟棄的機械與火焰精靈融合後形成了。仔細一看，鍋爐裡竟然還有一隻玩具小鴨！	İfrit Golemi\nİfrit, atılmış makinelerle karıştırılmıştır. Kazana dikkatlice bakarsanız, bir lastik ördek göreceksiniz!	
spb_desc_ch7_3	This creature is born from an amalgamation of Slime Djinns.		スライム・ジンが寄せ集まり生まれた怪物という設定	Esta criatura nace de la amalgamación de Yinns Limo.	Существо, появившееся в результате слияния Джиннов Слизи.	Diese Kreatur entstand aus der Fusion von Slime Djinns.	Questa creatura è nata dalla fusione di Geni di Melma.		Essa criatura nasceu de uma fusão de Slime Djinns.	Monstruos nacidos de la mezcla de majin de baba.	To stworzenie powstało w wyniku połączenia Dżinów Śluzowych.	這個怪物的設定是由聚集起來的史萊姆與精靈融合而成的存在。	Kaptan Bemoth\nBu yaratık Balçık Cinlerinin bir karışımından doğmuştur.	
spb_desc_ch7_4	Erazor's name is a pun on the words """eraser""" and """razor""" -- hence his weapon.		イレイザーの由来は「カミソリ」と「刈り取る」。だから、カミソリのような武器を持つ	El nombre de Erazor es un juego de palabras entre """eraser""" (borrador) y """razor""" (navaja) -- de ahí su arma.	Его имя образовано от слов """бритва""" и """жнец""". Поэтому у него в руках оружие, похожее на бритву.	Sein Name setzt sich im Englischen aus Eraser (Radierer) und Razor (Rasierer) zusammen - deswegen auch seine Waffe.	Il nome di Erazor è un gioco di parole sulle parole """eraser""" e """razor""" -quindi la sua arma.	Erazors namn är en ordlek på orden """eraser""" och """razor""" -- därav hans vapen.	O nome de Erazor é um trocadilho com as palavras 'eraser' (borracha) e 'razor' (lâmina) -- por isso ele usa essa arma.	El nombre Erazor deriva de """razor""" (navaja) e """erase""" (borrar/segar). Por eso lleva un arma parecida a una navaja.	Imię Erazora jest grą słów na podstawie słów """eraser (gumka do ścierania)""" oraz """razor (brzytwa)""", stąd też jego broń.	伊萊薩（Erazor）名稱的由來是取自「剃刀」（razor）與「清除」（erase）之意，因此他手持如剃刀般的武器。	Erazor Cin\nErazor'un adı """silgi""" ve """ustura""" kelimelerinin bir kelime oyunudur -- dolayısıyla silahı da budur.	
spb_desc_ch7_5	After absorbing all 7 World Rings, his body is still incomplete because he cannot merge with Sonic.		７つの世界リングによって変身を試みるが、いけにえとなるはずのソニックと合体できず不完全な姿になった	Tras absorber los 7 Anillos Secretos, su cuerpo aún está incompleto porque no puede fusionarse con Sonic.	7 Мировых колец должны были подарить ему силу, но Соник не принёс себя в жертву, поэтому форма претерпела изменения и получилась неполноценной.	Er hat alle 7 Weltenringe in sich aufgenommen, aber da er sich nicht mit Sonic verbinden kann, bleibt er unvollkommen.	Dopo aver assorbito i 7 Anelli Mondiali, il suo corpo è ancora incompleto, visto che non si può unire a Sonic.	Efter att ha absorberat alla 7 världsringar är hans kropp fortfarande ofullständig eftersom han inte kan slås samman med Sonic.	Após absorver os 7 Anéis do Mundo, o corpo dele ainda está incompleto, pois ele não consegue se fundir com o Sonic.	Intenta transformarse con los 7 Anillos mundiales, pero al no poder fusionarse con Sonic, que debía ser el sacrificio, adquiere una forma incompleta.	Po wchłonieniu wszystkich siedmiu Pierścieni Świata, jego ciało jest nadal niekompletne, ponieważ nie może złączyć się z Soniciem.	他嘗試利用七個世界戒指進行變身，但原本應作為祭品的索尼克無法與其合體，因而形成了不完全的姿態。	Alf Layla wa-Layla\nTüm 7 Dünya Halkasını emdikten sonra bile, Sonic ile birleşemediği için bedeni hala eksiktir.	
spb_desc_ch7_6	The Rafflesia Djinn is an amalgamation of old plants. The Golem Djinn is made from an assortment of palace debris.		左から、太古の植物がマジンと化したラフレシア・ジンと城のガラクタが集まりマジンと化したゴーレム・ジン	El Yinn Rafflesia es una amalgama de plantas marchitas. El Yinn Gólem se compone de una variedad de escombros del palacio.	Слева Раффлезия Джинн - древнее растение, превратившееся в злого духа, справа - Голем Джинн, злой дух, воплотившийся из мусора во дворце.	Der Rafflesia Djinn besteht aus alten Gewächsen; der Golem Djinn aus Palasttrümmern.	Il Genio Rafflesia è una fusione di vecchie piante. Il Genio Golem è fatto con un assortimento di detriti del palazzo.	Rafflesia Djinn är en sammanslagning av gamla växter. Golem Djinn är gjord av en blandning av palatsavfall.	O Rafflesia Djinn é uma fusão de plantas antigas. O Golem Djinn é feito a partir de uma mistura de destroços de um palácio.	De izquierda a derecha: Rafflesia, una planta antigua convertida en majin, y el majin Gólem, formado por la chatarra del castillo.	Dżin Rafflesia jest połączeniem starych roślin. Dżin Golem jest stworzony z mieszanki gruzu pałacu.	從左邊起，是由太古植物化作精靈而成的大王花精靈，以及由城堡的殘骸聚集化作精靈而成的魔像精靈。	Cin 1\nRafflesia Cin'i, eski bitkilerin bir karışımıdır. Golem Cin'i ise çeşitli saray kalıntılarından yapılmıştır.	
spb_desc_ch7_7	On the left is the Gargoyle Djinn, who is the tomb's guardian. On the right is the accursed Skeleton Djinn. 		左が、遺跡の番人をイメージしたガーゴイル・ジン。右が、王の封印されていた盗賊スケルトン・ジン	A la izquierda, el Yinn Gárgola, guardián de la tumba. A la derecha, el maldito Yinn Esquelético.	Слева Горгулья Джинн, напоминающая хранителя руин, справа - Скелет Джинн - пират, заточённый царём.	Links ist der Gargoyle Djinn zu sehen, der Hüter der Grabstätte. Rechts der verfluchte Skeleton Djinn.	Alla sinistra c'è il Genio Gargoyle, che è il guardiano della tomba. Alla destra c'è il Genio Scheletrico maledetto.	Till vänster är Gargoyle Djinn, som är gravens väktare. Till höger är den förbannade Skeleton Djinn.	À esquerda está o Gargoyle Djinn, que é o guardião da tumba. À direita está o amaldiçoado Skeleton Djinn.	A la izquierda, el majin Gárgola, inspirado en un guardián de las ruinas. A la derecha, el majin Esqueleto ladrón, que había sido sellado por el rey.	Na lewo jest Dżin Gargulec, który jest strażnikiem grobowca. Na prawo jest przeklęty Dżin Szkielet.	左邊的是以遺跡守衛為形象的石像鬼精靈，右邊的是被國王封印的盜賊骷髏精靈。	Cin 2\nSolda, mezarın bekçisi olan Gargoyle Cin, sağda ise lanetli İskelet Cin yer alıyor.	
spb_desc_ch7_8	These appear in the Lost Prologue. These were created as common enemies during the game's inception.		ロストプロローグに出現するマジン。プロジェクトの初期に作った基本の形	Aparecen en el Prólogo Perdido. Fueron creados como enemigos comunes durante el comienzo del desarrollo del juego.	Злые духи, появляющиеся в Потерянном прологе. В таком виде были созданы в начале проекта.	Diese erscheinen im Lost Prologue und entstanden als gewöhnliche Feinde im Anfangsstadium des Spiels.	Questi appaiono nel Prologo Perduto. Essi furono creati come nemici comuni durante l'inizio del gioco.	Dessa förekommer i den Förlorade Prologen. Dessa skapades som vanliga fiender under spelets början.	Eles aparecem em Lost Prologue. Foram criados como inimigos comuns durante a concepção do jogo.	Los majin que aparecen en el Prólogo Perdido. La forma básica creada al inicio del proyecto.	Te pojawiają się w Zaginionym Prologu. Zostały stworzone jako zwykli przeciwnicy podczas rozpoczynania gry.	出現在失落序章中的精靈，是在遊戲計畫初期製作的基本型態。	Cin 3\nBunlar Kayıp Prolog'da yer alır. Oyunun başlangıcında yaygın düşmanlar olarak yaratılmışlardır.	
spb_desc_ch7_9	Genies appearing in Sand Oasis. These were actually created very late in the development of the game.		サンドオアシスに出現するマジン。プロジェクトの終盤ギリギリにサンドオアシス用として制作された	Genios que aparecen en el Oasis de Arena. En verdad, fueron creados bastante tarde en el desarollo del juego.	Злые духи, появляющиеся в Песчаном оазисе. Были созданы для Песчаного оазиса в самом конце проекта.	Geister aus der Sand Oasis. Diese entstanden erst in der letzten Entwicklungsphase des Spiels.	Geni che appaiono in Oasi Sabbiose. Essi furono creati tardi nello sviluppo del gioco.	Andar som dyker upp i Sandoas. Dessa skapades faktiskt väldigt sent i spelets utveckling.	Gênios que aparecem em Sand Oasis. Na verdade, eles foram criados muito tarde no desenvolvimento do jogo.	Los majin que aparecen en el Oasis Arenoso. Fueron creados específicamente para esta etapa hacia final del proyecto.	Dżiny pojawiający się w Piaszczystej Oazie. Te akurat były stworzone bardzo póżno w pracy nad grą.	出現在沙漠綠洲的精靈，是在遊戲計畫最後階段趕在截止前為沙漠綠洲專用而製作的。	Cin 4\nKum Vahasında ortaya çıkan cinler. Bunlar aslında oyunun geliştirilmesinin çok geç bir aşamasında yaratıldı.	
spb_desc_ch7_10	Genies from Dinosaur Jungle. They were given an organic design to match the image of the stage.		ダイナソージャングルに出現するマジン。ステージに合わせてマジンも太古の植物に侵食されているデザインになった。	Genios de la Jungla Jurásica. Les dimos un diseño orgánico para que encajasen con el escenario.	Злые духи, живущие в Джунглях динозавров. Их изобразили слившимися с древними растениями под стиль уровня.	Geister aus dem Dinosaur Jungle. Wir gaben ihnen eine biologische Erscheinung, damit sie sich ins Gesamtbild fügen.	Geni della Giungla dei Dinosauri. Li abbiamo dato un design organico per combaciare con il tema del livello.	Andar från Dinosauriejungel. De fick en organisk design för att matcha scenens utseende.	Gênios de Dinosaur Jungle. Eles receberam um design orgânico para combinar com a imagem do cenário.	Los majin que aparecen en la Dino Jungla. A juego con la fase, el diseño de los majin también está inspirado por plantas antiguas.	Dżiny z Dżungli Dinozaurów. Dano im organiczny design by wpasowały się w obraz etapu.	出現在恐龍叢林的精靈，為了因應關卡而設計出也被太古植物侵蝕的樣子。	Cin 5\nDinozor Ormanı'ndan Cinler. Sahnenin görüntüsüne uyması için organik bir tasarıma sahipler.	
spb_desc_ch7_11	Genies from Evil Foundry. A gear-like accessory is on their heads.		イビルフャウンドリーに出現するマジン。頭に歯車のようなかざりがついている	Genios de la Forja Maligna. Llevan engranajes y tuercas como accesorio en sus cabezas.	Злые духи, появляющиеся в Плавильне зла. На голове у них украшение в виде шестерёнки.	Geister aus der Evil Foundry. Sie tragen ein zahnrad-artiges Gebilde auf dem Kopf.	Geni della Fonderia Maligna. Un accessorio a forma di ingranaggio si trova nella loro testa.	Andar från Ond Smedja. De har ett kugghjulsliknande tillbehör på huvudet.	Gênios de Evil Foundry. Eles têm um acessório em forma de engrenagem na cabeça.	Los majin que aparecen en la Forja Maléfica. Llevan un adorno parecido a un engranaje en la cabeza.	Dżiny z Przeklętej Odlewni. Mają na głowie zębatkowe akcesorium.	出現在萬惡鑄造廠的精靈，頭頂上有看似齒輪的飾品。	Cin 6\nKötülük Dökümhanesi'nden gelen cinler. Başlarında dişli benzeri bir aksesuar bulunur.	
spb_desc_ch7_12	Genies from Levitated Ruin. They are based on the concepts of """Mimicry""" and """Large Wings."""		レビテイテッドルーインに出現するマジン。「擬態」と「大きな翼」というリクエストから生まれた	Diseñamos los genios de las Ruinas Levitantes de tal manera que pudiésemos incluír algo con grandes alas que se mimetizasen.	Злые духи, появляющиеся в Парящих руинах. Нужно было объединить маскировку и большие крылья в одно существо.	Wir wollten etwas mit großen Flügel und Nachahmungsfähigkeiten - so entstanden die Geister aus der Levitated Ruin.	Geni delle Rovine Levitate. Sono basati dal concetto di """mimica""" e """grandi ali."""	Andar från Leviterad Ruin. De är baserade på koncepten """Mimicry""" och """Large Wings""".	Gênios de Levitated Ruins. Eles são baseados nos conceitos de """Mimetismo""" e """Grandes Asas""".	Los majin que aparecen en las Ruinas Levitadas. Nacieron de la petición de que se pudieran mimetizar y tuvieran grandes alas.	Dżiny z Lewitującej Ruiny. Zostały stworzone na podstawie próśb o """Mimikę""" i """Duże Skrzydła""".	出現在懸浮遺址的精靈，是從「擬態」與「巨大翅膀」這兩項需求中誕生的角色。	Cin 7\nHavadaki Harabede bu cinler, taklit edebilecek büyük kanatlı bir şey ekleyebilmemiz için tasarlandı.	
spb_desc_ch7_13	Genies from Pirate Storm. We came up with enemies that fit the image of a pirate ghost ship.		パイレーツストームに出現するマジン。海賊の亡霊船のイメージにあわせて海賊の姿！	Para la Tormenta Pirata, creamos enemigos que encajasen con la imagen de un barco pirata fantasma.	Злые духи, появляющиеся в Пиратском шторме. Сделали из них пиратов, использовав концепцию использовав концепцию кораблей-призраков.	Für Pirate Storm ließen wir uns Feinde einfallen, die zum Bild eines Piratengeistschiffes passen.	Geni della Tempesta Pirata. Abbiamo inventato dei nemici che andavano bene con il tema di una nave pirata fantasma.	Andar från Piratstorm. Vi kom på fiender som passar bilden av ett piratspökskepp.	Gênios de Pirate Storm. Criamos inimigos que combinam com a imagem de um navio fantasma pirata.	Los majin que aparecen en la Tormenta Pirata. ¡Con aspecto de pirata a juego con la imagen de los barcos fantasma!	Dżiny z Pirackiego Sztormu. Wymyśliliśmy wrogów pasujących do obrazu pirackiego statku widmo.	出現在海盜暴風的精靈，為了呼應海盜幽靈船的形象，而被設計成海盜的外貌。	Cin 8\nKorsan Fırtınası için, korsan hayalet gemisinin imajına uyan düşmanlar tasarladık.	
spb_desc_ch7_14	Genies from Skeleon Dome. The bone motif carries over here. Check out those ribcages!		スケルトンドームに出現するマジン。ステージコンセプトに合わせて少し「骨」を入れている。お腹のアバラ骨が特徴的	Los huesos aparecen como motivo, igual que en el Domo Esquelético. ¡Fíjate en los huesos de la caja torácica!	Злые духи, появляющиеся в Скелетном своде. Добавили немного костей под концепцию уровня. Особенно выделяются рёбра.	Das Knochenmotiv des Skeleton Dome wird hier weitergeführt. Sieh dir mal die Rippen an!	Geni della Cupola Scheletrica. Il tema delle ossa viene riportato qui. Guarda quelle gabbie toraciche!	Andar från Skelettkupol. Benmotivet syns här. Kolla in revbenen!	Gênios de Skeleton Dome. O tema ósseo continua aqui. Dê uma olhada nessas caixas torácicas!	Los majin que aparecen en el Domo Esquelético. Se les añadieron algunos huesos para encajar con el concepto de la fase. Las costillas del abdomen son su rasgo característico.	Dżiny z Kopuły Szkieletów. Motyw kości się tutaj przenosi. Obczaj te klatki żebrowe!	出現在骷髏巨蛋的精靈，為了契合關卡概念，設計中加入了一些「骨」的元素，其中最具特色的就是它腹部外露的肋骨。	Cin 9\nİskelet Kubbesinden kemik motifi buraya da aktarılıyor. Kaburga kemiklerine bakın!	
spb_desc_ch7_15	Genies from Night Palace. They have a different air about them that sets them apart from the others.		ナイトパレスに出現するマジン。ラストステージに合わせ、その風ぼうに他のマジンとは異なる威厳（いげん）をもつ	Los genios del Palacio Nocturno tienen un cierto aura que los diferencia del resto.	Злые духи, появляющиеся в Ночном дворце. Для последней сцены нарисовали именно таких духов, чтобы они были величественнее других.	Die Geister aus dem Night Palace haben ein anderes Erscheinungsbild, das sie von den anderen Geistern unterscheidet.	Geni del Palazzo Notturno. Hanno un'aria diversa che li rendono distinti dagli altri.	Andar från Nattpalats. De har en annan känsla som skiljer dem från de andra.	Gênios de Night Palace. Eles têm um jeito diferente que os destaca dos demais.	Los majin que aparecen en el Palacio Nocturno. Al ser la última fase, su aspecto tiene una majestuosidad diferente a la de los otros majin.	Dżiny z Nocnego Pałacu. Mają w sobie coś innego, co odróżnia je od pozostałych.	出現在暗夜宮殿的精靈，為因應最終關卡，其外觀被賦予了不同於其他精靈的威嚴感。	Cin 10\nGece Sarayı'ndaki bu cinlerin, onları diğer cinlerden ayıran farklı bir havası vardır.	
														
spb_desc_ch8_1	Purposely 2D to reinforce the image of a real book.		はじまるのは冒険おちるのは恋？ソニックはシャーラに　連れられて古びた書の中へ	Hecho en 2D a propósito para reafirmar el aspecto de un libro real.	Приключения начинаются, любовь увядает. Шахра ведёт Соника в мир старой книги.	Absichtlich zweidimensional gehalten, um den Eindruck eines richtigen Buches zu erzeugen.	Intenzionalmente 2D per rinforzare l'idea di un vero libro.	Avsiktligt 2D för att förstärka bilden av en riktig bok.	Propositalmente 2D para reforçar a imagem de um livro de verdade.	¿Comienza una aventura, termina una historia de amor? Sonic es llevado por Shahra al interior de un libro antiguo.	Celowo 2D by wzmocnić obraz prawdziwej książki.	冒險的展開，卻是愛情的消殞？索尼克在夏拉的引領下，踏入了那本古老的書中。	Kitabın Dünyası\nGerçek bir kitabın imajını güçlendirmek için özellikle 2 boyutlu olarak tasarlanmıştır.	
spb_desc_ch8_2	This was a long and important scene, so a lot of cuts had to be made!		イレイザー登場。相応の罰で放たれた「裁きの矢」炎が消えるまえに７つの世界リングを探しだせ	Esta escena era larga e importante; ¡se tuvieron que hacer muchos arreglos!	Появление Эрейзора. """Стрела правосудия""", выпущенная в качестве наказания. Найдите\nсемь Мировых колец до того,\nкак пламя погаснет!	Dies war eine lange, wichtige Szene, deshalb mussten viele Schnitte gemacht werden!	Questa era una scena lunga ed importante, quindi abbiamo dovuto tagliare un paio di scene!	Det här var en lång och viktig scen, så många klippningar var tvungna att göras!	Esta foi uma cena longa e importante, então muitos cortes tiveram que ser feitos!	Aparece Erazor. La """Flecha del Juicio""" es lanzada como castigo. ¡Encuentra los 7 Anillos mundiales antes de que se extinga la llama!	To była długa i ważna scena, więc musieliśmy zrobić dużo cięć.	伊萊薩登場。為施以相應的懲罰而施放的「制裁之箭」，在火焰熄滅之前必須找出七枚世界戒指。	Erazor Görünüyor\nBu uzun ve önemli bir sahneydi, bu yüzden çok fazla kesinti yapılması gerekti!	
spb_desc_ch8_3	We tried a lot of different techniques to get the appearance of the pterosaur just right.		先にとうちゃくしたソニックだったがイレイザーに国王を連れさられてしまうしかし、あの国王みたことあるような	Probamos muchas técnicas diferentes con el fin de encontrar el aspecto adecuado para el pterosaurio.	Когда Соник оказался на месте, Эрейзор уже увёл царя. Однако, где-то этого царя он уже видел.	Wir haben viel ausprobiert, um den Pterosaurus genau richtig aussehen zu lassen.	Abbiamo provato un sacco di tecniche per riuscire a fare uno pterosauro.	Vi provade många olika tekniker för att få pterosaurien att se precis rätt ut.	Testamos várias técnicas diferentes para acertar a aparência do pterossauro.	Sonic llegó primero, pero Erazor se llevó al sultán. Sin embargo, ese sultán me resulta familiar...	Próbowaliśmy wiele innych technik by odpowiednio oddać wygląd pterozaura.	索尼克雖然先抵達了，但國王卻被伊萊薩帶走了。不過，那位國王好像在哪見過。	Kral Bulundu!\nPterozorun görünümünü tam istediğimiz gibi elde etmek için birçok farklı teknik denedik.	
spb_desc_ch8_4	These are the same characters that appear when a genie is defeated.		困っている人形！かけつけて助ければアリババだった。力はないけど、器用なキツネ…？なにか困ったら聞きにこよう！	Estos personajes son los mismos que aparecen cuando un genio es derrotado.	У кого-то проблемы! Соник быстро спас персонажа, которым оказался Али-Баба. Не сильный, но ловкий лис? Если ты в беде, он может помочь!	Dies sind die gleichen Charaktere, die beim Sieg über Geister auftreten.	Questi sono gli stessi personaggi che appaiono quando un genio è sconfitto.	Det här är samma karaktärer som dyker upp när en ande besegras.	Estes são os mesmos personagens que aparecem quando um gênio é derrotado.	¡Un peluche en apuros! Al ir a ayudarle resultó ser Alí Babá. No es fuerte, pero es un zorro muy hábil... ¿o no? ¡Si tienes problemas, ve a preguntarle!	Te same postacie pojawiają się po pokonaniu dżina.	似乎有人陷入困境！趕去救援後，結果竟然是阿里巴巴。雖然沒有力量，但卻是個靈巧的狐狸……？如果有什麼麻煩，就再來找我吧！	Minnettar Ali-Baba\nBunlar bir cin yenildiğinde ortaya çıkan karakterlerle aynıdır.	
spb_desc_ch8_5	Sonic and Shahra pinky-swear. This shows how alike these two worlds really are.		イレイザーが生みだした怪物が大あばれ\n指さきで約束するソニックとシャーラ悲しい顔はナシだ！	La promesa de dedo meñique de Sonic y Shara. Nos muestra lo parecidos que son en realidad estos dos mundos.	Соник и Шахра дают друг другу обещание не грустить!	Sonic und Shahra geben sich einen Fingerschwur. So wird deutlich, wie ähnlich sich die Welten sind.	La promessa di Sonic e Shahra. Questo mostra come sono simili i due mondi.	Sonic och Shahra svär på lillfingret. Det här visar hur lika dessa två världar verkligen är.	Sonic e Shahra fazem um juramento de dedinho. Isso mostra o quanto esses dois mundos realmente são parecidos.	El monstruo creado por Erazor se descontrola.\nSonic y Shahra hacen una promesa con el dedo: ¡nada de caras tristes!	Przysięga na mały palec Sonica i Shahry. To pokazuje jak podobne do siebie są te światy.	伊萊薩創造出的怪物大暴走。\n索尼克和夏拉打勾勾立下約定不能再露出悲傷的表情！	Kum Akrebi Ortaya Çıkıyor\nSonic ve Shahra küfür ediyor. Bu, iki dünyanın aslında ne kadar benzer olduğunu gösteriyor.	
spb_desc_ch8_6	When darkness comes, the world of the Arabian Nights legend says the blue hedgehog from another world will appear.		『アラビアンナイトに訪ねるとき外界より伝説の青きハリネズミきたる』	Una leyenda del mundo de Las mil y una noches dice que cuando llegue la oscuridad, aparecerá el erizo azul de otro mundo.	Когда в """Тысяче и одной ночи""" наступит тьма, из другого мира придёт легендарный синий ёж.	Die Zeichnung des Weltenrings entspricht genau dem Plan.	Quando l'oscurità verrà, la leggenda delle mille ed una notte dice che il riccio blu di un altro mondo apparirà.	När mörkret faller, säger världen i Tusen och En Natt legenden att den blåa igelkotten från en annan värld kommer att dyka upp.	Quando a escuridão chegar, a lenda do mundo das Mil e Uma Noites diz que o ouriço azul de outro mundo surgirá.	"""Y al visitar las Mil y una noches, desde el mundo exterior llegó el legendario erizo azul."""	Gdy nadejdzie ciemność, legenda ze światów Arabskich Nocy mówi, że zjawi się niebieski jeż.	『造訪天方夜譚之時，來自外界的傳說中的藍色刺猬將會現身。』	Neşe Yüzüğü\nKaranlık çöktüğünde, Binbir Gece efsanesinin dünyasında, başka bir dünyadan mavi kirpinin ortaya çıkacağı söylenir.	
spb_desc_ch8_7	We revised the scene of how the King's rescue would play out.		シャフリャール王の話こよれば、イレイザーは手下を増やすとぬかして古びた城へ…急げソニック！	Revisamos la escena de cómo sería el rescate del sultán.	По словам царя Шахрияра, Эрейзор хочет заполучить больше подчинённых, поэтому отправился в старый дворец... Поторопись, Соник!	Den Ablauf der Rettung des Königs im Spiel haben wir überarbeitet.	Abbiamo rivisto la scena in cui si sarebbe svolto il salvataggio del re. 	Vi reviderade scenen för hur kungens räddning skulle utspela sig.	Revisamos a cena de como o resgate do rei aconteceria.	Según el sultán Shahriar, Erazor dijo que iba a conseguir más secuaces y se fue al viejo castillo... ¡Date prisa, Sonic!	Przeredagowaliśmy scenę, w której rozgrywałaby się akcja ratunku Króla.	依據山魯亞爾國王所言，伊萊薩為了增加手下而前往一座古老的城堡……快啊，索尼克！	Kralın Kurtarılması\nKralın kurtarılmasının nasıl gerçekleşeceğine dair sahneyi yeniden düzenledik.	
spb_desc_ch8_8	Making a wish upon the ring brings forth Shahra's devotion to her master.		マジンを狂わせる正体が、この世界リングかもしれない\n早くあつめなければこの世界が…	Pedirle un deseo al anillo saca a la luz la devoción de Shara por su maestro.	Возможно, именно это\nМировое кольцо свело\nс ума злых духов.	Als Sonic einen Wunsch an den Ring richtet, wird deutlich, wie treu Shahra ihrem Meister ist.	Esprimendo un desiderio sull'anello fa emergere la devozione di Shahra al suo padrone.	Att önska sig något med ringen framkallar Shahras hängivenhet till sin mästare.	Fazer um pedido no anel desperta a devoção de Shahra por seu mestre.	Puede que la causa que enloquece a los majin sean estos Anillos mundiales\nSi no se reúnen pronto, este mundo...	Spełnienie życzenia za pomocą pierścienia wywołuje oddanie Shahry wobec jej mistrza.	讓魔人狂暴化的真正原因，或許就是這些世界戒指。若不趕快收集起來，這個世界就會……	Nefret Yüzüğü\nYüzük üzerinde dilek tutmak, Şahra'nın efendisine olan bağlılığını ortaya çıkarır.	
spb_desc_ch8_9	Sonic's power is no match for Erazor's scheme.		イレイザーが呼びだすのは、世の中を全て焼きつくすほどの大マジン！！『タイムブレイク』逃げるが勝ちだぜ！	El poder de Sonic no está a la altura de los planes de Erazor.	Эрейзор вызывает огромного злого духа, который может сжечь всё в этом мире! Соник использует замедление, чтобы сбежать, но выиграть.	Sonic ist gegen Erazors üble Pläne machtlos.	Il potere di Sonic non è niente in confronto al piano di Erazor.	Sonics kraft är ingen match för Erazors plan.	O poder de Sonic não é páreo para o plano de Erazor.	¡Lo que invoca Erazor es un majin colosal capaz de calcinar el mundo entero! """Time Break""". ¡Una retirada a tiempo es una victoria!	Moc Sonica nie ma szans ze spiskiem Erazora.	伊萊薩召喚出的，是足以焚盡世間的大精靈！！『時間突破』率先逃跑的人就是贏家！	Ateş Ruhu Ortaya Çıkıyor\nSonic'in gücü Erazor'un planına karşı koyamıyor.	
spb_desc_ch8_10	Sonic and Shahra begin to become good friends.		冒険でこまったらアリババのともだちシンドバッドにきくのがよい…西の空を飛ぶルフ鳥を追え！	Sonic y Shara comienzan a forjar una buena amistad.	Возникли сложности во время приключения, нужно обратиться к Синдбаду, другу Али-Бабы... Догоните Руха, который летает по западной части неба!	Der Beginn der engen Freundschaft zwischen Sonic und Shahra.	Sonic e Shahra iniziano a diventare buoni amici.	Sonic och Shahra börjar bli goda vänner.	Sonic e Shahra começam a se tornar bons amigos.	Si tienes problemas en la aventura, es mejor preguntar a Simbad, el amigo de Alí Babá... ¡Sigue al ave Rokh que vuela por el cielo del oeste!	Sonic i Shahra stają się dobrymi przyjaciółmi.	在冒險中遇到麻煩時，去問阿里巴巴的朋友辛巴達就好……追上那隻在西方天空飛翔的洛克鳥吧！	Ali-Baba'nın Tavsiyesi\nSonic ve Shahra iyi arkadaş olmaya başlarlar.	
spb_desc_ch8_11	Sonic and Sinbad don't really hit it off with one another.		とらわれの身のシンドバッド。イレイザーの魔力ででられない…４つのカギをあれろ	Sonic y Simbad no hacen muy buenas migas.	Заключённый Синдбад.\nНе может выйти из-за магии Эрейзора... Откройте 4 замка.	Sonic und Sindbad verstehen sich nicht sonderlich blendend.	Sonic e Sinbad non vanno proprio d'accordo.	Sonic och Sinbad kommer inte riktigt överens.	Sonic e Simbad não se dão muito bem.	Simbad está cautivo. No puede salir por la magia de Erazor... Reúne las 4 llaves.	Sonic i Sinbad nie do końca się lubią.	辛巴達被囚禁了。因伊萊薩的魔力而無法脫身……\n快去取得四把鑰匙！	Sinbad ile Tanışma\nSonic ve Sinbad birbirleriyle pek iyi anlaşamıyorlar.	
spb_desc_ch8_12	Ali-Baba forcing his way in between Sonic and Sinbad seems familiar somehow.		シンドバッド救出！カイゾクがもっているのは嵐をあやつる水色のリング！	La manera en la que Alí Babá se interpone entre Sonic y Simbad resulta familiar...	Спасение Синдбада! У пиратов есть голубое кольцо, которое вызывает шторм!	Wie Ali Baba sich in Sonics und Sindbads Streit einmischt kommt einem irgendwie bekannt vor.	Ali-Baba stando tra Sonic e Sinbad sembra familiare.	Att Ali-Baba tränger sig in mellan Sonic och Sinbad känns på något sätt bekant.	Ali Babá se intrometendo entre Sonic e Simbad parece familiar de alguma forma.	¡El rescate de Simbad! ¡Lo que tienen los piratas es el Anillo celeste que controla las tormentas!	Ali-Baba wpychający się między Sonica a Sinbada wydaje się jakoś znajomy.	成功救出辛巴達！而海盜手中握著的，是能操控風暴的水色戒指！	Sinbad'ın Kurtarılması!\nAli-Baba'nın Sonic ve Sinbad'ın arasına zorla girmesi bir şekilde tanıdık geliyor.	
spb_desc_ch8_13	What is the strange object that Shahra has?		大きな感情が　ながれこむ世界リング。地ごくの扉がひらくのか？そしてシャーラが渡したモノは一体…	¿Que es ese extraño objeto que porta Shara?	Мировое кольцо, вызывающее сильные эмоции. Откроется дверь в ад? Что дала Шахра?	Was hat Shahra da für ein merkwürdiges Ding...?	Cosa è quell'oggetto strano che Shahra ha?	Vad är det konstiga föremålet som Shahra har?	O que é esse objeto estranho que Shahra possui?	Grandes emociones fluyen hacia el Anillo mundial. ¿Se abrirán las puertas del infierno? ¿Y qué es lo que le entregó Shahra...?	Co to za dziwny przedmiot, który ma Shahra?	洶湧的情緒湧入世界戒指。地獄之門是否即將開啟？而夏拉交給他的那件物品，又究竟是……	Dua Yüzüğü\nShahra'nın sahip olduğu garip nesne nedir?	
spb_desc_ch8_14	The pirate ship begins its long-range attack.		うたれる大砲。さすがはカイゾク。ほめるはソニック。怒るはシャーラ\n嵐をおこす水色のリングはあるのか？	La embarcación pirata despliega su ataque a larga distancia.	Пушки стреляют. Пираты такие пираты. Соник восторгается. Шахра злится.	Das Piratenschiff startet einen Fernangriff.	La nave pirata inizia il suo attacco a distanza.	Piratskeppet inleder sin långdistansattack.	O navio pirata inicia seu ataque de longo alcance.	Disparos de cañón. Típico de piratas. Sonic los elogia. Shahra se enfada.\n¿Estará ahí el Anillo celeste que provoca tormentas?	Statek piracki rozpoczął swój długo-dystansowy atak.	大砲轟然發射，不愧是海盜。稱讚的是索尼克，生氣的則是夏拉。 那能掀起風暴的水色戒指，真的存在嗎？	Korsanlar Görüldü!\nKorsan gemisi uzun menzilli saldırısına başlıyor.	
spb_desc_ch8_15	What is the pirate leader's true form?		イカズチを背に立つその姿…。海賊をたばねるキャプテンとは！？	¿Cuál es la forma verdadera del líder pirata?	Стоит, а за спиной у него гроза... Капитан, управляющий пиратами?!	Welches ist die wahre Gestalt des Piratenanführers?	Quale è la vera forma del leader pirata?	Vad är piratledarens sanna skepnad?	Qual é a verdadeira forma do líder dos piratas?	Esa figura de pie con rayos a su espalda... ¡¿Quién es el capitán que lidera a los piratas?!	Jaka jest prawdziwa forma lidera piratów?	在雷光的背後挺立的那個身影……難道它就是統領海盜們的船長嗎？	Kaptan Bemoth Görünüyor\nKorsan liderinin gerçek formu nedir?	
														
spb_desc_ch9_1	Sonic comes closer to realizing the true secret of the Rings.		外の異世界からきたソニックでないとふれられない世界リングの秘密とは！？	Sonic casi ha descubierto el verdadero secreto de los Anillos.	В чём же секрет Мировых колец, к которым может прикасаться только Соник, пришедший из другого мира?	Sonic kommt dem Geheimnis der Ringe ein Stückchen näher.	Sonic comincia a capire il vero segreto degli Anelli.	Sonic kommer närmare till att inse Ringarnas sanna hemlighet.	Sonic se aproxima cada vez mais de descobrir o verdadeiro segredo dos Anéis.	¡¿Cuál es el secreto de los Anillos mundiales que solo Sonic, venido de un mundo exterior, puede tocar?!	Sonic zbliża się do odkrycia prawdziwego sekretu Pierścieni.	只有來自外界異世界的索尼克才能觸碰的世界戒指的秘密究竟是！？	Zevk Yüzüğü\nSonic, Yüzüklerin gerçek sırrını anlamaya yaklaşıyor.	
spb_desc_ch9_2	Sonic uses the power of the World Ring to even the playing field against the Ifrit.		水色の世界リングの力で、炎のマジンイフリートと再戦をこころみるソニックはたして！？	Sonic usa el poder del Anillo para igualar las fuerzas del ifrit a las suyas.	Соник использует голубое Мировое кольцо и идет на повторную схватку с Ифритом. Кто же победит?!	Sonic nutzt die Kraft des Weltenrings, um faire Verhältnisse im Kampf gegen den Ifrit zu schaffen.	Sonic usa il potere degli Anelli Mondiali per combattere l'Ifrit alla pari.	Sonic använder Världsringens kraft för att jämna ut spelplanen mot Ifriten.	Sonic usa o poder do Anel do Mundo para equilibrar a luta contra o Ifrit.	Sonic busca la revancha contra el ifrit, el majin de fuego, usando el poder del Anillo mundial celeste. ¡¿Qué pasará?!	Sonic używa mocy Pierścieni Świata by wyrównać szanse z Ifritem.	藉由水色世界戒指的力量，再戰炎之精靈伊弗利特的索尼克，究竟結果如何！？	Ifrit ile Rövanş\nSonic, Ifrit'e karşı oyun alanını eşitlemek için Dünya Yüzüğünün gücünü kullanır.	
spb_desc_ch9_3	Defeating the Ifrit is only half the battle...		イフリートの残がいから生まれた爆弾。さっそくのピンチ！さすがは、冒険の絶えない世界！急いで出口をめざせ	Derrotar al ifrit es solo la mitad del trabajo...	Из останков Ифрита появилась бомба. Тяжёлая ситуация!\nЭто и правда мир бесконечных приключений! Поскорее выберитесь отсюда!	Mit dem Sieg über den Ifrit ist es noch nicht getan...	Sconfiggere l'Ifrit è solo metà della battaglia...	Att besegra Ifriten är bara halva striden...	Derrotar o Ifrit ainda é só o começo...	Una bomba nacida de los restos del ifrit. ¡Vaya aprieto! ¡Típico de un mundo donde la aventura no cesa! Corre rápido a la salida.	Pokonywanie Ifrita to tylko połowa sukcesu...	從伊弗利特的殘骸中誕生了炸彈。危機立刻降臨！不愧是冒險永無止盡的世界！快朝出口前進！	Fabrikadan Kaçış\nİfrit'i yenmek savaşın sadece yarısıdır...	
spb_desc_ch9_4	Just what is the true power sealed away within these rings?		赤い世界リングには全ての怒りが…\n世界リングに秘められた謎とは…	Pero... ¿cuál es el verdadero poder sellado en estos anillos?	В красном Мировом кольце кипит гнев... Что же за секрет скрыт в Мировых кольцах...	Wie groß ist die wahre Kraft, die in den Ringen steckt?	Ma qual è il vero potere racchiuso in questi anelli?	Vad är egentligen den sanna kraften som är förseglad i dessa ringar?	Afinal, qual é o verdadeiro poder selado dentro desses anéis?	Toda la furia reside en el Anillo mundial rojo...\n¿Qué misterio ocultan los Anillos mundiales?	Jaka jest prawdziwa moc zapieczętowana w tych pierścieniach?	蘊藏所有憤怒的赤色世界戒指……\n世界戒指隱藏的秘密，又是什麼……	Öfke Yüzüğü\nBu yüzüklerin içinde saklı duran gerçek güç nedir?	
spb_desc_ch9_5	The great King Solomon was cursed by Erazor himself.		偉大なソロモン王もイレイザーによってあわれな姿に…骨をあつめて元にもどれ！	El gran Rey Salomón fue maldecido por el propio Erazor.	Даже великий царь Соломон из-за Эрейзора теперь выглядит вот так...\nСоберите все кости\nи верните их на место!	Der ehrwürdige König Solomon wurde von Erazor verflucht.	Il grande Re Salomone è stato maledetto proprio da Erazor.	Den store kung Solomon blev förbannad av Erazor själv.	O grande Rei Salomão foi amaldiçoado pelo próprio Erazor.	Incluso el gran rey Salomón ha quedado en un estado lamentable por culpa de Erazor... ¡Reúne los huesos para que vuelva a la normalidad!	Wielki Król Solomon był przeklęty przez samego Erazora.	偉大的所羅門王也被伊萊薩害得慘不忍睹……\n把骨頭收集起來，讓他恢復原狀吧！	Kral Solomon\nBüyük Kral Solomon, bizzat Erazor tarafından lanetlenmişti.	
spb_desc_ch9_6	Sonic in one of his rare soliloquy scenes.		白い世界リングには全ての願望がつまっているらしい…。イレイザーは世界リングを集めてどうするつもりか？	Sonic en una de sus inusuales escenas de soliloquio.	Белое Мировое кольцо наполнено всеми желаниями... Что же сделает Эрейзор, когда соберёт все кольца?	Sonic in einer seiner wenigen Monologszenen.	Sonic in una delle sue rare scene di soliloquio.	Sonic i en av sina sällsynta monologscener.	Sonic em uma de suas raras cenas de monólogo.	Parece que el Anillo mundial blanco contiene todos los deseos... ¿Qué pretende hacer Erazor reuniendo los Anillos mundiales?	Sonic w jednym z jego rzadszych scen monologu wewnętrznego.	白色世界戒指似乎蘊含著所有的願望……\n 伊萊薩收集世界戒指，究竟打算要做什麼？	Dilek Yüzüğü\nSonic nadir monolog sahnelerinden birinde.	
spb_desc_ch9_7	Shahra's expression shows that she is hiding something.		イレイザーを倒すには　キセキの力が…\n白い世界リングで空中宮殿の入口は開く！	La expresión de Shara revela que está ocultando algo...	Чтобы победить Эрейзора, должно произойти чудо... Белое Мировое кольцо открывает вход во дворец!	Shahras Mimik zeigt, dass sie etwas verbirgt.	L'espressione di Shahra fa vedere che sta nascondendo qualcosa.	Shahras ansiktsuttryck visar att hon döljer något.	A expressão de Shahra mostra que ela está escondendo algo.	Para derrotar a Erazor hace falta un poder milagroso...\n¡La entrada al palacio aéreo se abre con el Anillo mundial blanco!	Wyraz twarzy Shahry ujawnia, że coś ukrywa.	要打倒伊萊薩，需要奇蹟之力…… 用白色世界戒指，開啟空中宮殿的入口！	Düşman Kalesi\nŞahra'nın yüz ifadesi bir şeyler sakladığını gösteriyor.	
spb_desc_ch9_8	Shahra shows concern for Sonic as the deadline approaches.		タイムリミットであとわずか！\nオレとオマエの約束わすれるなよ！	Shara muestra su preocupación por Sonic según se acerca su hora.	Ограничение по времени и обещание, которое не забыть. Времени осталось совсем немного! Не забывай о нашем\nс тобой обещании!	Die Zeit läuft ab und Shahra macht sich große Sorgen um Sonic.	Shahra si mostra preoccupata verso Sonic all'avvicinamento della scadenza.	Shahra visar oro för Sonic när tidsfristen närmar sig.	Shahra demonstra preocupação com Sonic conforme o tempo se esgota.	¡Queda poco tiempo!\n¡No olvides nuestra promesa!	Shahra pokazuje zmartwienie o Sonica, kiedy zbliża się termin ostateczny.	時間所剩無幾！\n別忘了我和你之間的約定！	Saraya Giriş\nSon an yaklaşırken Shahra, Sonic'e karşı endişeli görünüyor.	
spb_desc_ch9_9	Sonic is worried about Shahra's past. What really happened?		悲しみの封印された紫色の世界リング。イレイザーの正体はランプの精。その宿命からこの物語をにくむ気持ちが…	A Sonic le preocupa el pasado de Shara. ¿Qué ocurrió en realidad?	Фиолетовое Мировое кольцо,\nв котором заточена грусть. Оказалось, что Эрейзор - джинн из лампы. Из-за этого он возненавидел этот мир...	Sonic ist besorgt über Shahras Vergangenheit. Was geschah wirklich?	Sonic è preoccupato al passato di Shahra. Cosa è veramente accaduto?	Sonic är orolig över Shahras förflutna. Vad hände egentligen?	Sonic está preocupado com o passado de Shahra. O que realmente aconteceu?	El Anillo mundial morado es donde está sellada la tristeza. La verdadera identidad de Erazor es el genio de la lámpara. El odio hacia esta historia nace de su destino...	Sonic martwi się o przeszłość Shahry. Co się tak naprawdę stało?	封印著悲傷的紫色世界戒指。伊萊薩的真身是神燈精靈，他因自己的宿命而憎恨這個故事……	Üzüntü Yüzüğü\nSonic, Shahra'nın geçmişinden endişe duyuyor. Peki gerçekte ne oldu?	
spb_desc_ch9_10	No matter the odds, Sonic always plays it cool.		イレイザーの直接対決！きざまれるのはどっちだ！？	Incluso en las peores situaciones, Sonic siempre se muestra confiado.	Схватка с Эрейзором один\nна один! Кто кого сделает?	Die Lage mag noch so brenzlig sein - Sonic bleibt immer cool!	In qualsiasi situazione, Sonic è sempre sicuro di sè.	Oavsett oddsen tar Sonic alltid det lugnt.	Não importa as dificuldades, Sonic sempre mantém a calma.	¡El enfrentamiento contra Erazor! ¿Quién será el que perezca?	Nie ważne jakie są warunki, Sonic zawsze podchodzi do tego na spokojnie.	與伊萊薩的正面對決！究竟會是誰勝誰負呢！？	Erazor'la Savaş\nNe olursa olsun, Sonic her zaman sakinliğini korur.	
spb_desc_ch9_11	The 7 World Rings are the key!		お約束の「ひらけゴマ」では開かない　この扉。７つの世界リングでこの扉はひらくか？	¡Los 7 anillos secretos son la clave!	Заклинание """Сезам, откройся!""" не срабатывает. Дверь откроется с помощью семи Мировых колец?	Die 7 Weltenringe sind der Schlüssel!	I 7 Anelli Mondiali sono la chiave!	De 7 Världsringarna är nyckeln!	Os 7 Anéis do Mundo são a chave!	Esta puerta no se abre con el clásico """Ábrete, Sésamo""". ¿Se abrirá con los 7 Anillos mundiales?	7 Pierścieni Świata są kluczem!	老套的「芝麻開門」在這裡開不了這扇門，但使用七枚世界戒指，這扇門就會打開嗎？	Gizemli Kapı\n7 Dünya Yüzüğü anahtardır!	
spb_desc_ch9_12	A sad scene. Darkspine Sonic appears and gets ready for the final showdown!		アルフ・ライラ・ワ・ライラとダークスパインソニック最後にたつのはどちらだ！？	Después de una trágica escena, ¡Sonic Sombrío se prepara para la batalla final!	Альф-Лейла-ва-Лейла\nи Даркспайн Соник.\nКто же в итоге победит!?	Eine traurige Szene. Darkspine Sonic erscheint und macht sich für die letzte Kraftprobe bereit!	Una scena triste. Darkspine Sonic compare è si prepara alla battaglia finale!	En sorglig scen. Darkspine Sonic dyker upp och gör sig redo för den sista uppgörelsen!	Uma triste cena. Darkspine Sonic surge e se prepara para a batalha final!	Alf Leyla wa Leyla y Sonic Espinoscuro. ¿Quién quedará en pie al final?	Smutna scena. Darkspine Sonic pojawia się i szykuje się do ostatecznej konfrontacji!	一千零一夜與Darkspine索尼克的最終決戰，哪方會勝利呢！？	Alf Layla wa-Layla\nÜzücü bir sahne. Darkspine Sonic ortaya çıkıyor ve son hesaplaşmaya hazırlanıyor!	
spb_desc_ch9_13	Credits shown after defeating Alf Layla wa-Layla.		アルフ・ライラ・ワ・ライラを倒すと流れるスタッフロール	Los créditos que aparecen tras derrotar a Alf Leyla wa-Leyla.	Титры, появляющиеся\nпосле победы над\nАльф-Лейла-ва-Лейла.	Erscheint nach dem Sieg über Alf Layla wa-Layla.	Titoli di coda dopo aver sconfitto Alf Layla wa-Layla.	Eftertexter som visas efter att ha besegrat Alf Layla wa-Layla.	Créditos exibidos após derrotar Alf Layla wa-Layla.	Créditos que aparecen al derrotar a Alf Leyla wa Leyla.	Napisy końcowe pokazane po pokonaniu Alf Layla wa-Layla.	在打倒一千零一夜後出現的製作名單。	Son Jenerik 2\nAlf Layla wa-Layla'yı yendikten sonra gösterilen Jenerik.	
spb_desc_ch9_14	Meet the development team!		開発チームの様子を紹介！	¡Conoce al equipo detrás del proyecto!	Команда разработчиков за работой!	Lerne das Team kennen!	Incontra il team di sviluppo!	Möt utvecklingsteamet!	Conheça a equipe de desenvolvimento!	¡Presentamos al equipo de desarrollo!	Poznaj drużynę deweloperów!	介紹開發團隊的樣子！	Geliştirme Ekibi Tanıtımı\nGeliştirme ekibiyle tanışın!	
spb_desc_ch9_15														
														
spb_desc_ch10_1	Animated storyboards revealing the Night Palace.		ＣＧムービー制作の前に確認用としてコンテを仮の動画とする。これおチェックしてイメージを固める	Escena en la que se muestra el Palacio Nocturno.	Перед созданием CG-видео для подтверждения сделали пробное видео с раскадровкой. Проверили его и подтвердили изображения.	Animierte Storyboards, die den Night Palace zeigen.	Storyboard animati che mostrano il Palazzo Notturno.	Animerat bildmanus som avslöjar Nattpalatset.	Storyboards animados revelando Night Palace.	Antes de crear las secuencias CG, se hace un vídeo provisional con el guion gráfico para confirmación. Se revisa para consolidar la imagen.	Animowane plansze fabularne ujawniające Nocny Pałac.	在製作 CG 動畫前，會先以分鏡稿製作成臨時影片作為確認用。透過檢查這段影片以穩固整體的影像概念。	Açılış - Animatik\nGece Sarayı'nı ortaya çıkaran animasyonlu hikaye panoları	
spb_desc_ch10_2	Models and lighting are rough. Timing and positioning need adjusting.		モデルもライトもまだ仮。ただし、全体の雰囲気が想像できるもの。これから全体の調整を行う	Los modelos y la iluminación son aproximados. La sincronización y el posicionamiento necesitan trabajo.	И модель, и свет пока предварительные. Но уже можно представить атмосферу в целом. Далее будет сделана корректировка.	Modelle und Licht, Zeitablauf und Positionierung müssen noch verbessert werden.	La luce e i modelli sono grezzi. La posizione e il tempismo hanno bisogno di aggiustamenti.	Modeller och belysning är ojämna. Timing och positionering behöver justeras.	Os modelos e a iluminação ainda estão em estágio inicial. O timing e o posicionamento precisam ser ajustados.	Los modelos y la iluminación aún son provisionales. Sin embargo, permiten imaginar la atmósfera general. A partir de ahora se harán los ajustes globales.	Modele i oświetlenie wyglądają na kiepskie. Czasowanie i ustawienie wymagają korekty.	模型和光線都還沒好。 節拍和位置都需要調整。	Açılış - Yapım Aşamasında 1\nModeller ve ışıklandırmalar yetersiz. Zamanlama ve konumlandırmanın ayarlanması gerekiyor.	
spb_desc_ch10_3	This is pretty close to the final version.		レンダリングもし初めて、完成まであと一方の状態。エフェクトなど細かく修正を重ねる	Se asemeja bastante al resultado final.	Начали рендеринг, до завершения остался один шаг. Детально прорабатываются эффекты и всё остальное.	Dies kommt dem fertigen Produkt schon sehr nah.	Questo è molto vicino alla versione finale.	Detta är ganska nära den slutgiltiga versionen.	Isso está bem próximo da versão final.	Comienza el renderizado y falta un paso para la finalización. Se realizan correcciones detalladas de efectos y demás.	To jest całkiem bliskie finalnej wersji.	開始進行渲染工作，距離完成只剩下一步了。我們還在不斷修正效果等細節。	Açılış - Yapım Aşamasında 2\nBu neredeyse son haline yakın.	
spb_desc_ch10_4	After trial and error, the ending went through a complete rewrite.		試行さくごの末のコンテ動画。これは全面描き直しの第２稿。本来はアルフ戦のシーンもあった	Despues de mucha prueba y error, reescribimos el final completamente.	Конечное видео с раскадровкой. Это вторая версия полностью перерисованной раскадровки. Изначально была ещё сцена схватки с Альфом.	Nach einigem Herumtüfteln wurde das Ende völlig umgeschrieben.	Dopo vari tentativi, il finale ricevette una riscrittura completa.	Efter många försök och misstag skrevs slutet om helt.	Após tentativa e erro, o final passou por uma reescrita completa.	Vídeo del guion gráfico tras mucho ensayo y error. Este es el segundo borrador, redibujado por completo. Originalmente incluía una escena de la batalla contra Alf.	Metodą prób i błędów, zakończenie przeszło przez kompletne przepisanie.	這是經過多次嘗試後完成的分鏡影片，屬於全面重繪的第二稿。本來還包含一千零一夜的戰鬥場面。	Bitiş - Animatik\nDeneme ve yanılma sonrasında son tamamen yeniden yazıldı.	
spb_desc_ch10_5	This in-progress video still needs some tweaking to convey the right message.		まだまだ途中。完成形を想像しながらセツナイふんいきが伝わるように舗部を調整してもらう	Este vídeo en progreso aún necesitaba algunos ajustes para transmitir el mensaje adecuado.	Ещё в процессе. Есть представление о финальной версии, прорабатываются детали, чтобы передать тяжёлую атмосферу.	Dieses Video befindet sich noch in der Entwicklung und muss bearbeitet werden.	Questo video in corso ha ancora bisogno di modifiche per dare il giusto messaggio.	Den här videon som är under bearbetning behöver fortfarande finjusteras lite för att förmedla rätt budskap.	Este vídeo em andamento ainda precisa de alguns ajustes para transmitir a mensagem correta.	Aún en proceso. Se ajustan los detalles imaginando la forma final para transmitir una atmósfera melancólica.	Te niedokończone wideo wciąż wymaga pewnych poprawek, aby przekazać właściwy przekaz.	還在製作途中。希望在想像完成形的同時，能調整鏡頭，使那份淡淡的哀傷氛圍更清楚地傳達出來。	Bitiş - Yapım Aşamasında 1\nBu yapım aşamasındaki videonun doğru mesajı iletebilmesi için bazı ayarlamalara ihtiyacı var.	
spb_desc_ch10_6	Portions that have been rendered start looking much better.		レンダリングされた部分は、かなり良い感じに。開発の期待も高まる瞬間！シャーラが可愛くなるといいなぁ	Las partes que ya han sido renderizadas empiezan a verse mucho mejor.	Отрендеренные части получились хорошо. Ожидания разработчиков выросли! Хорошо, если Шахра получится милой.	Durch 3D-Bearbeitung veränderte Teile sehen um Einiges besser aus.	Porzioni che erano renderizzate iniziano ad essere molto meglio.	Delar som har renderats börjar se mycket bättre ut.	As partes que já foram renderizadas começam a ficar muito melhores.	Las partes renderizadas tienen muy buena pinta. ¡El momento en que aumentan las expectativas del desarrollo! Ojalá Shahra quede linda.	Fragmenty, które zostały wyrenderowane, zaczynają wyglądać znacznie lepiej.	已渲染的部分效果相當不錯，讓開發團隊的期待也跟著提升！希望夏拉能變得更可愛一些。	Bitiş - Yapım Aşamasında 2\nİşlenen bölümler çok daha iyi görünmeye başlıyor.	
spb_desc_ch10_7	After just a bit more tweaking, we zero in on the finished version!		エフェクトに加え今回は、効果音や曲もがんばって作ってもらったのでクォリティーが高い！その辺にも注目だ	Despues de ajustar alguna que otra cosa, ¡hemos aquí la versión final!	Помимо эффектов создали звуковые эффекты и мелодию и видео получилось высокого качества! Обратите внимание и на это.	Nach einigen kleinen Verbesserungen haben wir nun die fertige Version!	Dopo ancora un paio di modifiche, ci concentreremo alla versione finale! 	Efter några till justeringar, har vi snart den färdiga versionen!	Após só mais alguns ajustes, chegamos à versão final!	Además de los efectos visuales, esta vez se ha trabajado duro en los efectos de sonido y la música, ¡así que la calidad es alta! Presten atención a eso también.	Po kilku poprawkach dochodzimy do wersji finalnej!	除了特效之外，這次連音效和音樂都下了大功夫，整體品質非常高！這部分也值得注意。	Açılış - Bitmiş Versiyonu\nBiraz daha ince ayar yaptıktan sonra, tamamlanmış sürüme odaklanıyoruz!	
spb_desc_ch10_8	Effects and music are added to make it complete!		細かい修正と調整をかけてやっと完成！風の吹く方や英語にあらせた口の動きバッチリ	Añadiendo efectos y musica, ¡completamos la escena!	После мелких корректировок и доработок, видео готово! Дуновение ветра и движения рта в английской версии получились прекрасно!	Zu guter Letzt werden noch Effekte und Musik hinzugefügt!	Effetti e musica sono aggiunti per renderlo completo!	Effekter och musik läggs till för att göra det komplett!	Efeitos e música são adicionados para finalizar!	¡Por fin terminado tras pequeñas correcciones y ajustes! La dirección del viento y el movimiento de la boca adaptado al inglés están perfectos.	Efekty i muzyka są dodane, aby materiał był kompletny!	經過細部修正與調整後終於完成！風向的表現、以及配合英文的口型都非常到位。	Bitiş - Bitmiş Versiyonu\nEfektler ve müzikler eklenerek tamamlandı!	
spb_desc_ch10_9	Here are some springs and thorns. What's with that banana peel, anyway?		企画者が書く仕様のなかでも面白いものをチョイス。バネやトゲなどのしかけのメモ。バナナの皮なんてのも…	Toda serie de trampas y... ¿una monda de plátano?	Выбрали интересные заметки разработчиков. Здесь мы работали над пружинами и шипами. И кто-то нарисовал банановую кожуру...	Hier sind einige Federn und Dornen. Was hat es mit der Bananenschale auf sich?	Qua ci sono un paio di molle e spine. Comunque, che senso ha quella buccia di banana?	Här är några fjädrar och taggar. Vad är det med det där bananskalet egentligen?	Aqui estão algumas molas e espinhos. Afinal, o que aquela casca de banana está fazendo aí?	Selección de las cosas más interesantes de las especificaciones escritas por los planificadores. Notas sobre trucos como resortes y picos. Incluso cáscaras de plátano...	Tutaj mamy sprężyny i kolce. O co w ogóle chodzi z tą skórką od banana?	從企劃寫的規格說明中挑了幾個有趣的部分：像是彈簧、尖刺等機關的備忘錄，甚至還有香蕉皮這種東西……	Nesne Notu\nİşte birkaç yay ve diken. Bu arada, o muz kabuğu da neyin nesi?	
spb_desc_ch10_10	This planning map is eventually used for the actual game.		企画者のイラストのマップがそのままゲームに再現されているのがわらる。ここまで描ける人はそういませんけど	Estos bocetos se utilizan después como referencia para el juego.	По этому рисунку разработчика понятно, что он был взят в игру прямо в таком виде. Мало кто может так нарисовать.	Diese Plankarte wurde schließlich im Spiel eingesetzt.	Questa mappa di pianificazione è stata eventualmente usata nel gioco.	Denna planeringskarta används så småningom för själva spelet.	Este mapa de planejamento é usado posteriormente no jogo.	Se puede ver que el mapa ilustrado por el planificador se reproduce tal cual en el juego. No hay mucha gente que pueda dibujar así de bien.	Ta mapa planistyczna jest ostatecznie użyta w samej grze.	企劃畫的地圖竟然被原封不動地還原到遊戲裡，真的讓人忍不住笑出來。能畫到這種程度的人可不多見。	Dinozor Ormanı Notu\nBu planlama haritası sonunda gerçek oyun için kullanılır.	
spb_desc_ch10_11	This rough sketch is given to an artist, and reworked to match the stage.		このラクガキをアーティストに。よりステージにふさわしい姿へと改造してもらうのだ	Se le da a los artistas un boceto simple, sobre el que luego se trabaja para hacer que encaje con el escenario.	Эти заметки передали художнику, чтобы он преобразовал изображение в более подходящее для игры.	Dieser grobe Entwurf wird an den Künstler weitergeleitet und an das Level angepasst.	Questo schizzo approssimativo è dato ad un'artista, e rielaborato per abbinarlo.	Denna grova skiss ges till en konstnär och omarbetas för att matcha scenen.	Este esboço inicial é entregue a um artista e retrabalhado para combinar com a fase.	Se entrega este boceto rápido al artista, para que lo transforme en una forma más apropiada para la fase.	Ten szorstki szkic dajemy do artysty, potem przerobiony by wpasował się w etap.	這張塗鴉被交給了美術師，讓他改造成更適合關卡的正式造型。	Golem Djinn Notu\nBu kaba taslak sanatçıya verilmiş ve sahneye uyacak şekilde yeniden işlenmiştir.	
spb_desc_ch10_12	Although this looks completely different from the final version, the basic idea is still the same.		見た目はずいぶんちがっているが釜の中から出現するアイディアは生きている	Aunque no se parece en nada a la versión final, la idea general es la misma.	Выглядит совсем по-другому, но идея его появления из котла сохранилась.	Er hat mit der endgültigen Version zwar wenig gemeinsam, baut aber auf der gleichen Idee auf.	Anche se è completamente diverso alla versione finale, l'idea di base è la stessa.	Även om detta ser helt annorlunda ut än den slutliga versionen, är grundidén fortfarande densamma.	Embora isso pareça completamente diferente da versão final, a ideia básica ainda é a mesma.	El aspecto es muy diferente, pero la idea de salir de dentro de un caldero se mantiene.	Mimo, że to wygląda kompletnie inaczej niż w finalnej wersji, pomysł nadal jest taki sam.	外觀雖然變得大不相同，但從鍋裡冒出的概念還是保留了下來。	Ifrit Golem Notu\nBu, son versiyondan tamamen farklı görünse de temel fikir hala aynı.	
spb_desc_ch10_13	A quick sketch to show how the stage itself would be laid out.		ステージの構成が細かく書かれている企画メモ\n何が書いてあるかわかるかな？	Un boceto rápido para mostrar como sería el nivel.	Заметки, в которых подробно описана структура уровня. Вам понятно, что там написано?	Eine grobe Skizze, die den Aufbau des Levels zeigt.	Uno schizzo veloce per vedere come il livello sarebbe stato disposto.	En snabb skiss som visar hur själva scenen skulle vara utformad.	Um esboço rápido para mostrar como a própria fase seria organizada.	Notas de planificación donde se detalla la composición de la fase\n¿Puedes entenderlas?	Szybki szkic by pokazać jak etap sam w sobie byłby ułożony.	這是一份詳細記錄關卡構成的企劃備忘。你能看懂裡面寫了什麼嗎？	Havadaki Harabeler Notu\nSahnenin nasıl düzenleneceğini gösteren hızlı bir çizim.	
spb_desc_ch10_14	If you look closely, you can see how this actually made it into the game!		こんなていどでゲームは作られる。ゲーム企画の仕事ができると思った君！まってるぞ	¡Si te fijas atentamente, podrás ver cómo esto se incorporó en el juego!	Вот так создаются игры. Если Вы думали, что можете заниматься разработкой игр, мы Вас ждём!	Sieh mal genau hin, dann erkennst du es vielleicht aus dem Spiel wieder!	Se guardi attentamente, puoi vedere come questo è riuscito ad essere nel gioco!	Om du tittar noga, kan du se hur detta egentligen tog sig in i spelet!	Se você olhar de perto, pode ver como isso acabou entrando no jogo!	Los juegos se hacen a partir de cosas así. ¡Tú, que crees que puedes trabajar en la planificación de juegos! ¡Te esperamos!	Jeśli przyjrzysz się uważnie, możesz jak to rzeczywiście dostało się do gry!	遊戲就是以這種程度被製作出來的。覺得自己能勝任遊戲企劃的你啊！我等著你喔。	Havadaki Harabeler Notu 2\nDikkatli bakarsanız, bunun oyuna nasıl dahil edildiğini görebilirsiniz!	
spb_desc_ch10_15	What a mysterious and grim feeling this conveys...		なにやらアイデアに迷っている様子…産みの苦しみが伝わってくるような	Qué sensación más misteriosa y desalentadora transmite esto...	Похоже, здесь возникли сложности с идеями... Хорошо видны страдания от их недостатка...	Bei dem Anblick stehen einem ja regelrecht die Haare zu Berge...	Che sensazione misteriosa e cupa trasmette questo...	Vilken mystisk och dyster känsla detta förmedlar...	Que sensação misteriosa e sombria isso transmite...	Parece estar luchando con las ideas... Casi se puede sentir la agonía de la creación...	Co to za tajemnicze i ponure wrażenie to wywołuje...	他似乎正在努力想出一個好點子……幾乎能感受到他創作的痛苦。	İskelet Kubbesi Notu\nNe kadar gizemli ve kasvetli bir duyguyu yansıtıyor...	
														
spb_desc_ch11_1					APM\nSandstorm	APM\nSandstorm					APM\nSandstorm		APM\nSandstorm	
spb_desc_ch11_2					APM\nSeven Rings In Hand	APM\nSeven Rings In Hand					APM\nSeven Rings In Hand		APM\nSeven Rings In Hand	
spb_desc_ch11_3					APM\nThe Lost Prologue	APM\nThe Lost Prologue					APM\nThe Lost Prologue		APM\nThe Lost Prologue	
spb_desc_ch11_4					APM\nLet The Speed To Mend It	APM\nLet The Speed To Mend It					APM\nLet The Speed To Mend It		APM\nLet The Speed To Mend It	
spb_desc_ch11_5					APM\nThe Wicked Wild	APM\nThe Wicked Wild					APM\nThe Wicked Wild		APM\nThe Wicked Wild	
spb_desc_ch11_6					APM\nThe Palace That Was Found	APM\nThe Palace That Was Found					APM\nThe Palace That Was Found		APM\nThe Palace That Was Found	
spb_desc_ch11_7					APM\nHigh And Broken	APM\nHigh And Broken					APM\nHigh And Broken		APM\nHigh And Broken	
spb_desc_ch11_8					APM\nNo Way Through	APM\nNo Way Through					APM\nNo Way Through		APM\nNo Way Through	
spb_desc_ch11_9					APM\nThe White Of Sky	APM\nThe White Of Sky					APM\nThe White Of Sky		APM\nThe White Of Sky	
spb_desc_ch11_10					APM\nUnawakening Float	APM\nUnawakening Float					APM\nUnawakening Float		APM\nUnawakening Float	
spb_desc_ch11_11					APM\nPoison Spear	APM\nPoison Spear					APM\nPoison Spear		APM\nPoison Spear	
spb_desc_ch11_12					APM\nHow It Started	APM\nHow It Started					APM\nHow It Started		APM\nHow It Started	
spb_desc_ch11_13					APM\nBlue On The Run	APM\nBlue On The Run					APM\nBlue On The Run		APM\nBlue On The Run	
spb_desc_ch11_14					APM\nIt Has Come To This	APM\nIt Has Come To This					APM\nIt Has Come To This		APM\nIt Has Come To This	
spb_desc_ch11_15					APM\nResult	APM\nResult					APM\nResult		APM\nResult	
														
spb_desc_ch12_1					APM\nThe Legendary Blue Hedgehog	APM\nThe Legendary Blue Hedgehog					APM\nThe Legendary Blue Hedgehog		APM\nThe Legendary Blue Hedgehog	
spb_desc_ch12_2					APM\nJudgment	APM\nJudgment					APM\nJudgment		APM\nJudgment	
spb_desc_ch12_3					APM\nKing Of Kings	APM\nKing Of Kings					APM\nKing Of Kings		APM\nKing Of Kings	
spb_desc_ch12_4					APM\nSeven Rings In Hand\nGitar Solo	APM\nSeven Rings In Hand\nGuitar Solo					APM\nSeven Rings In Hand\nSolówka na Gitarze		APM\nSeven Rings In Hand\nGitar Solo	
spb_desc_ch12_5					APM\nShimmer Of Hot Air	APM\nShimmer Of Hot Air					APM\nShimmer Of Hot Air		APM\nShimmer Of Hot Air	
spb_desc_ch12_6					APM\nMisgiving	APM\nMisgiving					APM\nMisgiving		APM\nMisgiving	
spb_desc_ch12_7					APM\nWorth A Chance\nPiyano Solo	APM\nWorth A Chance\nPiano Solo					APM\nWorth A Chance\nSolówka na Pianinie		APM\nWorth A Chance\nPiyano Solo	
spb_desc_ch12_8					APM\nWorth A Chance\nAcoustic Gitar Solo	APM\nWorth A Chance\nAcoustic Guitar Solo					APM\nWorth A Chance\nSolówka na Gitarze Akustycznej		APM\nWorth A Chance\nAkustik Gitar Solo	
spb_desc_ch12_9					APM\nWorth A Chance	APM\nWorth A Chance					APM\nWorth A Chance		APM\nWorth A Chance	
spb_desc_ch12_10					APM\nYellow Sneakers	APM\nYellow Sneakers					APM\nYellow Sneakers		APM\nYellow Sneakers	
spb_desc_ch12_11					APM\nWhite Gloves	APM\nWhite Gloves					APM\nWhite Gloves		APM\nWhite Gloves	
spb_desc_ch12_12					APM\nPurple Pants	APM\nPurple Pants					APM\nPurple Pants		APM\nPurple Pants	
spb_desc_ch12_13					APM\nBlue Shirt	APM\nBlue Shirt					APM\nBlue Shirt		APM\nBlue Shirt	
spb_desc_ch12_14					APM\nParty Dress	APM\nParty Dress					APM\nParty Dress		APM\nParty Dress	
spb_desc_ch12_15					APM\nAdvertise	APM\nAdvertise					APM\nAdvertise		APM\nAdvertise	
														
spb_desc_ch13_1	Composition/Arrangement by Aoi			Composición/Arreglo de Aoi	Композиция/Аранжировка от Aoi	Komposition/Arrangement von Aoi	Composizione\Accordo Aoi	Komposition/Arrangemang av Aoi	Composição/Arranjo por Aoi	Composición y arreglo de Aoi	Kompozycja/Aranżacja przez Aoi	作曲/編曲者：Aoi	APM\nKum Vahası Bölüm 2\nKumulların Fırtınası\nBeste/Aoi Tarafından Hazırlandı	
spb_desc_ch13_2	Composition/Arrangement by Aoi			Composición/Arreglo de Aoi	Композиция/Аранжировка от Aoi	Komposition/Arrangement von Aoi	Composizione\Accordo di Aoi	Komposition/Arrangemang av Aoi	Composição/Arranjo por Aoi	Composición y arreglo de Aoi	Kompozycja/Aranżacja przez Aoi	作曲/編曲者：Aoi	APM\nKum Vahası Bölüm 3\nBeste/Aoi Tarafından Hazırlandı	
spb_desc_ch13_3	Composition/Arrangement by Zakkujo			Composición/Arreglo de Zakkujo	Композиция/Аранжировка от Zakkujo	Komposition/Arrangement von Zakkujo	Composizione\Accordo di Zakkujo	Komposition/Arrangemang av Zakkujo	Composição/Arranjo por Zakkujo	Composición y arreglo de Zakkujo	Kompozycja/Aranżacja przez Zakkujo	作曲/編曲者：Zakkujo	APM\nDinozor Ormanı Bölüm 2\nBeste/Zakkujo Tarafından Hazırlandı	
spb_desc_ch13_4	Composition/Arrangement by Stuart Woolley			Composición/Arreglo de Stuart Woolley	Композиция/Аранжировка от Stuart Woolley	Komposition/Arrangement von Stuart Woolley	Composizione\Accordo di Stuart Woolley	Komposition/Arrangemang av Stuart Woolley	Composição/Arranjo por Stuart Woolley	Composición y arreglo de Stuart Woolley	Kompozycja/Aranżacja przez Stuart Wooley	作曲/編曲者：Stuart Woolley	APM\nDinozor Ormanı Bölüm 3\nBeste/Stuart Woolley Tarafından Hazırlandı	
spb_desc_ch13_5	Composition/Arrangement by Stuart Woolley			Composición/Arreglo de Stuart Woolley	Композиция/Аранжировка от Stuart Woolley	Komposition/Arrangement von Stuart Woolley	Composizione\Accordo di Stuart Woolley	Komposition/Arrangemang av Stuart Woolley	Composição/Arranjo por Stuart Woolley	Composición y arreglo de Stuart Woolley	Kompozycja/Aranżacja przez Stuart Wooley	作曲/編曲者：Stuart Woolley	APM\nKötü Dökümhane Bölüm 2\nBeste/Stuart Woolley Tarafından Hazırlandı	
spb_desc_ch13_6	Composition/Arrangement by Aoi.\nGuitar/Mixing by Stuart Woolley			Composición/Arreglo de Aoi.\nGuitarra/Mezcla de Stuart Woolley	Композиция/Аранжировка от Aoi.\nГитара/Микширование - Stuart Woolley	Komposition/Arrangement von Aoi\nGitarre/Mixing von Stuart	Composizione\Accordo di Aoi.\nChitarra/Mixing di Stuart Woolley	Komposition/Arrangemang av Aoi.\nGitarr/Mixning av Stuart Woolley	Composição/Arranjo por Aoi.\nGuitarras/Mixagem por Stuart Woolley	Composición y arreglo de Aoi,\nguitarra y mezcla de Stuart Woolley	Kompozycja/Aranżacja przez Aoi\nGitara/Miksowanie przez Stuart Wooley	作曲/編曲者：Aoi\n吉他/混音：Stuart Woolley	APM\nKötü Dökümhane Bölüm 3\nBeste/Aoi Tarafından Hazırlandı.\nGitar/Stuart Woolley Tarafından Hazırlandı	
spb_desc_ch13_7														
spb_desc_ch13_8														
spb_desc_ch13_9														
spb_desc_ch13_10														
spb_desc_ch13_11														
spb_desc_ch13_12														
spb_desc_ch13_13														
spb_desc_ch13_14														
spb_desc_ch13_15	Composition/Arrangement by Aoi			Special Book\nComposición/Arreglo de Aoi	Композиция/Аранжировка от Aoi	Komposition/Arrangement von Aoi	Composizione\Accordo di Aoi.	Komposition/Arrangemang av Aoi	Composição/Arranjo por Aoi	Composición y arreglo de Aoi	Kompozycja/Aranżacja przez Aoi	作曲/編曲者：Aoi	APM\nÖzel Kiyap\nBeste/Aoi Tarafından Hazırlandı	
														
spb_desc_ch14_1	Defeated Erazor Djinn!		イレイザー・ジンを倒した証！	¡Derrotaste a Erazon el Yinn!	Вы победили Эрейзора Джинна!	Hat den Erazor Djinn besiegt.	Sconfitto Erazor Djinn!	Besegrade Erazor Djinn!	Derrotou Erazor Djinn.	¡Prueba de haber derrotado a Erazor, el Genio!	Pokonano Erazora Dżina!	打倒伊萊薩之證！	Erazor Cin'i yen!	
spb_hint_ch14_1	Defeat Erazor Djinn...		イレイザー・ジンを倒せ…	Derrota a Erazor el Yinn...	Победите Эрейзора Джинна...	Besiege Erazor Djinn...	Sconfiggi Erazor Djinn...	Besegra Erazor Djinn...	Derrote Erazor Djinn...	Derrota a Erazor, el Genio...	Pokonaj Erazora Dżina...	打倒伊萊薩……	Erazor Cin'i yen!	
spb_desc_ch14_2	Defeated Alf Layla wa-Layla!		アルフ・ライラ・ワ・ライラを倒した証！	¡Derrotaste a Alf Leyla wa-Leyla!	Вы победили\nАльф-Лейла-ва-Лейла!	Hat Alf Layla wa Layla besiegt.	Sconfitto Alf Layla wa-Layla!	Besegrade Alf Layla wa-Layla!	Derrotou Alf Layla wa-Layla.	¡Prueba de haber derrotado a Alf Leyla wa Leyla!	Pokonano Alf Layla wa-Layla!	打倒一千零一夜之證！	Alf Layla wa-Layla'yı yenerek kazanılır!	
spb_hint_ch14_2	Defeat Alf Layla wa-Layla...		アルフ・ライラ・ワ・ライラを倒せ…	Derrota a Alf Leyla wa-Leyla	Победите Альф-Лейла-ва-Лейла...	Besiege Alf Layla wa Layla...	Sconfiggi Alf Layla wa-Layla...	Besegra Alf Layla wa-Layla!	Derrote Alf Layla wa-Layla...	Derrota a Alf Leyla wa Leyla...	Pokonaj Alf Layla wa-Layla...	打倒一千零一夜……	Alf Layla wa-Layla'yı yen...	
spb_desc_ch14_3	Ran 500km (310.7 miles)!		ソニックの走行距離が合計５００ｋｍ超えた証！	¡Recorriste un total de 500km (310,7 millas)!	Вы пробежали Соником 500 километров!	Ist 500km (310.7 Meilen) gerannt.	Corso 500km (310.7 miglia)!	Sprang 500 km (310,7 miles)!	Correu 500 km (310.7 milhas).	¡Prueba de que Sonic recorrió más de 500 km!	Przebiegnięto 500km!	索尼克步行距離合計超過 500 公里之證！	500 km (310,7 mil) yol koştum!	
spb_hint_ch14_3	Run 500km (310.7 miles)...		５００ｋｍを走る...	Recorre un total de 500km (310,7 millas)...	Пробегите Соником 500 километров...	Renne für 500km (310.7 Meilen)...	Corri 500km (310.7 miglia!)	Spring 500 km (310,7 miles)...	Corra 500 km (310.7 milhas)...	Recorre 500 km...	Przebiegnij 500km...	步行超過 500 公里距離……	500km koş...	
spb_desc_ch14_4	Grinded 30km (18.64 miles)!		グラインドの滑走距離が合計３０ｋｍ超えた証！	¡Te deslizaste en raíles un total de 30 km (18,64 millas)!	Вы проскользили по рельсам 30 километров!	Ist für 30km (18.64 Meilen) gegrindet.	Grindato 30km (18.64 miglia)!	Gled 30km (18.64 miles)!	Deslizou em Trilhos por 30 km (18.64 milhas).	¡Prueba de que te deslizaste por más de 30 km de rieles!	Przejeżdzono 30km na Szynach!	滑軌距離合計超過 30 公里之證！	30 km (18,64 mil) mesafeyi kat ettim!	
spb_hint_ch14_4	Grind 30km (18.64 miles)...		３０ｋｍをグラインドする...	Deslízate en raíles un total de 30 km (18,64 millas)...	Проскользите по рельсам 30 километров...	Grinde für 30km (18.64 Meilen)...	Grinda per 30km (18.64 miglia)...	Glid 30km (18.64 miles)!	Deslize em Trilhos por 30 km (18.64 milhas)...	Deslízate por 30 km de rieles...	Przejedż 30km na Szynach...	滑軌超過 30 公里距離……	30 km (18,64 mil) mesafeyi kat et...	
spb_desc_ch14_5	Obtained 10,000 Rings!		リングの獲得数が合計１００００個突破した証！	¡Obtuviste un total de 10.000 Anillos!	Вы получили 10.000 колец!	Hat 10.000 Ringe eingesammelt.	Ottenuto 10,000 Anelli!	Fick 10 000 ringar!	Coletou 10,000 Anéis.	¡Prueba de que obtuviste más de 10,000 Anillos!	Zdobyto 10,000 Pierścieni!	金環獲得數合計突破 10000 枚之證！	10.000 Yüzük elde ettim!	
spb_hint_ch14_5	Obtain 10,000 Rings...		リング１００００個集める…	Obtén un total de 10.000 Anillos...	Получите 10.000 колец...	Sammel 10.000 Ringe...	Ottieni 10,000 Anelli...	Få 10 000 ringar!	Colete 10,000 Anéis...	Obtén 10,000 Anillos...	Zdobądż 10,000 Pierścieni...	獲得 10000 枚金環……	10.000 Yüzük elde et...	
spb_desc_ch14_6	Defeated 1,000 genies!		倒したマジンの数が合計１０００体突破した証！	¡Derrotaste a un total de 1.000 genios!	Вы победили 1.000\nзлых духов!	Hat 1.000 Geister besiegt.	Sconfitto 1,000 geni!	Besegrade 1 000 andar!	Derrotou 1,000 Gênios.	¡Prueba de que derrotaste a más de 1000 majin!	Pokonano 1,000 dżinów!	打倒精靈數量合計突破 1000 隻之證！	1.000 cini yendim!	
spb_hint_ch14_6	Defeat 1,000 genies...		マジン１０００体倒す…	Derrota a un total de 1.000 genios...	Победите 1.000 злых духов...	Besiege 1.000 Geister...	Sconfiggi 1,000 geni...	Besegra 1 000 andar!	Derrote 1,000 Gênios...	Derrota a 1000 majin...	Pokonaj 1,000 dżinów...	打倒 1000 隻精靈……	1.000 cini yen...	
spb_desc_ch14_7	Used Speed Break 50 times!		スピードブレイクの使用回数が合計５０回突破した証！	¡Utilizaste el Impulso un total de 50 veces!	Вы использовали ускорение 50 раз!	Hat 50-mal Speed Break eingesetzt.	Usato la Rottura della Velocità 50 Volte!	Använde Fartbrytning 50 gånger!	Usou Impulso Veloz 50 vezes.	¡Prueba de que quebraste la velocidad más de 50 veces!	Użyto Zryw Pędu 50 razy!	速度突破使用次數合計突破 50 次之證！	50 kez Hız Kırma kullandım!	
spb_hint_ch14_7	Use Speed Break 50 times...		スピードブレイク５０回使う…	Utiliza el Impulso un total de 50 veces...	Используйте ускорение 50 раз...	Setze 50-mal Speed Break ein...	Usa la Rottura della Velocità 50 volte...	Använd Fartbrytning 50 gånger!	Use Impulso Veloz 50 vezes...	Usa Speed Break 50 veces...	Użyj Zryw Pędu 50 razy...	使用速度突破 50 次……	50 kez Hız Kırma kullan...	
spb_desc_ch14_8	Used Time Break for 300 seconds!		タイムブレイクの使用時間が合計３００秒突破した証！	¡Utilizaste la Ralentización durante un total de 300 segundos!	Вы  использовали замедление суммарно на 300 секунд!	Hat Time Break für 300 Sekunden eingesetzt.	Usato la Rottura della Velocità per 300 secondi!	Använde Tidsbrytning i 300 sekunder!	Usou Atraso Temporal por 300 segundos.	¡Prueba de que quebraste el tiempo por más de 300 segundos!	Użyto Zryw Czasu przez 300 sekund!	時間突破使用時間合計突破 300 秒之證！	300 saniye boyunca Hız Kırma özelliğini kullandım!	
spb_hint_ch14_8	Use Time Break for 300 seconds...		タイムブレイク３００秒使う…	Utiliza la Ralentización durante un total de 300 segundos...	Используйте замедление суммарно на 300 секунд...	Setze Time Break für 300 Sekunden ein...	Usa la Rottura della Velocità per 300 secondi...	Använd Tidsbrytning i 300 sekunder!	Use Atraso Temporal por 300 segundos...	Usa Time Break 300 segundos...	Użyj Zryw Czasu przez 300 sekund...	使用時間突破達 300 秒……	300 saniye boyunca Hız Kırma özelliğini kullan...	
spb_desc_ch14_9	Performed 200 Ring chains!		リングチェインを２００チェイン突破した証！	¡Obtuviste un total de 200 cadenas de Anillos!	Вы собрали 200 цепей\nиз колец!	Hat 200 Ring-Ketten erhalten.	Effettuato la Concatenazione di Anelli 200 volte!	Utförde 200 Ringkedjor!	Fez 200 Sequências de Anéis.	¡Prueba de que obtuviste más de 200 cadenas de Anillos!	Wykonano 200 Łańcuchów Pierścieni!	金環連鎖數達到 200 之證！	200 Yüzük zinciri aldım!	
spb_hint_ch14_9	Perform 200 Ring chains...		２００回のリングチェーンを実行する...	Obtén un total de 200 cadenas de Anillos...	Соберите 200 цепей из колец...	Erhalte 200 Ring-Ketten...	Effettua la Concatenazione di Anelli 200 volte...	Utför 200 ringkedjor!	Faça 200 Sequências de Anéis...	Obtén 200 cadenas de Anillos...	Wykonaj 200 Łańcuchów Pierścieni...	金環連鎖數達到 200 ……	200 Yüzük zinciri al...	
spb_desc_ch14_10	Cleared 30 Missions using less than 100 SP!		ＳＰ１００ポイント以内で３０ミッションクリアした証！	¡Superaste 30 Misiones usando menos de 100 puntos de habilidad!	Вы прошли 30 миссий с очками навыков меньше 100! 	Hat 30 Missionen mit weniger als 100 SP geschafft.	Completato 30 Missioni usando meno di 100 Punti Abilità!	Klarade 30 Uppdrag med mindre än 100 SP!	Completou 30 Missões usando menos que 100 Pontos de Habilidade.	¡Prueba de que completaste 30 misiones con menos de 100 PH!	Ukończono 30 Misji używając mniej niż 100 PT!	使用 100 點以下的技能點數通過 30 個任務之證！	100 SP'nin altında 30 Görevi tamamlayarak kazandım!	
spb_hint_ch14_10	Clear 30 Missions using less than 100 SP...		ＳＰ１００ポイント以内で３０ミッションをクリアする...	Supera 30 misiones usando menos de 100 puntos de habilidad...	Пройдите 30 миссий с очками навыков меньше 100...	Schaffe 30 Missionen mit weniger als 100 SP...	Completa 30 Missioni usando meno di 100 Punti Abilità...	Klara 30 Uppdrag med mindre än 100 SP!	Complete 30 Missões usando menos que 100 Pontos de Habilidade...	Completa 30 misiones usando menos de 100 PH...	Ukończ 30 Misji używając mniej niż 100 PT...	使用 100 點以下的技能點數通過 30 個任務……	100 SP'nin altında 30 Görevi tamamlayarak kazan...	
spb_desc_ch14_11	Obtained a Gold Medal without using any SP!		ＳＰ０ポイントでゴールドメダルをゲットした証！	¡Obtuviste una Medalla de Oro sin usar Puntos de Habilidad!	Вы получили золотую медаль, не использовав ни одного навыка!	Hat eine Goldmedaille erhalten ohne SP zu benutzen!	Ottenuto una Medaglia d'Oro senza usare alcun Punto Abilità!	Fick en Guldmedalj utan att använda någon SP!	Obteve uma Medalha de Ouro sem usar Pontos de Habilidade.	¡Prueba de haber obtenido una Medalla dorada sin usar PH!	Zdobyto Złoty Medal bez użycia PT!	不使用任何技能點數獲得一枚金牌之證！	Hiçbir SP harcamadan Aştın Madalya kazandım!	
spb_hint_ch14_11	Obtain a Gold Medal without using any SP...		ＳＰ０ポイントでゴールドメダルをゲットする…	Obtén una Medalla de Oro sin usar Puntos de Habilidad...	Получите золотую медаль, не используя ни одного навыка...	Erhalte eine Goldmedaille ohne SP zu benutzen...	Ottieni una Medaglia d'Oro senza usare alcun Punto Abilità...	Få en Guldmedalj utan att använda någon SP!	Obtenha uma Medalha de Ouro sem usar Pontos de Habilidade...	Obtén una Medalla dorada sin usar PH...	Zdobądż Złoty Medal bez użycia PT...	不使用任何技能點數獲得一枚金牌……	Hiçbir SP harcamadan Aştın Madalya kazan...	
spb_desc_ch14_12	Cleared 20 Missions with only fire skills!		炎属性のスキルだけで２０ミッションクリアした証！	¡Superaste 20 Misiones usando tan solo habilidades de fuego!	Вы прошли 20 миссий\nтолько с навыками пламени!	Hat 20 Missionen mit nur Feuer-Skills geschafft.	Completato 20 Missioni usando solo Abilità di Fuoco!	Klarade 20 uppdrag med endast eldfärdigheter!	Completou 20 Missões com apenas habilidades de fogo.	¡Prueba de que completaste 20 misiones sólo con habilidades de fuego!	Ukończono 20 Misji używając tylko Ognistych Talentów!	僅裝備炎屬性技能通過 20 個任務之證！	Sadece ateş türü Becerileri kullanarak 20 Görevi tamamladım!	
spb_hint_ch14_12	Clear 20 Missions with only fire skills...		炎属性のスキルだけで２０ミッションクリアする…	Supera 20 Misiones usando tan solo habilidades de fuego...	Пройдите 20 миссий только с навыками пламени...	Schaffe 20 Missionen mit nur Feuer-Skills...	Completa 20 Missioni usando solo Abilità di Fuoco...	Klara 20 uppdrag med endast eldfärdigheter!	Complete 20 Missões com apenas habilidades de fogo...	Completa 20 misiones usando solo habilidades de fuego...	Ukończ 20 Misji używając tylko Ognistych Talentów...	僅裝備炎屬性技能通過 20 個任務……	Sadece ateş türü Becerileri kullanarak 20 Görevi tamamla...	
spb_desc_ch14_13	Cleared 20 Missions with only wind skills!		風属性のスキルだけで２０ミッションクリアした証！	¡Superaste 20 Misiones usando tan solo habilidades de viento!	Вы прошли 20 миссий\nтолько с навыками ветра!	Hat 20 Missionen mit nur Wind-Skills geschafft.	Completato 20 Missioni usando solo Abilità di Vento!	Klarade 20 uppdrag med endast vindfärdigheter!	Completou 20 Missões com apenas habilidades de vento.	¡Prueba de que completaste 20 misiones sólo con habilidades de viento!	Ukończono 20 Misji używając tylko Wiatrowych Talentów!	僅裝備風屬性技能通過 20 個任務之證！	Sadece rüzgar türü Becerileri kullanarak 20 Görevi tamamladım!	
spb_hint_ch14_13	Clear 20 Missions with only wind skills...		風属性のスキルだけで２０ミッションクリアする…	Supera 20 Misiones usando tan solo habilidades de viento...	Пройдите 20 миссий только с навыками ветра...	Schaffe 20 Missionen mit nur Wind-Skills...	Completa 20 Missioni usando solo Abilità di Vento...	Klara 20 uppdrag med endast vindfärdigheter!	Complete 20 Missões com apenas habilidades de vento...	Completa 20 misiones usando solo habilidades de viento...	Ukończ 20 Misji używając tylko Wiatrowych Talentów...	僅裝備風屬性技能通過 20 個任務……	Sadece rüzgar türü Becerileri kullanarak 20 Görevi tamamla...	
spb_desc_ch14_14	Cleared 20 Missions with only dark skills!		闇属性のスキルだけで２０ミッションクリアした証！	¡Superaste 20 Misiones usando tan solo habilidades oscuras!	Вы прошли 20 миссий\nтолько с навыками темноты!	Hat 20 Missionen mit nur Finsternis-Skills geschafft.	Completato 20 Missioni usando solo Abilità di Tenebre!	Klarade 20 uppdrag med endast mörka färdigheter!	Completou 20 Missões com apenas habilidades de escuridão.	¡Prueba de que completaste 20 misiones sólo con habilidades sombrías!	Ukończono 20 Misji używając tylko Ciemnych Talentów!	僅裝備闇屬性技能通過 20 個任務之證！	Sadece karanlık türü Becerileri kullanarak 20 Görevi tamamladım!	
spb_hint_ch14_14	Clear 20 Missions with only dark skills...		闇属性のスキルだけで２０ミッションクリアする…	Supera 20 Misiones usando tan solo habilidades oscuras...	Пройдите 20 миссий только с навыками темноты...	Schaffe 20 Missionen mit nur Finsternis-Skills...	Completa 20 Missioni usando solo Abilità di Tenebre...	Klara 20 uppdrag med endast mörka färdigheter!	Complete 20 Missões com apenas habilidades de escuridão...	Completa 20 misiones usando solo habilidades sombrías...	Ukończ 20 Misji używając tylko Ciemnych Talentów...	僅裝備闇屬性技能通過 20 個任務……	Sadece karanlık türü Becerileri kullanarak 20 Görevi tamamla...	
spb_desc_ch14_15	Defeated Erazor Djinn at Level 25 or below!		レベル２５以下でイレイザー・ジンを倒した証！	¡Derrotaste a Erazor el Yinn con un Nivel inferior a 26!	Вы победили Эрейзора Джинна при уровне ниже 25!	Hat Erazor Djinn mit Level 25 oder weniger besiegt.	Sconfitto Erazor Djinn a livello 25 o meno!	Besegrade Erazor Djinn på Nivå 25 eller lägre!	Derrotou Erazor Djinn no Nível 25 ou menos.	¡Prueba de que venciste a Erazor, el Genio, con nivel 25 o menos!	Pokonano Erazora Dżina na Poziomie 25 lub niższym!	以 25 或以下等級打倒伊萊薩之證！	25. Seviye veya altında Erazor Cin'i yendim!	
spb_hint_ch14_15	Defeat Erazor Djinn at Level 25 or below...		レベル２５以下でイレイザー・ジンを倒せ…	Derrota a Erazor el Yinn con un Nivel inferior a 26...	Победите Эрейзора Джинна при уровне ниже 25...	Besiege Erazor Djinn mit Level 25 oder weniger...	Sconfiggi Erazor Djinn a livello 25 o meno...	Besegra Erazor Djinn på Nivå 25 eller lägre!	Derrote Erazor Djinn no Nível 25 ou menos...	Derrota a Erazor, el Genio, con nivel 25 o menos...	Pokonaj Erazora Dżina na Poziomie 25 lub niższym...	以 25 或以下等級打倒伊萊薩……	25. Seviye veya altında Erazor Cin'i yen...	
														
spb_desc_ch15_1	Reached Level 99!		ソニックのレベルが９９になった証！	¡Alcanzaste el Nivel 99!	Повышено до 99 уровня!	Hat Level 99 erreicht.	Raggiunto il Livello 99!	Nådde Nivå 99!	Chegou ao Nível 99.	¡Prueba de que alcanzaste el nivel 99!	Osiągnięto Poziom 99!	達到等級 99 之證！	99. Seviyeye ulaştım!	
spb_hint_ch15_1	Reach Level 99...		レベル９９になる…	Alcanza el nivel 99...	Повысьте до 99 уровня...	Erreiche Level 99...	Raggiungi il Livello 99...	Nå Nivå 99!	Chegue ao Nível 99...	Alcanza el nivel 99...	Osiągnij Poziom 99...	達到等級99……	99. Seviyeye ulaş...	
spb_desc_ch15_2	Obtained every skill!		スキルを全てゲットした証！	¡Desbloqueaste todas las Habilidades!	Получены все навыки!	Hat jeden Skill erhalten.	Ottenuto ogni abilità!	Fått alla färdigheter!	Obteve todas as habilidades.	¡Prueba de que obtuviste todas las habilidades!	Zdobyto każdy Talent!	獲得所有技能之證！	Tüm becerileri elde ettim!	
spb_hint_ch15_2	Obtain every skill...		スキルを全てゲットする…	Desbloquea todas las habilidades...	Получите все навыки...	Erhalte jeden Skill...	Ottieni ogni abilità...	Få alla färdigheter!	Obtenha todas as habilidades...	Obtén todas las habilidades...	Zdobądż każdy Talent...	獲得所有技能……	Tüm becerileri elde et...	
spb_desc_ch15_3	Collected every Fire Soul!		ファイヤーソウルを全てゲットした証！	¡Obtuviste todas las Almas Ígneas!	Собраны все души огня!	Hat jede Feuerseele erhalten.	Collezionato ogni Anima di Fuoco!	Samlade alla Eldsjälar!	Coletou todas as Almas de Fogo.	¡Prueba de que obtuviste todas las Almas de fuego!	Zdobyto każdą Ognistą Duszę!	獲得所有焰魂之證！	Tüm Ateş Ruhlarını elde ettim!	
spb_hint_ch15_3	Collect every Fire Soul...		ファイヤーソウルを全てゲットする…	Obtén todas las Almas Ígneas...	Соберите все души огня...	Erhalte jede Feuerseele...	Colleziona ogni Anima di Fuoco...	Samla alla Eldsjälar!	Colete todas as Almas de Fogo...	Obtén todas las Almas de fuego...	Zdobądż każdą Ognistą Duszę...	獲得所有焰魂……	Tüm Ateş Ruhlarını elde et...	
spb_desc_ch15_4	Obtained every Gold Medal in Adventure Mode!		アドベンチャーモードでゴールドメダルを全てゲットした証！	¡Obtuviste una Medalla de Oro en todas las Misiones del modo Aventura!	Получены все золотые медали!	Hat jede Goldmedaille erhalten	Ottenuto ogni Medaglia d'Oro!	Fått alla guldmedaljer i Äventyrsläget!	Obteve todas as Medalhas de Ouro no Modo Aventura.	¡Prueba de que obtuviste todas las Medallas doradas!	Zdobyto każdy Złoty Medal!	在冒險模式獲得所有金牌之證！	Tüm Altın Madalyaları aldım!	
spb_hint_ch15_4	Obtain every Gold Medal in Adventure Mode...		アドベンチャーモードでゴールドメダルを全てゲットする…	Obtén una Medalla de Oro en todas las Misiones del modo Aventura...	Получите все золотые медали...	Erhalte jede Goldmedaille...	Ottieni ogni Medaglia d'Oro...	Få alla guldmedaljer i Äventyrsläget!	Obtenha todas as Medalhas de Ouro no Modo Aventura...	Obtén todas las Medallas doradas...	Zdobądż każdy Złoty Medal...	在冒險模式獲得所有金牌……	Tüm Altın Madalyaları al...	
spb_desc_ch15_5	Played for 24 hours!		プレイ時間が２４時間超えた証！	¡Llegaste a las 24 horas de tiempo de juego!	Наиграно в игре более 24 часов!	Hat für 24 Stunden gespielt.	Giocato per 24 ore!	Spelat i 24 timmar!	Jogou por 24 horas!	¡Prueba de que jugaste por 24 horas!	Przegrano 24 godziny!	遊玩時間超過 24 小時之證！	24 saat oynadım! 	
spb_hint_ch15_5	Play for 24 hours...		２４時間プレイする…	Juega un total de 24 horas o más...	Играйте в игру более 24 часов...	Spiele für 24 Stunden...	Gioca per 24 ore...	Spela i 24 timmar!	Jogue por 24 horas...	Juega por 24 horas...	Graj przez 24 godziny...	遊玩時間超過 24 小時……	24 saat oyna...	
spb_desc_ch15_6	Played party games 200 times!		???	¡Jugaste a minijuegos un total de 200 veces!	Сыграно 200 раз в игры в режиме """Вечеринка""".	Hat 200-mal Party-Spiele gespielt.	Giocato ai minigiochi della modalità party 200 volte!	Spelat sällskapsspel 200 gånger.	Jogou Minigames 200 vezes.	¡Prueba de que jugaste juegos de fiesta 200 veces!	Zagrano w gry imprezowe 200 razy!	遊玩 200 次派對遊戲之證！	200 kez parti oyunları oynadım.	
spb_hint_ch15_6	Play party games 200 times...		???	Juega a minijuegos un total de 200 veces...	Сыграйте 200 раз в игры в режиме """Вечеринка"""...	Spiele 200-mal Party-Spiele...	Gioca ai minigiochi della modalità party 200 volte...		Jogue Minigames 200 vezes...	Juega juegos de fiesta 200 veces...	Zagraj w gry imprezowe 200 razy...	遊玩 200 次派對遊戲……		
spb_desc_ch15_7	Earned by playing attractions a total of 35 times.		???	¡Jugaste a las atracciones un total de 35 veces!	Сыграно в аттракционы 35 раз.	Erhalten, indem man 35-mal Attraktionen gespielt hat.	Ottenibile giocando con le attrazioni 35 volte in totale.	Intjänad genom att spela attraktioner totalt 35 gånger.	Jogou as atrações 35 vezes.	¡Prueba de que jugaste en las atracciones 35 veces!	Zagrano w atrakcje łącznie 35 razy!	遊玩 35 次遊樂設施之證！	Toplam 35 kez eğlence oyunları oynayarak kazandım.	
spb_hint_ch15_7	Play attractions a total of 35 times...		???	Juega a las atracciones un total de 35 veces...	Сыграйте в аттракционы 35 раз...	Spiele 35-mal Attraktionen...	Gioca alle attrazioni 35 volte...		Jogue as atrações 35 vezes...	Juega en las atracciones 35 veces...	Zagraj w atrakcję łącznie 35 razy...	遊玩 35 次遊樂設施……		
spb_desc_ch15_8	Earned by winning World Bazaar a total of 7 times.		???	¡Ganaste en el Bazar Internacional un total de 7 veces!	Выиграно 7 раз в играх в Мировом базаре.	Erhalten, indem man 7-mal im World Bazaar gewonnen hat.	Ottenibile se vinci nel Mondo Bazaar 7 volte in totale.	Intjänad genom att vinna Värld Bazaar totalt 7 gånger.	Venceu 7 vezes no Bazar Mundial.	¡Prueba de ganar en el Bazar internacional 7 veces!	Wygrano Światowy Bazar łącznie 7 razy!	在 世界市集 中獲得 7 次優勝之證！	Dünya Çarşısı'nı toplam 7 kez kazanarak kazandım.	
spb_hint_ch15_8	Win World Bazaar a total of 7 times...		???	Gana un total de 7 veces en el Bazar Internacional...	Выиграйте 7 раз в играх в Мировом базаре...	Gewinne 7-mal im World Bazaar...	Vinci 7 volte nel Mondo Bazaar...		Vença 7 vezes no Bazar Mundial...	Gana en el Bazar internacional 7 veces...	Wygraj Światowy Bazar łącznie 7 razy...	在 世界市集 中獲得 7 次優勝……		
spb_desc_ch15_9	Earned by winning Tournament Palace a total of 7 times.		???	¡Ganaste en el Palacio de los Torneos un total de 7 veces!	Выиграно 7 раз в играх в Турнирном дворце.	Erhalten, indem man 7-mal im Tournament Palace gewonnen hat.	Ottenibile se vinci nel Torneo del Palazzo 7 volte in totale.	Intjänad genom att vinna Turneringspalats totalt 7 gånger.	Venceu 7 vezes no Palácio do Torneio.	¡Prueba de ganar en el Palacio de los torneos 7 veces!	Wygrano Pałac Turniejowy łącznie 7 razy!	在 競技宮殿 中獲得 7 次優勝之證！	Turnuva Sarayı'nı toplam 7 kez kazanarak kazandım.	
spb_hint_ch15_9	Win Tournament Palace a total of 7 times...		???	Gana un total de 7 veces en el Palacio de los Torneos...	Выиграйте 7 раз в играх в Турнирном дворце...	Gewinne 7-mal im Tournament Palace...	Vinci 7 volte nel Torneo del Palazzo...		Vença 7 vezes no Palácio do Torneio...	Gana en el Palacio de los torneos 7 veces...	Wygraj Pałac Turniejowy łącznie 7 razy...	在 競技宮殿 中獲得 7 次優勝……		
spb_desc_ch15_10	Earned by winning at Pirates Coast a total of 7 times.		???	¡Ganaste en la Costa Pirata un total de 7 veces!	Выиграно 7 раз в играх в Пиратском шторме.	Erhalten, indem man 7-mal bei Pirates Coast gewonnen hat.	Ottenibile se vinci nella Costa dei Pirati 7 volte in totale.	Intjänad genom att vinna på Piraternaskust totalt 7 gånger.	Venceu 7 vezes na Costa dos Piratas.	¡Prueba de ganar en la Costa pirata 7 veces!	Wygrano na Pirackim Wybrzeżu łącznie 7 razy!	在 海盜之岸 中獲得 7 次優勝之證！	"""Korsan"""\nKorsan Sahili'nde toplam 7 kez kazanarak kazanılır!	
spb_hint_ch15_10	Win Pirates Coast a total of 7 times...		???	Gana un total de 7 veces en la Costa Pirata...	Выиграйте 7 раз в играх в Пиратском шторме...	Gewinne 7-mal bei Pirates Coast...	Vinci 7 volte nella Costa dei Pirati...		Vença 7 vezes na Costa dos Piratas...	Gana en la Costa pirata 7 veces...	Wygraj na Pirackim wybrzeżu łącznie 7 razy...	在 海盜之岸 中獲得 7 次優勝……		
spb_desc_ch15_11	Earned by winning at Genie's Lair a total of 7 times.		???	¡Ganaste en la Guarida del Genio un total de 7 veces!	Выиграно 7 раз в играх в Логове джиннов.	Erhalten, indem man 7-mal bei Genie's Lair gewonnen hat.	Ottenibile se vinci nella Dimora del Genio 7 volte in totale.	Intjänad genom att vinna på Andens Lya totalt 7 gånger..	Venceu 7 vezes no Covil dos Gênios.	¡Prueba de ganar en la Guarida del genio 7 veces!	Wygrano na Legowisku Dżina łącznie 7 razy!	在 精靈魔穴 中獲得 7 次優勝之證！	Cinlerin İni'nde toplam 7 kez kazanarak kazandım.	
spb_hint_ch15_11	Win Genie's Lair a total of 7 times...		???	Gana un total de 7 veces en la Guarida del Genio...	Выиграйте 7 раз в играх в Логове джиннов...	Gewinne 7-mal bei Genie's Lair...	Vinci 7 volte nella Dimora del Genio...		Vença 7 vezes no Covil dos Gênios...	Gana en la Guarida del genio 7 veces...	Wygraj na Legowisku Dżina łącznie 7 razy...	在 精靈魔穴 中獲得 7 次優勝……		
spb_desc_ch15_12	Earned by winning at Treasure Hunt a total of 7 times.		???	¡Ganaste en la Búsqueda del Tesoro un total de 7 veces!	Выиграно 7 раз в играх в Охоте за сокровищами.	Erhalten, indem man 7-mal bei Treasure Hunt gewonnen hat.	Ottenibile se vinci nella Caccia al Tesoro 7 volte in totale.	Intjänad genom att vinna på Skattjakten totalt 7 gånger.	Venceu 7 vezes na Caça ao Tesouro.	¡Prueba de ganar la Búsqueda del tesoro 7 veces!	Wygrano w Poszukiwaniu Skarbów łącznie 7 razy!	在 寶藏狩獵 中獲得 7 次優勝之證！	"""Kaşif"""\nHazine Avı'nda toplam 7 kez kazanarak kazanılır!	
spb_hint_ch15_12	Win Treasure Hunt a total of 7 times...		???	Gana un total de 7 veces en la Búsqueda del Tesoro...	Выиграйте 7 раз в играх в Охоте за сокровищами...	Gewinne 7-mal bei Treasure Hunt...	Vinci 7 volte nella Caccia al Tesoro...		Vença 7 vezes na Caça ao Tesouro...	Gana en la Búsqueda del tesoro 7 veces...	Wygraj w Poszukiwaniu Skarbów łącznie 7 razy...	在 寶藏狩獵 中獲得 7 次優勝……		
spb_desc_ch15_13	Earned by getting #1 in party games a total of 120 times.		???	¡Quedaste de primero en los minijuegos un total de 120 veces!	Занято первое место в играх в режиме """Вечеринка""" 120 раз.	Erhalten, indem man 120-mal den ersten Platz in Party-Spielen gewonnen hat.	Ottenibile arrivando 1° nei minigiochi 120 volte in totale.	Intjänad genom att bli nummer 1 i sällskapsspel totalt 120 gånger.	Ficou em primeiro lugar nos minigames 120 vezes.	¡Prueba de ganar en los juegos de fiesta 120 veces!	Zdobyto pierwsze miejsce w grach imprezowych łącznie 120 razy!	在派對遊戲中獲得 120 次第一名之證！	Parti oyunlarında toplam 120 kez 1. olarak kazandım.	
spb_hint_ch15_13	Place #1 in party games a total of 120 times...		???	Queda de primero en los minijuegos un total de 120 veces...	Займите первое место в играх в режиме """Вечеринка""" 120 раз...	Gewinne 120-mal den ersten Platz in Party-Spielen...	Arriva 1° nei minigiochi 120 volte...		Fique em primeiro lugar nos minigames 120 vezes...	Gana en los juegos de fiesta 120 veces...	Zdobądż pierwsze miejsce w grach imprezowych łącznie 120 razy...	在派對遊戲中獲得 120 次第一名……		
spb_desc_ch15_14	Earned by using Sonic in Party Mode a total of 30 times.		???	¡Escogiste a Sonic en los minijuegos un total de 30 veces!	Вы выбрали Соника 30 раз.	Erhalten, indem man Sonic 30-mal gespielt hat.	Ottenibile se giochi come Sonic 30 volte in totale.	Intjänad genom att använda Sonic totalt 30 gånger.	Jogou como Sonic 30 vezes.	¡Prueba de que jugaste con Sonic 30 veces!	Użyto Sonica łącznie 30 razy!	總計使用索尼克 30 次之證！	Sonic'i toplam 30 kez kullanarak kazandım!	
spb_hint_ch15_14	Use Sonic in Party Mode a total of 30 times...		???		Выберите Соника 30 раз...	Spiele 30-mal als Sonic...	Gioca come Sonic 30 volte...		Jogue como Sonic 30 vezes...	Juega con Sonic 30 veces...	Użyj Sonica łącznie 30 razy...	使用索尼克 30 次……		
spb_desc_ch15_15	Earned by beating every record in Time Attack Mode.		タイムアタックで全記録を出した証！	¡Superaste todos los récords en el modo Contrarreloj!	Побиты все рекорды в режиме """Забег на время"""!	Erhalten, indem man jeden Rekord in Zeit-Angriff gebrochen hat.	Ottenibile se batti ogni record nella modalità Sfida a Tempo.	Intjänad genom att slå alla rekord i Tidsattack-läget.	Superou todos os recordes no modo Contra o Tempo.	¡Prueba de romper todos los récords del modo contrarreloj!	Pokonano każdy rekord w Trybie Ataku Czasowego!	打破所有計時挑戰的紀錄之證！	Her rekoru kırarak kazandım.	
spb_hint_ch15_15	Beat every record in Time Attack Mode...		タイムアタックで全記録を出す…	Supera todos los récords en el modo Contrarreloj...	Побейте все рекорды в режиме """Забег на время"""...	Breche jeden Rekord in Zeit-Angriff...	Batti ogni record nella modalità Sfida a Tempo...	Slå alla rekord i Tidsattack-läget...	Supere todos os recordes no modo Contra o Tempo...	Rompe todos los récords del modo contrarreloj...	Pokonaj każdy rekord w Trybie Ataku Czasowego...	打破所有計時挑戰的紀錄……	Zaman Hücumu Modundaki her rekoru kır...	
														
spb_desc_ch16_1	A fairy told me, """So you're the blue hedgehog.""" I've ended up somewhere strange. Where is this place...?		しらない妖精さんが「あなたが　あおいはりねずみね」ってぼくをこんなトコにつれてきたんだ\nフシギなトコだなぁ\n…で、ここはどこ？	Un hada me dijo, """Así que tú eres el erizo azul""". He acabado en un sitio extraño... ¿Dónde estoy?	Незнакомая фея сказала """Это же ты - синий ёж?""" и привела меня сюда. Необычное место... А где это я?	Eine Fee sagte mir """Du bist also der blaue Igel""". Dies ist ein seltsamer Ort. Wo bin ich...?	Una fata mi ha detto, """Quindi sei tu il riccio blu.""" Sono finito in un posto strano. Dove mi trovo...?	En älva sa till mig: """Så du är den blå igelkotten.""" Jag har hamnat någonstans konstigt. Vart är det här stället...?	Uma fada me disse, “"Então você é o ouriço azul."” E então vim parar em um lugar estranho. Que lugar é esse...?	Un hada desconocida me trajo acá y me preguntó\n"""Eres el erizo azul, ¿verdad?"""\nQué lugar tan extraño. ¿Dónde estoy...?	Wróżka powiedziała mi """Więc ty jesteś niebieskim jeżem.""" Znalazłem się w jakimś dziwnym miejscu. Gdzie to jest?	有位仙子告訴我「所以你就是那位藍色刺蝟。」然後我就到了一個奇怪的地方。這裡是哪裡…？	BIG’İN SEYAHAT GÜNLÜĞÜ 1\nBir peri bana, “Demek sen mavi kirpisin,” dedi. Kendimi garip bir yerde buldum. Burası neresi...?	
spb_desc_ch16_2	I've come to a beautiful oasis. It's so clear I can see everything, but it seems like there are no fish.		きれいなみずのオアシスにきたよ\nすきとおっててよくみえるけどおさかないるかなぁ	Llegué hasta un precioso oasis. El agua es tan clara que se ve todo a través, pero parece que no hay peces...	Я попал в оазис с чистой водой. Прозрачный, всё видно, но есть ли тут рыба?..	Ich bin in einer traumhaften Oase. Das Wasser ist glasklar, aber Fische scheint es keine zu geben.	Sono arrivato a un'oasi meravigliosa. È così chiara che posso vedere tutto, ma non sembrano esserci pesci.	Jag har kommit till en vacker oas. Den är så klar att jag kan se allt, men det verkar som att det inte finns några fiskar.	Cheguei a um belo oásis. A água é tão cristalina que consigo ver tudo, mas pelo visto não há nenhum peixe.	Llegué a un hermoso oasis de agua.\nEs cristalina, se ve a través de ella,\npero me pregunto si hay peces.	Przybyłem do pięknej oazy. Jest tak czysta że wszystko widzę, ale wygląda na to, że nie ma rybek.	我來到一座美麗的沙漠綠洲。這裡的水清澈地可以看見所有東西，但就是看不見任何魚隻。	BIG’İN SEYAHAT GÜNLÜĞÜ 2\nGüzel bir vahaya geldim. Suyu o kadar berrak ki her şeyi görebiliyorum, ama galiba hiç balık yok	
spb_desc_ch16_3	I was fishing and I saw Froggy's friend swimming. It looks like fun. I think I'll swim too!		おさかな釣ってたらかえるくんのともだちがおよいでいたよ\nきもちよさそう\n	Estaba pescando y vi a un amigo de Froggy nadando. Parece divertido... ¡A lo mejor me doy yo también un chapuzón!	Пока ловил рыбу, тут плавали друзья Лягушика. Им было так весело, и я решил поплавать вместе с ними!	Ich war Angeln und sah, wie Froggys Freund geschwommen ist. Sah aus, als würde es Spaß machen!	Stavo pescando e ho visto l'amico di Froggy che nuotava. Sembra divertente. Penso che proverò a nuotare anch'io!	Jag fiskade och såg Froggys vän simma. Det ser kul ut. Jag tror jag ska simma också!	Eu estava pescando e vi o amigo do Froggy nadando. Parece divertido. Acho que eu também vou nadar!	Mientras pescaba, el amigo de Froggy nadaba cerca.\nParecía tan cómodo.\n¡Yo también voy a nadar con él!	Łowiłem i widziałem jak kolega Froggiego pływa. Wygląda fajnie. Też popływam!	我在釣魚，然後我看見小蛙蛙的朋友在游泳。看樣子很好玩呢。我也想去游！	BIG’İN SEYAHAT GÜNLÜĞÜ 3\nBalık tutuyordum ve Froggy’nin bir arkadaşının yüzdüğünü gördüm. Epey eğlenceli görünüyor. Sanırım ben de biraz yüzeceğim!	
spb_desc_ch16_4	Well, there weren't any fish. Not one. Monsters must have eaten them. That's not good...		ぼくもいっしょにおよいじゃうぞぉ	Vaya, no había ningún pez... Ni uno. Deben de habérselos comido unos monstruos. Qué mal...	Хмм, рыбы здесь совсем нет. Наверняка, её съел какой-то монстр. Какие обжоры тут обитают, ужас...	Es gab keinen einzigen Fisch. Sie wurden sicher von Monstern gefressen. Gar nicht gut...	Beh, non c'era nessun pesce. Neanche uno. I mostri li avranno mangiati. Così proprio non va...	Nå, det fanns inga fiskar. Inte en enda. Monster måste ha ätit upp dem. Det är inte bra...	Bem, não havia nenhum peixe. Nem um sequer. Os monstros devem tê-los comido. Isso não é bom...	Mmm, parece que no hay ningún pez.\nSupongo que los monstruos se los comieron todos.\nLos glotones son un fastidio, ¿no?	Cóż, nie ma żadnych ryb. Ani jednej. Potwory musiały je wszystkie zjeść. To nie dobrze...	這裡沒有魚，一隻都沒有。他們肯定是被怪物們吃掉了。這下不妙了…。	BIG’İN SEYAHAT GÜNLÜĞÜ 4\nHiç balık yoktu. Bir tane bile.Canavarlar hepsini yemiş olmalı. Bu hiç iyi değil…	
spb_desc_ch16_5	What...? I was chased all the way by a giant lizard! Which way did I come from...?		あれ～？\nおっきなとかげにおいかけられてこんなとこまで\nきちゃったよ～\nどっちからきたんだっけ～？	¿Pero qué...? ¡Me persiguió hasta aquí un lagarto gigante! ¿Y yo por dónde vine...?	М? За мной гналась огромная ящерица и в итоге я оказался тут. Откуда я пришёл?	Was...? Eine riesige Eidechse hat tmich gejagt! Aus welcher Richtung kam ich doch gleich?	Cosa...? Sono stato inseguito da tutto il tempo da una lucertola gigante! Da che parte sono arrivato...?	Va...? Jag blev jagad hela vägen av en jätteödla! Vilken väg kom jag ifrån...?	O quê...? Fui perseguido o tempo todo por um lagarto gigante! De que lado eu vim mesmo...?	¿Eh?\n¡Un lagarto enorme me persiguió hasta aquí!\n¿Por dónde vine?	Co...? Całą tą drogę byłem goniony przez gigantyczną jaszczurkę! Z której strony przyszedłem...?	什麼…？我被一隻大蜥蜴一路追到這裡！我是從哪條路過來了…？	BIG’İN SEYAHAT GÜNLÜĞÜ 5\nNe…? Kocaman bir kertenkele beni yol boyunca kovaladı! Hangi taraftan gelmiştim…?	
spb_desc_ch16_6	It's a little hot, but it seems like a good place to fish. Come out, come out, little fish!		ちょっとあついけどここはすごいのが釣れちゃうヨカンがするぞう～\nでてこい　でてこいおさかなさん～	Hace algo de calor, pero este parece un buen lugar para pescar. ¡Venid, venid, pececillos!	Здесь жарковато, но чувствую, что смогу поймать что-то крупное! Ловись, рыбка, большая и маленькая!	Es ist sehr heiß, aber dies scheint ein guter Angelplatz zu sein. Kommt, Fischchen, kommt!	È un pò caldo, però mi sembra un buon posto per pescare. Venite fuori, venite fuori, pesciolini!	Det är lite varmt, men det verkar vara ett bra ställe att fiska. Kom ut, kom ut, små fiskar!	Está um pouco quente, mas parece ser um bom lugar para pescar. Apareçam, apareçam, peixinhos!	Hace un poco de calor, pero tengo la sensación\nde que aquí pescaremos algo increíble.\n¡Vengan, vengan, pececitos!	Jest trochę gorąco, ale to wygląda na dobre miejsce, żeby sobie połowić. Pokażcie się, pokażcie, małe rybki!	這裡有點熱，但看樣子是個釣魚的好地方呢。來吧來吧，小魚兒！	BIG’İN SEYAHAT GÜNLÜĞÜ 6\nBiraz sıcak ama balık tutmak için güzel bir yer gibi görünüyor.Hadi bakalım küçük balıklar, ortaya çıkın!	
spb_desc_ch16_7	Uh-oh! That's not a fish! Sorry...!		わわわっ\nこれはおさかなじゃないんだな～\nごめんなさい～	¡Ups! ¡Eso no era un pez! ¡Perdón...!	Ой-ой-ой. Это же совсем не рыба... Извините!	Oh je! Das sind ja gar keine Fische! Pardon...!	Uh-oh! Quello non è un pesce! Scusa...!	Uh-oh! Det där är inte en fisk! Förlåt...!	Ih, não! Isso não é um peixe! Foi mal...!	¡Guaa...!\n¡Ese no es un pez!\nPerdón...	O-oh. To nie jest ryba! Przepraszam...!	糟了！那不是魚！對不起啦…！	BIG’İN SEYAHAT GÜNLÜĞÜ 7\nAman Tanrım! Bu bir balık değil! Üzgünüm...!	
spb_desc_ch16_8	W-What's this? I've been carried here by the wind! Somebody help! Actually, this feels pretty good.		あれれ～\nかぜにとばされてひっかかっちゃたよ\nだれかたすけて～\nでもなんだかちょっといいきぶん	¿Q-qué ha pasado? ¡Me ha llevado hasta aquí el viento! ¡Socorro...! Pues en verdad, no se está tan mal.	Вот это да! Меня сдуло ветром и я зацепился! Кто-нибудь, спасите! Но знаете, мне это даже нравится.	Was ist denn nun los? Der Wind hat mich hergeweht! Hilfe! Obwohl, es ist gar nicht so übel.	C-cos'è successo? Sono stato trasportato qui dal vento! Qualcuno mi aiuti! Anzi, è una sensazione piacevole.	V-Vad är det här? Jag har burits hit av vinden! Någon hjälpa mig! Faktiskt, det här känns ganska bra.	O-o que é isso? Fui trazido até aqui pelo vento! Alguém me ajude! Na verdade, isso até que é bom.	¿Pero qué...?\nEl viento me voló y me quedé aquí.\nAlguien ayúdeme.\nAunque creo que me siento mejor.	C-co to? Wiatr mnie tu przywiał! Niech ktoś mi pomoże! W sumie to całkiem fajne uczucie.	怎麼回事？我被風吹到這裡了！誰來救救我啊！不過老實說，這樣還蠻舒服的。	BIG’İN SEYAHAT GÜNLÜĞÜ 8\nN-Bu ne? Rüzgar beni buraya sürükledi! Biri yardım etsin! Aslında bu oldukça iyi hissettiriyor.	
spb_desc_ch16_9	I got in line...but I don't seem to be fitting in. Maybe I need to sit differently?		ぼくもいっしょにならんでみたよ～\nでもなかなか羽がはえないな～\nすわりかたがちがうのかな～？	Me puse en fila... pero no parezco encajar; ¿A lo mejor debería sentarme de otra manera?	Я тоже решил так сесть! Но у меня почему-то не появились крылья... Может, я сижу как-то не так?	Ich habe mich auch angestellt, aber mir wachsen keine Flügel. Vielleicht sitze ich falsch...	Mi sono messo in fila, ma non sembra che io ci stia. Forse devo sedermi in un altro modo?	Jag ställde mig i kön... men jag verkar inte passa in. Kanske jag behöver sitta annorlunda?	Entrei na fila... mas parece que não estou encaixando direito. Será que eu preciso me sentar de outro jeito?	Intente sentarme a su lado...\nPero no me crecen alas...\n¿Será que estoy en mala posición?	Stanąłem w kolejce... ale chyba tutaj się nie mieszcze. Może muszę inaczej usiąść?	我排好隊了…但總覺得自己不太合群。我是不是該換個坐姿？	BIG’İN SEYAHAT GÜNLÜĞÜ 9\nSıraya girdim... ama uyum sağlayamıyorum. Belki de farklı oturmam gerekiyor?	
spb_desc_ch16_10	Whoa! Climbing up here was fun and all, but now how do I get down...?		うわ～い！\nのぼったのはいいけれどどうやったらここからおりられるのかな～	¡Hala! Escalar hasta aquí arriba fue divertido y tal, pero ¿ahora cómo bajo...?	Ого! Я смог сюда забраться, но вот как я буду отсюда слезать?	Hui! Der Aufstieg war ja toll, aber wie komme ich jetzt wieder runter?!	Whoa! Arrampicarmi fino a qui su era divertente, si, ma ora come scendo?	Whoa! Det var kul att klättra upp hit, men hur kommer jag ner nu...?	Uau! Subir aqui até que foi divertido e tals, mas agora como eu vou descer...?	¡Guau...!\nPude subir acá, ¿pero ahora cómo bajaré de aquí?	Łał! Wspinanie się tutaj było fajne i w ogóle, ale jak mam stąd zejść...?	哇喔！爬上來是很好玩啦，但我現在要怎麼下去…？	BIG’İN SEYAHAT GÜNLÜĞÜ 10\nWhoa! Buraya tırmanmak çok eğlenceliydi, ama şimdi aşağı nasıl ineceğim...?	
spb_desc_ch16_11	Whoa! This'll be my hideout. I won't tell anyone, except for maybe Froggy...		うわ～い！\nだぁ～れもいないぼくのひみつきち！\nだれにもナイショさ\nだけどカエルくんにはおしえなきゃ～	¡Guau! Este será mi escondite. No se lo enseñaré a nadie, excepto quizás a Froggy...	Ура! Никого нет! Это моя тайная база! Никому не рассказывайте! Разве что только Лягушику...	Nicht schlecht! Das wird mein Versteck. Ich sag's keinem weiter, außer vielleicht Froggy.	Whoa! Questo sarà il mio nascondiglio. Non lo dirò a nessuno, tranne forse a Froggy.	Whoa! Det här blir mitt gömställe. Jag kommer inte att berätta det för någon, förutom kanske Froggy...	Uau! Esse será o meu esconderijo. Não vou contar para ninguém, talvez só para o Froggy...	¡Guau!\n¡Mi escondite privado!\nEs un secreto para todos...\nAunque tengo que decirle a Froggy.	Łał! To będzie moja kryjówka. Nikomu nie powiem, może oprócz Froggiemu.	哇喔！這裡就是我以後的秘密基地啦！我不會告訴任何人，除了小蛙蛙吧…	BIG’İN SEYAHAT GÜNLÜĞÜ 11\nWhoa! Burası benim saklanma yerim olacak. Kimseye söylemeyeceğim, belki Froggy hariç...	
spb_desc_ch16_12	I befriended the old skeleton. He said he used to be a huge fish. That's amazing!		骨のおじさんとおともだちになったよ\nむかしは　おおきなおさかなだったんだって～\nすごいんだなぁ～	Hice buenas migas con este viejo esqueleto. Me contó que fue antaño un gran pez. ¡Qué pasada!	Я подружился с дяденькой из костей. Говорит, что раньше он был большой рыбой... Так круто!	Ich habe mich mit einem alten Skelett angefreundet. Es war früher ein großer Fisch. Toll!	Ho fatto amicizia con quel vecchio scheletro. Ha detto che un tempo era un grande pesce. È fantastico!	Jag blev vän med det gamla skelettet. Han sa att han brukade vara en enorm fisk. Det är fantastiskt!	Fiz amizade com o velho esqueleto. Ele disse que costumava ser um peixe enorme. Que incrível!	Me hice amigo del señor Huesos.\nParece que alguna vez fue un gran pez.\nQué genial.	Zaprzyjażniłem się ze starym szkieletem. Mówił że kiedyś był dużą rybą. To niesamowite!	我和一位老骷髏頭變成朋友了。他說他以前是一隻巨大的魚欸。好厲害喔！	BIG’İN SEYAHAT GÜNLÜĞÜ 12\nYaşlı iskeletle arkadaş oldum. Eskiden kocaman bir balık olduğunu söyledi. Harika!	
spb_desc_ch16_13	Before the old skeleton turned to bone, he was a colorful fish who could sing too! I wish I could have caught him.		骨のおじさんが骨になる前はきれいなおさかなでおうたもじょうずにうたったんだって\nぼくおじさんを釣ってみたかったな	¡Antes de convertirse en un puñado de huesos, el viejo esqueleto era un colorido pez que podía cantar! Ojalá hubiese podido pescarlo.	Дяденька из костей перед тем, как стать таким, был красивой рыбой и умел петь. Вот бы я тогда поймал его...	Das alte Skelett war einst ein bunter Fisch, der sogar singen konnte! Hätte ich ihn doch geangelt!	Prima che il vecchio scheletro diventasse solo ossa, era un pesce molto colorato che poteva anche cantare! Vorrei averlo potuto catturare.	Innan det gamla skelettet förvandlades till ben var han en färgglad fisk som också kunde sjunga! Jag önskar att jag hade kunnat fånga honom.	Antes de o velho esqueleto se transformar em ossos, ele era um peixe colorido que também sabia cantar! Queria ter conseguido pescá-lo.	Antes de que el señor Huesos se volviera un esqueleto, era un hermoso pez que cantaba maravillosamente.\nOjalá hubiera podido pescarlo.	Zanim stary szkielet zamienił się w kośći, był kolorową rybą która potrafiła śpiewać! Fajnie by było go takiego złapać.	老骷髏頭以前還在魚世間時，他曾是一隻會歌唱的彩色魚呢！我好希望能釣到他喔。	BIG’İN SEYAHAT GÜNLÜĞÜ 13\nYaşlı iskelet kemiğe dönüşmeden önce, şarkı söyleyebilen rengarenk bir balıktı! Keşke onu yakalayabilseydim.	
spb_desc_ch16_14	I've come all the way to the Milky Way...I heard this is where I can find Pisces. I'd like to meet him.		あまのがわにきちゃった～\nここには「ウオザ」っていうおさかながいるってきいたんだ～\nはやくあいたいな～	He llegado hasta la Vía Láctea... Dicen que aquí puedo encontrar a Piscis. Me gustaría conocerlo.	Я оказался на Млечном Пути! Говорят, что здесь есть """Рыбы""". Вот бы мне посмотреть на этих рыб...	Ich bin auf der Milchstraße... Hier soll es das Sternbild Fische geben. Ich freu mich schon!	Sono arrivato fino alla Via Lattea... Ho sentito che qui è dove posso trovare "Piscis". Mi piacerebbe incontrarlo	Jag har kommit hela vägen till Vintergatan... Jag hörde att det är här jag kan hitta Fiskarna. Jag skulle vilja träffa honom.	Cheguei até a Via Láctea... Ouvi dizer que é aqui que posso encontrar o Peixes. Gostaria de conhecê-lo.	Llegué a la Vía Láctea.\nEscuché que aquí hay un pez llamado "Piscis".\nEstoy ansioso por conocerlo.	Przybyłem całą drogę aż do Drogi Mlecznej... Słyszałem, że tutaj mogę znależć Rybę. Chciałbym ją poznać.	我一路來到了銀河系…我聽說這裡是可以找到雙魚座的地方。我想去見見他。	BIG’İN SEYAHAT GÜNLÜĞÜ 14\nSamanyolu'na kadar geldim... Balık burcunu burada bulabileceğimi duydum. Onunla tanışmak isterim.	
spb_desc_ch16_15	When I look up at the sky, I miss Froggy. I've got to go now. Wait for me, Froggy!		おそらをみていたらなんだかかえるくんを思いだしちゃったぞ\nもうかえらなきゃ～\nかえるく～んまっててね～	Cuando miro al cielo, hecho en falta a Froggy. Ahora debo marcharme. ¡Espera por mí, Froggy!	Пока смотрел на небо, вспомнил Лягушика. Мне уже пора обратно... Лягушик, жди меня!	Wenn ich mir den Himmel ansehe, fehlt mir Froggy sehr. Ich muss los. Warte auf mich, Froggy!	Quando guardo il cielo, mi manca Froggy. Devo andare ora. Aspettami, Froggy!	När jag tittar upp mot himlen, saknar jag Froggy. Jag måste gå nu. Vänta på mig, Froggy!	Quando olho para o céu, sinto falta do Froggy. Preciso ir agora. Espere por mim, Froggy!	Mirar al cielo de alguna manera me hizo pensar en ti, Froggy.\n¡Debo irme ya!\nFroggy, espérame.	Kiedy patrze w niebo, tęsknie za Froggym. Muszę już iść. Czekaj na mnie, Froggy!	當我抬頭望向天空時，我就好想念小蛙蛙。我得走了。等等我啊，小蛙蛙！	BIG’İN SEYAHAT GÜNLÜĞÜ 15\nGökyüzüne baktığımda Froggy'yi özlüyorum. Şimdi gitmeliyim. Beni bekle, Froggy!	
														
														
														
event01_name	The World of the Book	The Legend to Save the Arabian Nights Begins.	アラビアンナイトを救う伝説のはじまり	El Mundo del Libro	Начало истории спасения\n"""Тысячи и одной ночи""".	Die Welt des Buches	Il Mondo del Libro	Bokens Värld	O Mundo do Livro	Comienza la leyenda para salvar\n"""Las mil y una noches"""	Świat Książki	書之世界	Kitap Dünyası	
event01_1	ZZZ...		ＺＺＺ…	¡Zzz...!	Хр-р... Хр-р...	ZZZ...	Zzz...	ZZZ...	Zzz...	Zzz...	ZZZ...	ZZZ……	ZZZ…	
event01_2	Um...		あの…	Disculpa...	Эм...	Ähm...	Uhm...	Um...	Hmm...	Disculpa...	Em...	嗚……	Um...	
event01_3	ZZZ...		ＺＺＺ…	 ¡Zzz...!	Хр-р... Хр-р...	ZZZ...	Zzz...	ZZZ...	Zzz...	Zzz...	ZZZ...	ZZZ……	ZZZ…	
event01_4	Hmph!	Come on...	もう…	Lo que hay que ver...	Хм...	Hmpf!	Hmph!	Hmph!	Hum!	¡Ash!	Hpmf!	哼！	Hmph! 	
event01_5	Hey, wake up!		ねぇ　おきて	¡Oye!, ¡despierta!	А ну просыпайся!	Hey, wach auf!	Hey, svegliati!	Hej, vakna!	Ei, acorde!	¡Oye, despierta!	Hej, obudż się!	嘿，醒來啊！	Hey, uyan!	
event01_6	Yaaaaawwn! Boy, is it that late\nalready? What time is it?	Yaaaaawwn! Is it that late already?\nWhat time is it?	ふぁあああ…　もうこんな時間か\nいま何時だ？	¡Uaaaaa! ¡Vaya! Me he pasado\ndurmiendo... ¿Qué hora es?	Уа-а-а-а! Неужели пора вставать?\nКоторый час?	Gääähn! Junge, wer hat denn an der Uhr\ngedreht? Wie spät ist es eigentlich?	Yaaaaawn! Mamma, è già così tardi? Che ora è?	Gääääääsp! Herregud, är det redan så\nsent? Vad är klockan?	Aaaahhh... Cara, já tá tão tarde assim?\nQue horas são?	*bostezo* ¿Oh, ya anocheció? ¿Qué hora es?	(Ziewanie) O chłopie, już tak póżno?\nKtóra to godzina?	哈啊啊啊！哇，已經這麼晚啦？\n現在幾點了？	Yaaaaawwn! Dostum, bu kadar\n geç mi oldu? Saat kaç?	
event01_7	Huh?	Hm?	ん！？	¿Hum?	М-м?	Huh?!	Huh?	Huh?	Hã?	¿Mmm?	Hę?	嗯？	Huh?	
event01_8	You are the blue hedgehog.	You must be the blue hedgehog.	あなたが　青いハリネズミさんね	Así que tú eres el erizo azul...	Это же ты - синий ёж?	Du bist der blaue Igel!	Tu sei il riccio blu!	Du är den blå igelkotten.	Você é o ouriço azul.	Eres ese erizo azul, ¿no?	Ty jesteś tym niebieskim jeżem.	你就是那位藍色刺蝟。	Sen mavi kirpisin.	
event01_9	Ahh...What the...!	Whoaaaa!	ウァアアアアーオ！！	¡Aaah!	А-а-а-а-а-а!	Uaah! Was zur...?!	Ahh... Ma cosa...!	Ahh... Vad i...!	Ah! Mas que...!	¡Guau...!	Uaah!... Co do...!	啊…… 什麼……！	Ahh... Bu da ne...!	
event01_10	Do not be alarmed!\nI am Shahra, the Genie of the Ring.	Do not be frightened!\nI am Shahra, the Genie of the Ring.	そんなに　おどろかないで！\n私はリングの精『シャーラ』	¡No tengas miedo!\nYo soy Shara, la Genio del Anillo.	Не стоит так пугаться.\nЯ джинния, Шахра!	N-nur die Ruhe! Ich bin Shahra,\nder Dschinni des Rings.	Non essere allarmato!\nIo sono Shahra, Genio dell'Anello.	Bli inte orolig!\nJag är Shahra, Ringens Ande.	Não se assuste!\nMe chamo Shahra, a Gênia do Anel.	¡No te asustes! Soy el espíritu del anillo, Shahra.	Nie masz się czego bać! Jestem Shahra,\nDżiną Pierścienia.	別被嚇到了！\n我是戒指精靈，夏拉。	Korkma!\nBen Yüzük Cini Shahra.	
event01_11	...You know,\nlike """Aladdin and the Magic Lamp"""...?		…というか\n「アラジンと魔法のランプ」は…？	Una genio como el de\nAladino y la lámpara maravillosa, ¿sabes?	Ну, знаешь, как в """Аладдине и волшебной лампе"""...	Du weißt schon, wie in\n"""Aladin und die Wunderlampe"""?	...Sai, come\n """Aladino e la Lampada Magica"""...?	...Du vet,\nsom """Aladdin och den magiska lampan"""...?	...Sabe, tipo\n"""Aladim e a Lâmpada Maravilhosa"""...?	Ya sabes... la de """Aladino y la lámpara maravillosa""".	... Wiesz, w coś w stylu\n"""Alladyn i Magiczna Lampa"""...?	……呃\n就像是「阿拉丁神燈」那樣的精靈？	...Bilirsin, """Alaaddin ve\nSihirli Lambası""" gibi...?	
event01_12	Don't think I've read that.	I haven't read that yet.	まだ読んでない	Aún no me lo he leído.	А я ещё не читал.	Nie gelesen.	Non penso di averlo letto.	Tror inte att jag har läst det.	Não lembro de ter lido.	Aún no lo leo.	Nie żebym to kiedyś przeczytał.	我還沒讀過那個故事。	Onu okuduğumu sanmıyorum.	
event01_13	What?\nYou've got to be kidding me!	What? Will this be okay, I wonder...	えぇ～\nもう　大丈夫かなぁ…	¿¡Qué!?\nPues empezamos con buen pie...	Серьёзно? Уму непостижимо...	Was? Das meinst du nicht ernst!	Cosa?\n Mi stai prendendo in giro!	Va?\nDu måste skoja!	O quê?\nSó pode estar brincando!	¡¿Eh?! Ah, ¿cómo es posible?	Że co?\nChyba Sobie żartujesz!	什麼？\n你在開玩笑吧！	Ne?\nŞaka yapıyor olmalısın!	
event01_14	It's the best story of all the Arabian\nNights! Or, at least the second best...	It's one of the most interesting\nstories of the Arabian Nights...	アラビアンナイトの中でも１・２を\nあらそう　おもしろさ…	¡Es una de las mejores historias de\nLas mil y una noches, y...!	Это же одна из самых интересных сказок\nв книге """Тысяча и одна ночь"""!	Das ist die beste Geschichte in 1001 Nacht!\nOder zumindest die zweitbeste.	È la migliore storia delle Mille e una Notte! O almeno, la seconda...	Det är den bästa berättelsen i hela Tusen och en Natt! Eller, åtminstone den näst bästa...	É a melhor história das Mil e uma Noites!\nOu, pelo menos a segunda melhor...	Es una de las historias más interesantes\nde """Las mil y una noches""".	To najlepsza historia z wszystkich Arabskich Nocy!\nAlbo, przynajmniej druga najlepsza...	那可是天方夜譚裡最棒的故事！\n至少也是第二好的……	Binbir Gece Masalları'nın en iyi\nhikayesi! Ya da en azından ikinci en iyi...	
event01_15	...But that's besides the point.\nPlease, look at this!	...But anyway, please look at this!	ってそんな説明はともなく\nこれを見てください！	...Bueno, ahora eso es lo de menos.\n¡Mira lo que está pasando aquí!	Так, это потом обсудим. \nСмотри сюда!	Doch ich schweife ab.\nBitte. Sieh dir das an.	Ad ogni modo, per favore,\ndai un'occhiata a questo!	...Men det är inte poängen.\nSnälla, titta på det här!	Mas isso não importa.\nPor favor, dê só uma olhada!	...bueno, eso da igual. ¡Sólo mira esto!	... Ale mniejsza z tym.\nProszę, spójrz na to!	……那不是重點啦。\n請您看看這！	...Ama bu konunun dışında.\nLütfen, şuna bak!	
event01_16	Hey, the page is blank!	The pages are blank!?	ページが　白紙になってるぜ！？	¿Las páginas están en blanco?	На страницах ничего... они пустые!	Hey, die...\nDie Seite ist leer!	Hey, la pagina è vuota!	Hej, sidan är tom!	Ei, a página tá em branco!	¡¿Las páginas están en blanco?!	Hej, ta strona jest pusta!	嘿，這頁是空白的！	Hey, sayfa boş!	
event01_17	Our world...		私たちの世界が…	Nuestro mundo,	Наш мир...	Unsere Welt...	Il nostro mondo...	Vår värld...	Nosso mundo...	Nuestro mundo...	Nasz świat...	我們的世界……	Dünyamız...	
event01_18	...The world of the Arabian Nights is vanishing.		アラビアンナイトの世界が\n消されつつあるんです	el mundo de Las mil y una noches,\nse desvanece...	Мир """Тысячи и одной ночи""",\nмедленно исчезает.	...Die Welt von Tausendundeine Nacht löst sich auf.	...Il mondo delle Mille e Una Notte, sta scomparendo.	...Tusen och en Natts värld håller på att försvinna.	...O mundo das Mil e uma Noites está desaparecendo.	...el mundo de """Las mil y una noches""" está siendo borrado.	... Świat Arabskich Nocy zanika.	……天方夜譚的世界正在逐漸消失。	...Binbir Gece Masalları dünyası yok oluyor.	
event01_19	Vanishing? But how?	Vanishing? Why?	消される？　なぜ？	¿Se desvanece? ¿Por qué?	Исчезает? Почему?	Löst sich auf? Aber wie?	Scomparendo? Ma come?	Försvinna? Men hurdå?	Desaparecendo?\nMas como?	¿Borrado? ¿Por qué?	Zanika? Jak to?	逐漸消失？怎麼會這樣？	Yok mu oluyor? Ama nasıl?	
event01_20	This is the work of an incredibly\nevil spirit...The Erazor Djinn.	That..is the work of an evil genie...Erazor Djinn.	それは…　あしきマジン…\n『イレイザー・ジン』のしわざです	Es obra de un malvado ser mágico... Erazor el Yinn.	Это... из-за злого духа...\nЭрейзор Джинн - так его зовут.	Dies ist das Werk eines unfassbar\nboshaften Geistes, des Erazor Djinns.	Questa è opera di un genio\nincredibilmente malvagio... Erazor Djinn.	Detta är ett verk av en otroligt\nond ande... Erazor-Djinn.	Isso é obra de um espírito maligno, o Erazor Djinn...	Es culpa... de un malvado majin.\nErazor, el Genio.	To robota niesamowicie\nzłego ducha... Erazora Dżina.	這都是一位非常邪惡的精靈…… \n『精靈・伊萊薩』的所作所為。	Bu inanılmaz derecede kötü bir\nruhun eseridir... Erazor Cin.	
event01_21	Erazor...Djinn?		イレイザー…　ジン？	¿Erazor... el Yinn?	Эрейзор... Джинн?	Erazor... Djinn?	Erazor... Djinn?	Erazor...Djinn?	Erazor... Djinn?	¿Erazor, el Genio?	Erazora... Dżina?	精靈…… 伊萊薩？	Erazor...Cin mi?	
event01_22	Yes.		そうです	Así es.	Именно.	Ja.	Si.	Ja.	Sim.	Así es.	Tak.	沒錯。	Evet.	
event01_23	He used his evil magic\nto become even more powerful.	He is a genie with powerful magical abilities.	カレは強力な魔力をもったマジン\nそれゆえに、自分の力をもてあまし	Es un genio que posee una\nmagia tan poderosa que	Он обладает огромной духовной силой,\nс которой тяжело совладать.	Er bediente sich seiner dunklen Magie,\num noch mächtiger zu werden.	Ha usato la sua magia malefica\nper diventare ancora più potente.	Han använde sin onda magi\nför att bli ännu mäktigare.	Ele usou sua magia maligna\npara se tornar ainda mais forte.	Es un majin con poderosas habilidades mágicas.	Użył swojej przeklętej magii\nby stać się jeszcze potężniejszym.	他利用了他的邪惡魔法使他變得更加強大。	Kötü büyüsünü kullanarak daha\nda güçlü hale geldi.	
event01_24	He could not bear to simply\nremain in the book any longer.	He has so much power that he can\nno longer stand being stuck inside a book.	本の中に　とどまっていることに\nがまん　できなくなったんです	ya no soportaba estar atrapado\ncon ella dentro del libro.	Он не вынес своего заточения в книге.	Er konnte seine bloße Existenz in\neinem Buch nicht länger erdulden.	Non riusciva più a sopportare\ndi stare in un libro.	Han stod inte ut med att bara\nstanna kvar i boken längre.	Ele não está mais satisfeito em\nficar apenas dentro do livro.	Por eso, su propio poder lo abrumó y\nno pudo soportar seguir encerrado en el libro.	Nie mógł już dłużej znieść\npozostawania w książce.	他再也無法忍受繼續被困在書中。	Artık kitabın içinde kalmaya\ndayanamıyordu.	
event01_25	And so he has begun to\nset the inscriptions free,	He has begun harvesting the inscriptions,	カレは本の文字を刈りとり	En consecuencia, ha comenzado a arrancar	И тогда он начал стирать из неё буквы.	Und so hat er begonnen,\ndie Inschriften freizusetzen,	Così ha iniziato a liberare\ntutte le iscrizioni,	Så han har börjat\nsläppa inskriptionerna fria,	Então ele começou a libertar as inscrições,	Empezó a cosechar las letras del libro	Więc zaczął uwalniać inskrypcje.	所以他開始釋放書裡的文字，	Ve böylece yazıtları serbest\nbırakmaya başladı,	
event01_26	Absorbing the power of\nthe book itself.	Absorbing the book's power.	本の力を吸収しはじめました	los caracteres del libro\npara absorber todo su poder.	А потом поглощать её силу.	und die Macht des Buches\nin sich aufzunehmen.	Assorbendo il potere del libro in se.	och absorbera kraften i själva boken.	e a absorver o poder do livro.	y a absorber su poder.	Pochłaniając moc samej książki.	並開始吸收書的力量。	Kitabın kendi gücünü\nözümseyerek.	
event01_27	The power of the book?	Absorbing the book's power...	本の力を吸収…	Absorber... ¿el poder del libro?	Поглощать её силу...	Die Macht des Buches?	Il potere del libro?	Bokens kraft?	O poder do livro?	¿Absorbe el poder del libro?	Moc książki?	書的力量？	Kitabın gücü?	
event01_28	If our world ceases to exist,	If our world disappears...	このまま私たちの世界がなくなれば	Si nuestro mundo desaparece,\nno solo nunca más	Если наш мир исчезнет,	Sollte unsere Welt wirklich vergehen,	Se il nostro mondo scompare..	Om vår värld upphör att existera,	Se o nosso mundo deixar de existir,	Si nuestro mundo desapareciera así,	Jeżeli nasz świat przestanie istnieć,	如果放任我們的世界消失殆盡，	Eğer dünyamız var olmaktan çıkarsa,	
event01_29	Then not only will those stories be silenced forever,	Then not only will these stories\nnever be read again,	もう二度と　この物語をよむことが\nできなくなるだけでなく	se podrán leer sus historias,\nsino que, además,	мало того, что никто никогда\nбольше не прочтёт эти сказки,	wären nicht nur ihre Geschichten\nfür immer verloren. Nein,...	Allora non solo quelle storie verranno\nmesse a tacere per sempre,	Då kommer inte bara de berättelserna att tystas för alltid,	não só as histórias sumirão para sempre,	no solo nunca más se podría volver a leer esta historia,	Nie tylko te historie bedą wyciszone na zawsze.	那些故事不僅會被永遠抹煞，	O zaman bu hikayeler sonsuza dek susturulmakla kalmayacak,	
event01_30	But the Erazor Djinn will then be\nunleashed into your world.	But with the power he absorbs,\nhe will come to your world as well.	力を吸収したカレは　あなたのいる\nこの世界にもやってくるでしょう	Erazor se hará con el poder suficiente\npara viajar a tu mundo.	но и он, поглотивший всю силу,\nзахочет стереть и другие миры.	...das würde den Erazor Djinn\nsogar auf deine Welt loslassen.	Ma Erazor Djinn verrà\nrilasciato dentro al tuo mondo.	Men Erazor-Djinn kommer sedan att\nsläppas in i din värld.	mas o Erazor Djinn será solto em seu mundo.	sino que él, una vez que haya absorbido\nsu poder, podría venir a este mundo.	Ale wtedy Erazor Dżin zostanie\nwypuszczony na twój świat.	精靈伊萊薩也將被釋放到你的世界中。	Ayrıca sonrasında Erazor Cin\nsizin dünyanıza salınacak.	
event01_31	That definitely sounds like trouble.\nBut, what do you want me to do?	That definitely sounds like trouble.\nSo? What do you want me to do?	たしかにそいつは大変だ\nで？　オレにどうしてほしいんだ？	Pues vaya lío que se ha armado...\nVale, ¿qué quieres que haga?	Да, звучит неприятно.\nНу так что ты хочешь от меня?	Dann sitzen wir aber wirklich in der Tinte...\nAber was soll ich dagegen tun?	Di sicuro saranno guai.\nQuindi, cosa vuoi che ci faccia io?	Det låter definitivt som trubbel.\nMen, vad vill du att jag ska göra?	Isso realmente parece encrenca.\nMas o que você quer que eu faça?	Mmm, no me gusta cómo suena eso.\nBien, ¿en qué te ayudo?	To na pewno brzmi jak kłopoty.\nAle co ja mam z tym zrobićł?	聽起來確實很麻煩呢。\n可是你想要我做什麼？	Bu kesinlikle sorun gibi görünüyor.\nPeki, benden ne yapmamı istiyorsun?	
event01_32	I want you to stop him...	I want you...	あなたには　カレを…	Quiero que tú...	Я хочу, чтобы ты...	Ich möchte, dass du ihn aufhältst.	Io voglio che tu lo fermi...	Jag vill att du ska stoppa honom...	Eu quero que você o impeça...	Quiero que...	Chcę żebyś go powstrzymał.	我想要你阻止他……	Onu durdurmanı istiyorum...	
event01_33	You must stop the Erazor Djinn.	...to stop Erazor Djinn.	イレイザー・ジンを\nとめて欲しいんです	...detengas a Erazor el Yinn.	...остановил Эрейзора Джинна.	Du musst dem Erazor Djinn Einhalt gebieten.	Tu devi fermare Erazor Djinn.	Du måste stoppa Erazor Djinn.	Você precisa impedir o Erazor Djinn.	...detengas a Erazor, el Genio.	Ty musisz powstrzymać Erazora Dżina.	你必須阻止伊萊薩。	Erazor Cinini durdurmalısın.	
event01_34	Only you, the blue hedgehog, can do it.	Only you, the """blue hedgehog,""" can do that.	それができるのは\n「青いハリネズミ」あなただけです	El único que puede hacerlo eres\ntú, el """erizo azul""".	Это под силу только синему ежу,\nто есть, только тебе!	Nur du, der blaue Igel, bist dazu in der Lage.	Solo tu, il riccio blu, ci puoi riuscire.	Bara du, den blå igelkotten, kan göra det.	Apenas você, o ouriço azul, é capaz.	Sólo tú, el erizo azul, puede hacerlo.	Tylko ty, niebieski jeż, może to zrobić.	藍色刺蝟，只有你才能辦到。	Bunu ancak sen, mavi kirpi, başarabilirsin.	
event01_35	Hmm.		フン	¡Hum!	Хм.	Hmm.	Hmm.	Hmm.	Hmm.	Jum.	Hm.	哼。	Hmm.	
event01_36	So this guy needs someone\nto put him in his place, does he?	So you want me to play\nwith some egotistic brat, huh?	ちょっとワガママな坊やと\n遊んでほしいってことか	Así que quieres que juegue un\nrato con ese """crío""" egoísta, ¿eh?	То есть, мне надо поиграть с одним\nзазнавшимся эгоистом...	Dieser Typ braucht also jemanden, der\nihm 'nem Denkzettel verpasst, was?	Quindi a questo tipo gli serve qualcuno\nche lo rimetta al suo posto, non è così?	Så den här killen behöver någon\nsom sätter honom på plats, eller hur?	Então esse cara precisa entrar nos eixos, né?	Así que quieres que juegue\ncon un niñito malcriado, ¿eh?	Więc, gościowi brakuje kogoś,\nkto ustawi go na swoim miejscu, co?	所以這傢伙需要別人來\n教訓教訓他，是吧？	Yani bu adamın birinin onu yerine\nkoymasına ihtiyacı var, öyle mi?	
event01_37	I suppose I can help out with that.\nIt might even be fun.	I'd like to say I can help,	ただ　助けるといっても	Aun así, en el fondo,	Мне, конечно, не трудно,	Schätze das lässt sich einrichten.\nVielleicht wird's sogar ganz witzig!	Immagino che potrei dare una mano.\n Potrebbe anche essere divertente.	Jag antar att jag kan hjälpa till med det.\nDet kan till och med vara kul.	Eu acho que posso ajudar, pode até ser divertido.	Pero, aunque quisiera ayudarte,	Niby mogę z tym pomóc.\nTo może być nawet fajne.	我想我幫得上忙喔。\n可能還很有趣呢。	Sanırım bu konuda yardımcı olabilirim.\nHatta eğlenceli bile olabilir.	
event01_38	But...this is all just something\nout of a storybook, right?	But this is all happening in a book, right?	しょせんは本の中のできごとだろ？	todo esto ocurre dentro de un libro, ¿no?	но ведь события происходят в книге.	Nur... Die ganze Sache spielt sich\ndoch in 'nem Buch ab, oder?	Ma...questa è tutta una storia\nda un libro di fiabe, giusto?	Men... allt det här är bara något\nur en sagobok, eller hur?	Mas... Isso tudo vem de um livro, certo?	todo esto es parte de un libro, ¿no?	Ale... to wszystko jest czymś\nz książki, racja?	但……這都是\n故事書裡的事，對吧？	Ama... bunların hepsi bir masal\nkitabından fırlamış gibi, değil mi?	
event01_39	How am I supposed to do anything\nabout that?	What should we do about that?	どうすればいいんだ？	¿Cómo se supone que\nhe de ayudarte?	И что же нам делать?	Wie soll ich da von hier aus helfen?	E allora, io che ci posso fare?	Hur ska jag kunna göra något\nåt ​​det?	Como eu posso fazer algo a respeito disso?	¿Qué puedo hacer?	Jak mam cokolwiek z tym zrobić?	我該怎麼辦呢？	Bu konuda nasıl bir şey\nyapabilirim?	
event01_40	That's easy.	That's simple.	かんたんです	Es simple.	Всё очень просто.	Ganz einfach.	È semplice.	Det är enkelt.	É bem simples.	Es sencillo.	To proste.	很簡單。	Bu kolay.	
event01_41	You are my master, having called\nforth the Genie of the Ring.	As the Genie of the Ring,\nwhoever summons me becomes my master,	リングの精である私は\n呼びだした人をご主人さまとし	Yo, la Genio del Anillo, tomo como\namo a aquel que me invoca	Тот, кто меня вызывает,\nстановится моим господином.	Du bist mein Meister, da du den\nDschinni des Rings beschworen hast.	Tu sei il mio maestro, avendo evocato\nil Genio degli Anelli.	Du är min mästare, efter att ha kallat\nfram Ringens Ande.	Você é o meu mestre, aquele que\nme invocou como a Gênia do Anel.	Como espíritu del anillo,\nconsidero a quien me invoca mi amo	Zostałeś moim mistrzem,\nwzywając Dżinę Pierścienia.	在招喚出戒指精靈時，\n你就是我的主人了。	Sen benim efendimsin,\nYüzük Cinini çağırdın.	
event01_42	As such,\nI am able to grant your wishes.	And I can grant that person's wishes.	その方の願いをかなえることが\nできるんです	y soy capaz de\nhacer sus deseos realidad.	И я, как джинния, могу исполнять его желания.	Als solcher bin ich in der Lage,\ndeine Wünsche zu erfüllen!	Come tale,\nsono capace di esprimere i tuoi desideri.	Som sådan,\nkan jag uppfylla dina önskningar.	Sendo assim, eu posso\nlhe conceder seus desejos.	y puedo concederle sus deseos.	Dzieki temu, jestem w stanie\nspełnić twoje życzenia.	這樣子，我就能達成你的心願。	Bu nedenle dileklerini\nyerine getirebilirim.	
event01_43	Simple wishes, at any rate.	Although I can only handle simple wishes,	かんたんな　願いに\n限られますけど…	Aunque solo puedo\nconceder deseos sencillos,	Пусть я могу исполнить только простые желания,	Einfache Wünsche zumindest.	Nonostante posso solo gestire desideri semplici,	Enkla önskningar, i alla fall.	Desejos simples, pelo menos.	Aunque sólo puedo conceder deseos sencillos,	W każdym razie, tylko te proste.	只要是簡單的願望都可以。	Basit dilekler bunlar, en azından.	
event01_44	Bringing you into the world of the\nArabian Nights is within my power.	I can at least take you\nto the world of the Arabian Nights.	あなたをアラビアンナイトの世界に\nつれていくことぐらいはできます	puedo transportarte al mundo de\nLas mil y una noches sin problema.	но переместить тебя в мир\n"""Тысячи и одной ночи""" мне под силу.	Dich in die Welt von Tausendundeiner\nNacht zu bringen, liegt in meiner Macht.	I miei poteri permettono comunque\ndi portarti nel mondo delle Mille e una Notte.	Att föra dig in i\nTusen och en Natts värld står i min makt.	Levar você para o mundo das Mil e Uma Noites\nestá ao meu alcance.	sin duda puedo llevarte al mundo de """Las mil y una noches""".	Jest to w mojej mocy, aby przenieść\nCię do świata Arabskich Nocy.	帶領你進入天方夜譚的世界\n也在我的能耐之中。	Seni Binbir Gece Masalları dünyasına götürmek benim elimde.	
event01_45	What?! Inside that book?	Huh?! Inside the book?	えぇ！？　本の中に？	¿Qué? ¿Dentro de ese libro?	Серьёзно? В книгу?	Was?! In das Buch?	Cosa?! Dentro a quel libro?	Va?! Inne i den där boken?	O quê!? Pra dentro do livro?	¡¿Qué?! ¿Dentro del libro?	Co?! Do środka tej książki?	什麼？！進入那本書？	Ne?! O kitabın içine mi?	
event01_46	Now please,\nplace the ring on your finger!	Now, put this ring on your finger!	さぁ！\nこのリングを指にはめてください！	Primero,\nponte este anillo en el dedo	Вот, надень на палец это кольцо!	Bitte, steck den Ring\nnun an deinen Finger!	Ora, per favore,\nmettiti l'anello sul dito!	Nu snälla,\nsätt ringen på ditt finger!	Agora por gentileza, coloque\no anel em seu dedo!	Ahora, ponte este anillo en el dedo.	Teraz, proszę,\nzałóż pierścień na swój palec!	請你現在戴上戒指！	Şimdi lütfen yüzüğü\nparmağına tak!	
event01_47	Like this?	...Like this?	…こうか？	... ¿Así está bien?	А... вот так?	Etwa... so?	...Così?	Så här?	Tipo... assim?	¿Así...?	O tak?	像這樣嗎？	Böyle mi?	
event01_48	OUCH!\nHey, take it easy!	OUCH!\nOw-ow-ow...	ＯＵＣＨ！\nいててて	¡Ay! ¡Eso duele!	Ай!\nБольно!	AUTSCH!\nHey, chill doch mal!	OW!\nHey, con calma!	AJ!\nHej, ta det lugnt!	AI! Ei, pega leve!	¡Auch! ¡D-Duele!	Auć!\nHej, wyluzuj!	好痛！嘿，下手輕一點嘛！	OUCH!\nHey, sakin ol!	
event01_49	My apologies, O Master,\nbut now the contract has been sealed.	I am sorry, Master.\nThe contract has been made.	すみません　ご主人さま\nこれで契約は完了です	Mis más sinceras disculpas, amo.\nAhora el contrato está sellado.	Извините, мой Господин.\nМы заключили контракт.	Verzeihung, mein Meister.\nNun ist der Vertrag besiegelt.	Le mie scuse, maestro.\nora il contratto è stato firmato.	Jag ber om ursäkt, Åh Mästare,\nmen nu är kontraktet beseglat.	Perdão, ó Mestre.\nMas agora, o contrato está selado.	Lo siento, amo. El contrato ya está hecho.	Moje przeprosiny.\nOh Mistrzu, teraz umowa została zawarta.	主人啊，容我向你道歉，\n但現在契約已經生效了。	Özür dilerim, Efendim,\nama artık sözleşme imzalandı.	
event01_50	Contract?		契約？	¿Eh? ¿Contrato?	Контракт?	Vertrag?	Contratto?	Kontrakt?	Contrato?	¿Contrato?	Umowa?	契約？	Sözleşme mi?	
event01_51	Yes. As Master of the Ring,\nI am now bound to protect you.	Yes... And thanks to it,\nnow I can protect you as well.	そう　そして…　これで\nあなたをお守りすることもできます	Sí, así es.\nGracias a él podré protegerte.	Да. И теперь, я смогу вас защищать.	Ja. Da du jetzt der Meister des Ringes bist,\nbin ich verpflichtet dich zu beschützen.	Si. Come Maestro dell'Anello,\nora sono portata a proteggerti.	Ja. Som Ringens Mästare,\när jag nu bunden att skydda dig.	Sim. Como Mestre do Anel, agora\ndevo lhe proteger.	Sí... Y ahora también puedo protegerte.	Tak. Jako Mistrz Pierścienia,\njestem teraz zobowiązana, by Cię chronić.	沒錯，我現在有義務要保護\n身為戒指主人的你。	Evet. Yüzüklerin Efendisi olarak,\nartık seni korumakla yükümlüyüm.	
event01_52	Now, rub the ring!	Now then, please rub the ring.	さぁ　リングをこすってください	Ahora, frota el anillo.	А теперь потрите кольцо.	Nun, reibe an dem Ring!	Ora, strofina l'anello!	Nu, gnugga ringen!	Agora, esfregue o anel!	Bien, frota el anillo, por favor.	Teraz, potrzyj pierścień!	現在摩擦戒指吧！	Şimdi yüzüğü ov!	
event01_53	Like...Like this?	Will this do?	これでいいのか？	¿Así?	Так пойдёт?	...Meinst du etwa so?	Tipo... così?	Så...Så här?	Tipo... assim?	¿Así está bien?	W... taki sposób?	像…… 像這樣嗎？	Tıpkı...Tıpkı böyle mi?	
event01_54	"""O Master of the ring, what is thy wish?"""	"What do you wish for, my Master?\nI am at your command."	「なにがお望みでしょう？\nご主人さま　なんなりとご命令を」	"""A su servicio, mi amo.\nSus deseos son órdenes""".	Чего желаете, мой Господин?\nТолько скажите, и желание исполнится.	"""Oh, Meister des Ringes,\nwie lautet dein Wunsch?"""	"""Oh, Maestro dell'anello, qual'è il vostro desiderio?"""	"""Åh Ringens Mästare, vad är din önskan?"""	Ó, Mestre do Anel, qual é o seu desejo?	"""¿Qué es lo que desea, mi amo?\nSus deseos son órdenes"""	"""Oh Mistrzu Pierścienia,\njakie jest twoje życzenie?"""	「戒指之主啊，您有何願望？」	"""Ey Yüzüklerin Efendisi, dileğin nedir?"""	
event01_55	Achoo!\nAchoo!		ヘックシュ\nヘックシュ	¡Achís!\n¡Achís!	Апчхи!\nАпчхи!	Hatschi!\nHaaaaaatschi!	Achoo!\nAchoo!	Achoo!\nAchoo!	Atchim! Atchim!	¡AH...chú! ¡Achú!	A psik!\nA psik!	哈啾！\n哈啾！	Achoo!\nAchoo!	
event01_56	How about a handkerchief for starters!\nMake that a few!	Give me some hankies!\nLots of them.	ハンカチをくれ！たくさん	Pues dame un pañuelo...\nNo; ¡muchos!	Платочков бы.\nПобольше.	Ein paar Taschentücher wären echt nice.\nMüssen auch nicht viele sein.	Dammi qualche fazzoletto, per iniziare!\nAnzi, molti.	Vad sägs om en näsduk till att börja med!\nGör det till några!	Que tal um lencinho pra começar?\nAlguns, na verdade!	Pañuelos... ¡Bastantitos!	Może zacznijmy od hustki!\nA nawet ich kilka!	那我第一個願望要手帕！\n來多一點！	Başlangıç olarak bir mendile ne dersin!\nBirkaç tane!	
event01_57	Thanks! You're a lifesaver! You see,\nI caught this cold yesterday, and...	Phew, you're a real lifesaver! Actually,\nI've had this cold since yesterday, and...	いやーマジたすかったぜ！\nじつは昨日から風邪ぎみで…	¡Uf!, ¡me salvas la vida!\nEs que llevo resfriado desde ayer y...	Ах... Ты мне правда очень помогла!\nМеня вчера продуло, и...	Danke! Bist echt 'ne Lebensretterin! Weißt du, ich hab\nmir gestern diesen fiesen Schnupfen eingefangen, und...	Phew, sei la mia salvatrice!, Vedi,\nMi sono preso questo raffreddore da ieri, e...	Tack! Du är en livräddare! Du förstår,\njag blev förkyld igår, och...	Valeu! Quebrou o galho!\nEu peguei um resfriado ontem, então...	¡Ah, me salvas la vida! La verdad, ayer me dio gripita...	Dzięki! Życie mi ratujesz!\nWidzisz, przeziębiłem się wczoraj i...	謝啦！你是我的救命恩人！\n因為我昨天感冒了，然後……	Teşekkürler! Hayat kurtardın! Bak,\ndün soğuk algınlığına yakalandım ve...	
event01_58	Please, be serious!!	Take this seriously, please!!	マジメにやってください！！	¡¡Esto es serio!!	Давай серьёзнее!	Bitte, bleib bei der Sache!	Per favore, sii serio!!	Snälla, var seriös!!	Por favor, leve isso a sério!	¡Por favor, tómalo en serio!	Proszę, bądż poważny!	能請你認真點嘛！！	Lütfen, ciddi ol!!	
event01_59	Okay, okay.\nThanks for the hankies, though.	Yeah, I know.\nNothing wrong with a few hankies though, right?	わかってるって\nハンカチぐらいいいだろ	Sí, lo sé, pero no pasa nada\npor pedir unos pañuelos, ¿no?	Да, конечно.\nНо платочки же можно попросить!	Okay, okay.\nTrotzdem danke für die Tempos!	Si, lo so.\nPerò grazie per i fazzoletti.	Okej, okej.\nTack för näsdukarna dock.	Ok, ok. Mas, valeu pelos lenços.	Ya, ya. ¿Estuvo mal lo de los pañuelos?	Okej, okej.\nAle dzięki za husteczki.	好啦，好啦。\n不過手帕真的謝囉。	Tamam, tamam.\nAma mendiller için teşekkürler.	
event01_60	Oh please, someone tell me that\nthis isn't really happening...	Oh, honestly...\nWill this actually work out...	もう…　まったく\nほんとうに大丈夫かしら…	¡Buf! Lo que hay que oír...\nA ver si sale todo bien...	Ох, что же будет...\nНадеюсь, всё получится.	Bitte, sag mir, dass das gerade\nnicht wirklich passiert...	Oh, per favore...\nqualcuno mi dica che non sta succedendo veramente...	Åh snälla, någon säg att det här\ninte händer på riktigt...	Ah, por favor, alguém me diz que\nisso não está acontecendo.	¡Ah, por la...! ¿En serio es el indicado...?	Błagam, niech ktoś mi powie,\nże to się nie dzieje na serio...	拜託誰來把我捏醒……	Aman lütfen, biri bana bunun\ngerçekten olmadığını söylesin...	
event01_61	Alright, let's go!	All right, let's go.	じゃ　いくぜ	¡Venga!,	Что ж, идём!	Alles klar... Dann mal los!	Va bene, Andiamo.	Okej, nu kör vi!	Beleza, vamos nessa!	Bueno, vamos.	Dobrze już, lećmy!	好啦，我們走！	Pekala, hadi gidelim!	
event01_62	Take me to this world of\nthe Arabian Nights!	Take me to the world of\nthe Arabian Nights!	オレをアラビアンナイトの世界に\n連れていってくれ！	¡llévame al mundo de\nLas mil y una noches!	Перенеси меня в мир\n"""Тысячи и одной ночи"""!	Bring mich in diese Welt von\nTausendundeine Nacht!	Portami in questo mondo\ndelle Mille e una Notte!	Ta mig till denna värld av\nTusen och en Natt!	Me leve para esse mundo das Mil e uma Noites!	¡Llévame al mundo de """Las mil y una noches"""!	Zabierz mnie do tego świata\nArabskich Nocy!	帶我去天方夜譚的世界！	Beni Binbir Gece Masalları\ndünyasına götür!	
event01_63	As you wish, Master!	Understood, Master!	わかりました　ご主人さま！！	¡¡Como usted desee, mi amo!!	Слушаюсь, мой Господин!	Wie du wünschst, Meister.	Come desideri, Maestro!	Som du önskar, Mästare!	Como quiser, Mestre!	¡A la orden, amo!	Jak sobie życzysz, mój panie!	如你所願，主人！	Siz nasıl isterseniz, Efendim!	
event01_64	Quit it, will you!	Stop that!	よせよ！	¡Deja eso de """amo"""!	Только давай без этого.	Hey, bleib cool!	Dacci un taglio!	Sluta med det där!	Corta essa, beleza?	¡Ay, basta!	Przestań z tym, proszę Cię!	別再叫我主人了！	Bırak artık şunu!	
event01_65	My name's Sonic.\nSonic the Hedgehog!	I'm Sonic!\nSonic the Hedgehog!	オレはソニック！\nソニック・ザ・ヘッジホッグだ	Yo soy """Sonic"""...\n¡Sonic el Erizo!	Меня зовут Соник!\nЁжик Соник!	Mein Name ist Sonic.\nSonic der Igel!	Il mio nome è Sonic.\nSonic il Riccio.	Jag heter Sonic.\nSonic the Hedgehog!	Meu nome é Sonic! Sonic o Ouriço!	Soy Sonic. ¡Sonic, el Erizo!	Mam na imie Sonic.\nJeż Sonic!	我的名字叫索尼克。\n刺蝟索尼克！	Benim adım Sonic.\nKirpi Sonic!	
event01_66	Very well then, Sonic.	Understood, Sonic!	わかりました　ソニック	Ya veo.\nConque Sonic...	Слушаюсь, Соник.	Nun gut, Sonic.	Molto bene, Sonic.	Dåså, Sonic.	Muito bem, Sonic.	Entendido, Sonic...	W porządku więc, Sonic.	知道了，索尼克。	Pekala o zaman, Sonic!	
event01_67	...The legendary hedgehog.		…伝説のハリネズミ	...El legendario erizo.	...легендарный ёж.	...Der legendäre Igel.	...Il riccio leggendario.	...Den legendariska igelkotten.	...O Lendário Ouriço...	...el Erizo... de la leyenda.	... Legendarny jeżu.	……傳說中的刺蝟。	...Efsanevi kirpi.	
event01_68	Here we go!\nInto the world of the Arabian Nights!	Now then, let us go into\nthe world of the Arabian Nights!	ではいきますよ！\nアラビアンナイトの世界へ	¡Dirijámonos al mundo de Las mil y una noches!	Итак, отправляемся в мир\n"""Тысячи и одной ночи"""!	Auf geht's! In die Welt von\nTausendundeine Nacht!	Adesso, andiamo nel\nmondo delle Mille e una Notte!	Nu kör vi!\nIn i Tusen och en Natts värld!	Vamos lá! Para o mundo das Mil e uma Noites!	Hora de partir...\n¡al mundo de """Las mil y una noches"""!	Dobrze więc!\nDo świata Arabskich Nocy!	走囉！進入天方夜譚的世界！	İşte gidiyoruz!\nBinbir Gece Masalları dünyasına!	
event01_69	OK!	OK.	ＯＫ	¡Vale!	Отлично!	OK!	OK!	OK!	Ok!	Okey.	Okej!	OK！	TAMAM!	
event01_70	Now THIS is first-class!	First-class, please!	ファーストクラスでたのむぜ！	¡Llévame en primera clase!	Первым классом, пожалуйста!	Na, das nenn' ich doch\nmal """Business-Class"""!	Questa si che è prima classe!	Nu DETTA är förstklassigt!	Isso sim é primeira classe!	¡Esto sí es primera clase!	No, i TO jest pierwsza klasa!	這才叫頭等艙嘛！	İşte BU birinci sınıf!	
event01_71	Here we go!!		Ｈｅｒｅ　Ｗｅ　Ｇｏ！！	¡¡Allá vamos!!	Ну, вперёд!	Ab die Post!!	Andiamo!!	Nu kör vi!!	Vamos nessa!	¡Aquí vamos!	Lecimy!	我們走！	İşte gidiyoruz!	
														
event02_name	Erazor Appears	The World's Reaper and the One Who is Written	世界を刈りとる者と書きこまれた者	Aparece Erazor	Тот, кто стирает мир,\nи тот, кого в него вписали.	Erazor erscheint	Appare Erazor	Erazor Dyker Upp	Erazor Surge	El segador del mundo y aquel del que se escribió	Erazor Nadchodzi	伊萊薩登場	Erazor Görünüyor	Erazor apparait !
event02_1	Okay, so who's this guy who's trying\nto make the world disappear again?	Who's this guy trying\nto erase this world, again?	この世界を消そうとしているヤツ\nだれだっけ…	¿Quién dijiste que era el tipo que\nquiere borrar este mundo?	А тот, кто пытается стереть этот мир...\nКак там его?	Okay, also wer ist nochmal der Kerl,\nder diese Welt auslöschen will?	Okay, quindi chi è questo tipo che sta cercando\ndi far scomparire il mondo?	Okej, så vem är den här killen som försöker\nfå världen att försvinna igen?	Beleza, quem é esse cara que tá tentando \nfazer o mundo desaparecer mesmo?	¿Y quién es el que está intentando borrar este mundo?	Dobra, więc kim był ten gościu\nco chciał wymazać świat?	所以你說要消滅這個世界的傢伙叫什麼來著？	Peki, dünyayı tekrar yok etmeye çalışan bu adam kim?	
event02_2	You mean the Erazor Djinn?	You mean Erazor Djinn?	イレイザー・ジンのことですか？	¿Preguntas por Erazor el Yinn?	Ты об Эрейзоре Джинне?	Du meinst... den Erazor Djinn?	Intendi Erazor Djinn?	Menar du Erazor Djinn?	Você quer dizer o Erazor Djinn?	¿Hablas de Erazor, el Genio?	Masz na myśli Erazora Dżina?	你是說伊萊薩嗎？	Erazor Cini mi kastediyorsun?	
event02_3	Yeah, that's right.\nCan you take me to him?	Yeah. Take me to where he is.	そう　ソイツのところまで\nこのまま運んでくれ	Sí, ese.\nLlévame hasta él.	Да. В общем, доставь меня прямо к нему.	Ja, genau den.\nKannst du mich zu ihm bringen?	Si, esatto.\nPuoi portarmi da lui?	Ja, det stämmer.\nKan du ta mig till honom?	É, isso mesmo. \nVocê pode me levar até ele?	Ese mero. Llévame a dónde se encuentra.	Ta, dokładnie.\nMożesz mnie do niego zabrać?	對，就是他。你能帶我去找他嗎？	Evet, doğru.\nBeni ona götürebilir misin?	
event02_4	There is no need.	...Seems like there's no need\nto worry about that.	…その心配は無用のようです	...Parece que no será necesario.	В этом нет особой необходимости.	Das ist gar nicht nötig...	Non ce n'è bisogno.	Det behövs inte.	Não será necessário.	Parece que eso no será necesario.	Nie ma takiej potrzeby.	沒有那個必要。	Gerek yok.	
event02_5	Whaddya mean?	Come again?	なんだって?	¿Qué quieres decir?	В смысле?	Was meinst du?	In che senso?	Vad menar du?	Como assim?	¿Cómo dices?	W sensie...?	什麼意思？	Ne demek istiyorsun?	
event02_6	He's here!!	He's here!	きました！！	¡Ha venido hasta aquí!	Он здесь!	Er ist hier!!	È qui!	Han är här!!	Ele está aqui!!	¡Está aquí!	Jest tutaj!	他來了！！	O burada!!	
event02_7	What's that all about...\nTalk about close shaves...	Well, well! Perfect timing for a shave, huh?	オイオイ\nひげそりなら間にあってるんだよ	¡Oye! Si querías afeitarme la barba,\nque sepas que no hace falta.	Эй-эй, вообще-то я сегодня уже брился!	Was geht denn jetzt ab?!\nDas nenne ich mal haarscharf...	Qual'è il suo problema? Per un pelo...	Vad va det...\nSnacka om nära ögat...	O que foi isso? \nQuer cortar o meu barato?	¡Oye, esa sí que es una navaja!	No co jest...\nnie prosiłem się o fryzjera...	搞什麼啊……\n差點就被刮傷了……	Bu da neyin nesi...\nUcuz atlattık resmen...	
event02_8	Maybe you know where I could get\nmy quills sharpened, too?	It'd be great if you can sharpen my quills too...	トゲそりなら　なおのこと…	Aún menos si era por las púas...	И иглы наточить тоже успел...	Hast du eine Ahnung, wo ich auch\nmeine Stacheln geschärft kriege?!	Magari sai anche dove posso\nfarmi affilare gli aculei?	Kanske vet du var jag kan få\nmina taggar skärpta också?	Sabe dizer onde posso afiar meus espinhos?	¡Aún no me toca corte de púas!	Ale może wiesz gdzie mógłbym\nnaostrzyć swoje kolce?	你知道哪邊有好地方\n可以讓我削尖背刺嗎？	Belki kalemlerimi nerede\nbiletebileceğimi de biliyorsundur?	
event02_9	Sonic!\nThat's him!		ソニック！\nカレです…	¡Sonic! Es él...	Соник! Это он...	Sonic!\nDas ist er!	Sonic!\nÈ lui!	Sonic!\nDet är han!	Sonic!\nÉ ele!	¡Sonic! Es él...	Sonic! To on!	索尼克！就是他！	Sonic!\nBu o!	
event02_10	He's the evil spirit who is striking\nthe words of our world from the pages!	The genie erasing the words from this world\nand reaping the story's pages!	この世界から文字を消しさり\n物語のページを刈りとるマジン！	¡El genio que se está deshaciendo de las letras\nde las historias de este mundo!	Злой дух, стирающий буквы\nи поглощающий силу книги!	Das ist der bösartige Geist, der die Worte\naller Welten aus den Seiten entfernt!	Lui è lo spirito malvagio che sta attaccando\nle parole del nostro mondo da dentro le pagine!	Han är den onda anden som slår\nut vår världs ord från sidorna!	Ele é o espirito maligno que está\napagando as palavras das paginas do nosso mundo!	¡El majin que borra las letras de este mundo\ny arranca las páginas de sus historias!	On jest złym duchem który atakuje\nsłowa ze stron naszego świata!	把文字從這世界抹除的邪惡精靈就是他！	O, dünyamızın kelimelerini\nsayfalardan silen kötü ruh!	
event02_11	You...you must be that blue rat that\njust got added to the story...	So, is it you...?\nThe blue rat who was just added to the story...	お前か…　物語に書きこまれた\nあらたな青いネズミとやらは…	Hum... Así que esa tal """rata azul""" que se\nha añadido a la historia... eres tú.	А ты, значит, та самая синяя крыса,\nкоторую добавили в эту книгу?	Du...! Du musst diese blaue Ratte sein, die\nso eben der Geschichte hinzugefügt wurde.	Tu...tu devi essere quel ratto blu che\nè appena stato aggiunto alla storia...	Du...du måste vara den där blå råttan som\njust lades till i berättelsen...	Você... você deve ser aquele rato azul\nque foi adicionado à história...	Tú... Eres esa rata azul que acaba de añadirse a la historia.	Ty... Ty musisz być tym niebieskim szczurem\nktórego dodano do powieści...	你……你就是那隻剛被加入故事內的藍色老鼠吧……	Sen... sen hikayeye yeni eklenen o\nmavi fare olmalısın...	
event02_12	Don't you know anything?	Can't you see?	みてわかるだろ？	¿Tú estás ciego?	Ты слепой, что ли?	Lebst du etwa hinter'm Mond?!	Non sai proprio nulla?	Vet du ingenting?	Você é cego ou o quê?	¿Necesitas lentes o qué?	Ślepy jesteś?	看就知道了吧？	Hiçbir şey bilmiyor musun?	
event02_13	I'm not a rat!\nI'm a hedgehog.	I'm not a rat. I'm a hedgehog.	ネズミじゃない\nハリネズミだ	No soy una rata. ¡Soy un erizo!	Я не крыса!\nЯ ёж!	Ich bin keine Ratte!\nSondern ein Igel!	Non sono un ratto!\nSono un riccio.	Jag är inte en råtta!\nJag är en igelkott.	Eu não sou um rato!\nSou um ouriço.	¡No soy una rata!\n¡Soy un erizo!	Nie jestem szczurem!\nJestem jeżem.	我是刺蝟！才不是什麼老鼠！	Ben bir fare değilim!\nBen bir kirpiyim.	
event02_14	Ahaha!\nI am Erazor Djinn!	Heheheh. My name is Erazor Djinn.	ふふふ\nわが名は　イレイザー・ジン	Je, je, je.\n¡Me llamo Erazor el Yinn!	Ха-ха-ха!\nМеня зовут Эрейзор Джинн.	Ahaha!\nIch bin Erazor Djinn!	Ahaha!\nIo sono Erazor Djinn!	Ahaha!\nJag är Erazor Djinn!	Ahaha!\nEu me chamo Erazor Djinn!	Ja, ja, ja, ja, ja... Soy Erazor, el Genio.	Ahaha!\nZwą mnie Erazor Dżin!	啊哈哈！\n我的名字是精靈伊萊薩！	Ahaha!\nBen Erazor Cin!	
event02_15	I am the one who shall carve up\nthis world as I see fit.	The one who reaps this world.	この世界を刈りとる者	Soy aquel que siega este mundo.	И я собираюсь поглотить этот мир.	Ich werde diese Welt so zerstückeln,\nwie ich es für richtig halte!	Sono colui che scolpirà questo mondo\na mio piacimento.	Jag är den som ska skära upp\nden här världen hur jag än vill.	Sou eu quem irá ceifar\neste mundo como bem entender.	Segador de este mundo.	Ja będę tym, który wyrzeżbi ten świat\nw sposób jaki tylko zechcę.	即將消滅這個世界的人，\n就是我。	Bu dünyayı dilediğim gibi\nşekillendirecek olan benim.	
event02_16	Yeah...well if you're going to do that,	Stop it.	よせよ	¡Espera!	Не стоит.	Tja, nun... Schön für dich.	Si...beh se lo devi fare,	Ja... nå om du ska göra det,	É… bom, se você vai fazer isso,	Basta ya.	Jasne... cóż,\njeśli już nie zmienisz zdania,	嗯……既然你要這麼做，	Evet... madem öyle yapacaksın,	
event02_17	Can you at least wait until\nI'm done reading it, first?	If you're gonna do it,\ndo it after I finish reading.	やるなら\nオレが読みおわってからにしろって	Si te vas a deshacer de este mundo,\n¿no podrías esperar a que acabe de leerlo?	Хотя ладно, но дай я сначала всё дочитаю.	Aber könntest du damit noch warten,\nbis ich fertig mit Lesen bin?	Puoi almeno aspettare\nfino a che non ho finito di leggere?	Kan du åtminstone vänta tills\njag har läst klart den först?	Dá pra pelo menos esperar eu terminar de ler o livro?	Espérame a que termine de leerlo.	Możesz najpierw poczekać\naż skończe czytać?	那你可以至少先等我讀完嗎？	En azından ben okumayı bitirene\nkadar bekleyebilir misiniz? 	
event02_18	Sonic...		ソニック…	Sonic...	...Соник.	Sonic...	Sonic...	Sonic...	Sonic...	Sonic...	Sonic...	索尼克……	Sonic...	
event02_19	One hundred of the One Thousand	From the One Thousand and One Nights,	すでに　千夜一夜の	Ya he cosechado las letras de	Я уже стёр буквы из ста ночей	Einhundert der Tausendundeinen Nacht	Cento delle Mille e una Notte	Ett hundra av de Ett Tusen	Cem das Mil	¡Ya coseché cien noches	Sto z Tysiąca	天方夜譚的一百個故事	Bin kişiden yüzü	
event02_20	and One Nights have already\nbeen wiped clean!	The words of One Hundred Nights\nhave already been harvested.	百夜ほど文字を刈りとった	cien noches de entre mil y una.	в книге """Тысяча и одна ночь""".	wurden bereits vollständig ausradiert.	sono già\nstate completamente ripulite!	och En Natt har redan\nblivit utraderade!	e Uma noites já foram apagadas!	de """Las mil y una noches"""!	i Jednej Nocy już zostały\nwymazane!	已經被我消滅了！	ve Tek Gecelik oyunlar çoktan silindi!	
event02_21	And soon, the rest shall join them,\nnight by night.	And I will continue harvesting \nthe remaining stories.	これから　徐々に\n残りの話もすべて刈らせてもらう	Es solo cuestión de tiempo que desaparezcan\ntodas las historias que quedan.	И я продолжу своё дело, пока не сотру\nвсё, до последней буквы.	Und der Rest wird sich ihnen anschließen,\nNacht für Nacht!	E presto, il resto si unirà ad esse,\nnotte a notte!	Och snart, ska resten gå med dem,\nnatt efter natt.	E em breve, as demais se juntarão a elas,\nnoite após noite.	Poco a poco cosecharé el resto de los cuentos.	A niebawem, reszta dołączy do nich,\nnoc po nocy.	很快地，剩餘的故事也會加入它們的行列，\n一夜接著一夜。	Ve çok geçmeden, geri kalanlar da\nonlara katılacak, gece gece.	
event02_22	And then, with the seven World Rings...	After that, I just need the seven World Rings...	あとは　7つの「世界リング」が\nあれば…	Luego, cuando me haga con los\nsiete Anillos Secretos...	Мне необходимо заполучить\nсемь Мировых колец...	Und schließlich,\nwerde ich mit den sieben Weltenringen...	E poi, con i sette Anelli Mondiali...	Och sedan, med de sju Världsringarna...	E então, com os sete Anéis do Mundo...	Solo me falta encontrar los siete Anillos mundiales.	Wtedy...\nZ Siedmioma Pierścieniami Świata...	然後，只要有了那七枚「世界戒指」……	Ve sonra, yedi Dünya Yüzüğü ile...	
event02_23	Seven World Rings?		7つの世界リング?	¿Los siete Anillos Secretos?	Семь Мировых колец?	Mit den sieben Weltenringen?	Sette Anelli Mondiali?	Sju Världsringar?	Sete Anéis do Mundo?	¿Siete Anillos mundiales?	Siedem Pierścieni Świata?	七枚世界戒指？	Yedi Dünya Yüzüğü mü?	
event02_24	You have gathered the seven World\nRings for me, have you not,	Were you not gathering\nthe seven world rings for me?	7つの世界リングをワタシのために\n集めているのではなかったのかな？	¿No se supone que los estabas\nreuniendo por mí,	И эти Мировые кольца...\nдолжна была собрать для меня ты...	Du hast doch bestimmt die sieben\nWeltenringe für mich beschafft,	Hai raccolto tutti i sette Anelli Mondiali,\nnon è vero,	Du har samlat de sju Världsringarna\nåt mig, eller hur,	Você reuniu os sete Anéis do Mundo\npara mim, não é mesmo,	Shahra...	Zebrałaś już dla mnie\nSiedem Pierścieni Świata, zgadza się	你還沒為我收集齊全世界戒指嗎？	Yedi Dünya Yüzüğünü benim için topladın, değil mi	
event02_25	Shahra, my dear?	Shahra?	シャーラ	Shara?	Не так ли, Шахра?	oder etwa nicht, Shahra, meine Liebe?	Shahra, mia cara?	Shahra, min kära?	Shahra, minha querida?	¿No se supone que estabas reuniendo\nlos siete Anillos mundiales para mí?	Shahra, moja droga?	我親愛的夏拉？	Shahra, canım?	
event02_26	Are you still going on about that?	Are you still asking about that?	まだ　いっているの？	¿Aún sigues con eso?	Сколько можно повторять?	Beschäftigt dich das etwa immer noch?	Sei ancora fissato su quello?	Pratar du fortfarande om det där?	Você ainda está falando disso?	¿Sigues con eso?	Dalej o tym bredzisz?	你還在糾結那件事嗎？	Hâlâ bundan mı bahsediyorsun?	
event02_27	I told you, those things don't even exist!	Those things don't exist in this world,	そんなものはこの世界には　ないし	Ni siquiera existe tal cosa\nen este mundo y, 	В этом мире их не существует.	Wie gesagt, diese Ringe existieren nicht einmal!	Te l'ho detto, quei cosi non esistono nemmeno!	Jag sa ju, de där sakerna existerar inte ens!	Eu já te disse, essas coisas nem existem!	¡No existen tales cosas en este mundo,	Mówiłam Ci,\nte Pierścienie nawet nie istnieją!	我告訴過你了，\n那些東西根本不存在！	Sana söylemiştim, o şeyler zaten yok!	
event02_28	And even if they did, I'd never give them to you!		あっても　あなたには渡さないわ	aunque lo hiciera,\n¡jamás te los daría!	А будь иначе, я бы тебе их не отдала!	Und selbst wenn sie es täten,\nwürde ich sie dir niemals geben!	E anche se esistessero, non li darei mai a te!	Och även om de gjorde det, skulle jag aldrig ge dem till dig!	E mesmo que existissem, eu nunca os daria a você!	y aunque existieran, no te las daría!	A jeśli by istniały,\ni tak bym Ci ich nie dała!	就算它們真的存在，\n我也不會把它們給你！	Ve öyle olsalar bile, onları asla sana vermezdim!	
event02_29	Oh? Wouldn't you, though?	You don't truly mean that, do you?	それは　本心ではあるまいな?	En realidad no piensas eso...\n¿Verdad?	Мне кажется, что ты обманываешь меня.	Oh? Würdest du also nicht?	Oh, non lo faresti, eh?	Oh? Skulle du inte det?	Oh? Será mesmo, é?	No creo que realmente pienses eso.	Hm? Jesteś tego pewna?	喔？你確定嗎？	Öyle mi? Ama sen de öyle yapmaz mıydın?	
event02_30	...		…	...	...	...	...	...	...	...	...	……	...	
event02_31	I suppose a suitable punishment is in order, then...	Looks like a suitable punishment is in order...	どうやら　相応の罰が必死のようか…	Parece ser que he de castigarte\ndebidamente...	Похоже, тебя стоит наказать за твою ложь.	Ich schätze, dann ist wohl eine\npassende Strafe angebracht...	Suppongo che è necessaria una punizione adeguata, allora...	Jag antar att ett lämpligt straff är på sin plats, då...	Então creio que um castigo adequado será necessário…	Parece que te corresponde un castigo adecuado...	W takim razie należy się\nwydanie odpowiedniej kary...	我看該給你個適當的處罰了……	O halde uygun bir ceza verilmesi gerekiyor sanırım...	
event02_32	Look out!!	!!	！！	¡Eh!	Ха?!	Pass auf!!	Attento!!	Akta dig!!	Cuidado!!	Uh...	Uważaj!	小心！！	Dikkat et!!	
event02_33	Ugh!	Gwah!	ぐわぁあ	¡Agh!	А-а-а-а!	Ugh!	Ugh!	Ugh!	Ugh!	¡Ugh!	Agh!	啊！	Ugh!	
event02_34	Sonic!		ソニック！	¡¡Sonic!!	Соник!	Sonic!	Sonic!	Sonic!	Sonic!	¡Sonic!	Sonic!	索尼克！	Sonic!	
event02_35	Aha...hahaha. So, this is how\nJudgment is dealt, is it?	Ho...So the Judgement has been dealt to you, has it?	ほう…\n「さばき」はそちらに下ったか	Vaya... Así que la """Flecha del Juicio"""\nse ha clavado en ti.	О-о-о!\nКара настигла тебя, а не её...	Aha...hahaha. So kann ein Urteil\nauch gefällt werden, nicht wahr?	Aha...hahaha. Quindi, è cosi che\nviene emessa la sentenza, non è così?	Aha...hahaha. Det är så här man\ndömer, eller hur?	Aha...hahaha.\nEntão é assim que o castigo foi aplicado, né?	¿Oh? Así que el juicio cayó sobre ti.	Aha... Hahaha.\n Więc, tak wydawany jest wyrok, zgadza się? 	啊哈……哈哈哈，看來這就是\n「制裁」的執行方法呢？	Aha...hahaha. Demek yargılama böyle yapılıyor?	
event02_36	Hmmm. This should be interesting.	Well, that could also be interesting...	まぁ　それも　面白かろう…	Je, también es un resultado interesante...	Но так даже интереснее!	Hmm. Das könnte sich als interessant erweisen.	Hmmm. Dovrebbe essere interessante.	Hmm. Det här borde bli intressant.	Hmmm. Isso será interessante.	Qué interesante.	Hmm...\nTo powinno być interesujące.	哼……這應該會很有趣。	Hım. Bu ilginç olacak gibi görünüyor.	
event02_37	You listening?	Listen up.	いいか？	Presta atención.	Слушай внимательно.	Noch anwesend?	Stai ascoltando?	Lyssnar du?	Está ouvindo?	Escucha.	Słuchasz ty mnie?	聽好沒？	Dinliyor musunuz?	
event02_38	Bring me the seven World Rings before\nthe arrow of flame extinguishes.	Go find the seven World Rings before\nthat flame arrow extinguishes.	その矢の炎が消えるまでに\n7つの世界リングを探してこい	Encuentra por mi los siete Anillos Secretos\nantes de que la llama en tu pecho se extinga.	Принеси мне все семь Мировых колец\nдо того, как погаснет пламя стрелы.	Bring mir die sieben Weltenringe,\nbevor der Flammenpfeil erlischt.	Portami i sette Anelli Mondiali prima\nche la freccia della fiamma si spenga.	Ge mig de sju Världsringarna innan\npilen av flammor slocknar.	Traga-me os sete Anéis do Mundo antes que\na flecha de chamas se apague.	Tráeme los siete Anillos mundiales antes de que se apague la llama de esa flecha.	Przynieś mi wszystkie Pierścienie Świata\nzanim strzała ognia wygaśnie.	在炎之箭矢燒盡之前，\n把七枚世界戒指帶過來給我。	Alev oku sönmeden önce bana yedi Dünya Yüzüğünü getirin.	
event02_39	If you do not...	Otherwise...	でなければ…	De lo contrario...	Иначе...	Tust du es nicht...	Se non lo fai...	Om du inte gör det...	Caso contrário…	Y si fallas...	W innym razie...	辦不到的話……	Eğer yapmazsanız...	
event02_40	!?		！？	¿¡Hum!?	?!	?!	!?	!?	!?	Ugh...	!?	！？	!?	
event02_41	...your life is forfeit.		お前の命はない	...pagarás con tu vida.	Ты встретишь свою смерть.	...ist dein Leben verwirkt.	...la tua vita arriverà alla sua fine.	...är ditt liv är förverkat.	...sua vida estará perdida.	...tu vida acabará.	... oddasz mi swoje życie.	……小心你的小命不保。	...hayatınız tehlikede.	
event02_42	Next, I think I shall collect\nthe life of King Shahryar...	Next, I shall harvest\nthe life of King Shahryar...	さて次は　シャフリヤール王の命\n刈らせてもらおう…	Dicho eso, ahora es menester cosechar\nla vida del sultán Shahriar...	А сейчас... я пойду и заберу жизнь\nцаря Шахрияра!	Ich denke, als Nächstes lösche ich\ndas Leben von König Shahryar aus.	Ora, penso che dovrei collezzionare\nla vita del Re Shahryar...	Härnäst, tror jag att jag ska samla\nKung Shahryars liv...	Agora, acho que irei tomar\na vida do Rei Xariar...	Ahora, iré a cosechar la vida del sultán Shahriar.	Teraz, sądzę, że odbiorę\nżycie Królowi Shahryarowi...	接下來，我想我該去奪走山魯亞爾國王的性命了……	Sonraki adımda, Kral Şahryar'ın\nhayatını almayı düşünüyorum...	
event02_43	The king is the creator of\nthe Arabian Nights		王はアラビアンナイトの創造主	¡El rey es el creador de\nLas mil y una noches	Ох... Этот царь написал\n"""Тысячу и одну ночь""",	Der König ist der Schöpfer von\nTausendundeine Nacht	Il Re è il creatore delle\nMille e una Notte	Kungen är skaparen av\nTusen och en Natt	O rei é o criador das\nMil e Uma Noites	El sultán creó """Las mil y una noches""".	Król jest twórcą Arabskich Nocy	國王是天方夜譚的作者，	Binbir Gece Masalları'nın\nyaratıcısı kraldır	
event02_44	and the main character of the story!	And the central figure of this world!	この世界の中心人物です！！	y la figura central de este mundo!	а он ключевой герой этого мира!	und der Hauptcharakter in der Geschichte!	e il personaggio principale della storia!	och huvudpersonen i berättelsen!	e o personagem principal da história!	¡Es la figura central de este mundo!	Oraz główną postacią opowieści!	也是這個故事的主角！	ve hikayenin baş karakteri!	
event02_45	With my speed, we'll just have to\nmake sure we get to him first!	He wants to challenge my speed?\nHe's got some nerve. I'll show him!	このオレとスピード勝負かい！\nいい度胸だ！　抜いてやるぜ！	¿Me está retando a una carrera?\n¡Hay que tener agallas! ¡Morderá el polvo!	Решил погоняться со мной, значит?\nКаков храбрец! Я ему покажу!	Mit meinem Speed müssen wir einfach\nvor Erazor bei ihm ankommen!	Con la mia velocità, dobbiamo solo\nassicurarci che arriviamo da lui prima noi!	Med min fart, måste vi bara se till att\nvi kommer till honom först!	Com a minha velocidade, só precisamos garantir\nque chegaremos até ele primeiro!	¿Quiere competir contra mí?\nMira nada más. ¡Se arrepentirá!	Z moją prędkością musimy się tylko martwić\nnad dojściem do niego pierwsi!	以我的速度，\n我們得確保在他抵達之前先找到他！	Benim hızımla, ona ilk biz\nulaşmamız gerekecek!	
														
event03_name	The King is Found!	The King in the Jar and the Spiky Blue	ツボのなかの国王と青いトゲトゲ	El Sultán en el Jarrón	Царь из кувшина\nи синий с шипами!	Der König ist gefunden!	Il Re è stato Rirovato!	Kungen är Hittad!	O Rei é Encontrado!	El sultán en el jarrón y el espinoso azul	Król Odnaleziony!	發現國王！	Kral Bulundu!	
event03_1	Where is he?\nAre we too late?	Did he beat us here? Ha, no way.	先をこされた？\nハン　まさかな？	¿Se nos habrá adelantado?\n¡Ja, ni en sueños!	Мы что, опоздали?\nХа, да быть не может!	Wo ist er?\nSind wir zu spät?	Dov'è?\nSiamo arrivati troppo tardi?	Vart är han?\nÄr vi för sena?	Cadê ele?\nChegamos tarde demais?	¿Me ganó? Nah, no creo.	I gdzie on jest?\nNie ma mowy że się spóżniliśmy.	他在哪裡？\n不會來晚了吧？	O nerede?\nÇok mu geç kaldık?	
event03_2	!?		！？	¿¡Eh!?	?!	?!	?!	!?	!?	¡¿?!	!?	！？	!?	
event03_3	What's Dr. Eggman doing here?!	Why's Dr. Eggman here...?	なんで　Ｄｒ．エッグマンが…	¿Que pinta aquí el Doctor Eggman?	Откуда здесь Доктор Эггман?	Was hat Dr. Eggman hier verloren?!	Che ci fa il Dottor. Eggman qui?!	Vad gör Dr. Eggman här?!	O que o Dr. Eggman tá fazendo aqui?!	¡Tenía que ser el Dr. Eggman!	Co tu robi Dr. Eggman?!	為什麼蛋頭博士在這裡……？	Dr. Eggman burada ne yapıyor?!	
event03_4	Aha! I knew it! This is all another\none of your schemes!	Hahah, so this is your doing again, huh?	ハハーン　今度もお前のしわざって\nわけかい！！	¡Aja! Así que estabas detrás de\nesto una vez más, ¿eh?	Ха-ха, куда ж без твоих делишек?	Aha! Wusste ich's doch!\nDas ist nur wieder eine deiner garstigen Gaunereien!	Aha! Lo sapevo! Questo è solo un'altro\ndei tuoi schemi!	Aha! Jag visste det! Det här är bara ytterligare\nen av dina planer!	Aha! Eu sabia! Isso tudo é\nmais um dos seus planos!	Ajá. Así que este es otro de tus planes.	Aha! No tak!\nTo wszystko to jeden z twoich planów!	啊哈，我就知道這次又是你幹的對吧！	Aha! Biliyordum! Bu da senin\nbaşka bir oyununmuş!	
event03_5	What is the meaning of this?\nI am Shahryar, king of this land!		なんのことじゃ！　ワシは\nこの国の王シャフリャールじゃぞ！	¿¡De que diantres habláis!?\n¡Yo soy Shahriar, sultán de estas tierras!	О чём это ты?\nЯ царь этой страны, царь Шахрияр!	Was hat das zu bedeuten?\nIch bin Shahryar, und König dieser Lande!	Che cosa significa?\nIo sono Shahryar, Re di questa terra!	Vad betyder detta?\nJag är Shahryar, kung av detta land!	Do que você está falando?\nEu sou Xariar, o rei desta terra!	¡Q-Q-Qué sinsentido! ¡Yo soy Shahriar,\nel sultán que gobierna estas tierras!	Co to ma znaczyć?\nJestem Shahryar, królem tej ziemi!	你在說什麼！我可是統治這個國家的\n山魯亞爾國王！	Bu da ne demek oluyor?\nBen Shahryar, bu ülkenin kralı!	
event03_6	Eggman, what are you up to this time?		…エッグマン　今度は　いったい\n何を　たくらんで…	...Eggman, ¿a qué viene todo esto?	Эггман, что ты замышляешь на этот...	Eggman, was brütest du diesmal aus?	Eggman, cosa hai intenzione di fare stavolta?	Eggman, vad håller du på med den här gången?	Eggman, o que você tá aprontando dessa vez?	Eggman, ¿qué quieres ahora, peló–?	Eggman, co ty znowu knujesz?	蛋頭博士，你這次又想幹嘛了？	Eggman, bu sefer neyin peşindesin?	
event03_7	Sonic, wait!\nYou're making a mistake!	Wait, Sonic!	まってソニック！	¡Espera, Sonic!	Соник, подожди!\nИменно его мы и искали!	Sonic, warte!\nHier liegt ein Irrtum vor!	Sonic, aspetta!\nStai facendo uno sbaglio!	Sonic, vänta!\nDu gör ett misstag!	Sonic, espera!\nVocê está se confundindo!	¡Espera, Sonic! ¡Este hombre es quien dice!	Sonic, zaczekaj!\nTo jakaś pomyłka!	索尼克，等等！	Sonic, bekle!\nBir hata yapıyorsun!	
event03_8	This is him.\nThis is King Shahryar!	This is King Shahryar,\nthe person we've been looking for!	その人は本物　私たちの\n探していたシャフリヤール王よ！	¡Es cierto! ¡Él es el sultán Shahriar,\nel que estábamos buscando!	Он - настоящий царь Шахрияр!	Das ist er.\nDas ist König Shahryar!	È lui.\nLui è il Re Shahryar!	Det här är han.\nDet här är Kung Shahryar!	É ele.\nEsse é o Rei Xariar!	¡Es el sultán Shahriar que estamos buscando!	To jest on.\nTo jest Król Shahryar!	這就是他本人啊，他就是我們在找的國王喔！	Bu o.\nBu Kral Shahryar!	
event03_9	Really?!	Really?	Ｒｅａｌｌｙ？	¿¿En serio??	Серьёзно?!	Echt jetzt?!	Sul serio?!	Verkligen?!	Sério?!	¡¿En serio?!	Serio?!	Really？！	Gerçekten mi?	
event03_10	Such insolence! Guards!\nSeize this blue spiky thing at once!	What insolence!\nGrr, somebody arrest this blue spiky thing!	なんたる無礼なヤツじゃ！　ええい誰か\nこの青いトゲトゲをひっとらえい！	¡Mocoso insolente! ¡Que alguien arreste\na ese bichejo azul y pinchudo!	Какой грубиян! Эй, кто-нибудь,\nсхватите этого синего с иголками!	Welch Unverfrorenheit! Wachen!\nErgreift dieses blaue Nadelkissen auf der Stelle!	Che insolenza! Guardie!\nCatturate subito questa cosa spinosa e blu!	Vilken oförskämdhet! Vakter!\nGrip den här blåa taggiga saken omedelbart!	Quanta insolência! Guardas!\nPrendam essa coisa azul espinhosa imediatamente!	¡Vaya insolente!\n¡Alguien agarre a este espinoso azul!	Cóż za bezczelność! Straż!\nŁapcie to kolczaste coś, natychmiast!	真是個無禮之徒！誰快來逮捕這隻藍色刺刺的傢伙！	Ne küstahlık! Muhafızlar!\nŞu mavi dikenli şeyi hemen yakalayın!	
event03_11	Where are your men, Your Highness?	Your Highness, where are your servants?	王様　つかいのものたちは？	Majestad,\n¿dónde están sus subordinados?	Ваше Величество, а где ваша прислуга?	Wo sind Eure Männer, Eure Hoheit?	Dove si trovano i vostri servitori, Vostra Altezza?	Var är era män, Ers Höghet?	Onde estão os seus homens, Vossa Alteza?	Majestad, ¿y su gente?	Wasza wysokość, gdzie jest pańska ochrona?	國王陛下，您的手下都去哪了呢？	Majesteleri, adamlarınız nerede?	
event03_12	Oh, that's right...let me explain.	Oh, that's right...	そうじゃった…	Ah, cierto...	Ах, да, точно...	Oh, da war ja was...\nLasst mich erklären.	Ah, giusto... Lascia che ti spieghi.	Oh, just det... låt mig förklara.	Ah, verdade... deixe-me explicar.	Cierto.	Ah, racja. Pozwól, że wyjaśnię.	啊，對了……	Ha, doğru ya... açıklayayım.	
event03_13	When the evil spirits appeared out\nof nowhere, everyone turned and ran.	Some ferocious genies suddenly appeared\nin the castle and took everybody away.	突然　城下に凶暴なマジン共があらわれて\nみな　連れさられてしもうたのじゃ	Unos espíritus malignos aparecieron repentinamente en\nla ciudad e hicieron desaparecer a todo el mundo.	Неожиданно во дворец ворвались\nзлые духи. Они похитили всех,	Als die bösen Geister wie aus dem Nichts auftauchten,\nhaben sich alle aus dem Staub gemacht.	Quando gli spiriti malvagi sono apparsi\ndal nulla, tutti sono subito scappati.	När de onda andarna dök upp\nfrån ingenstans, vände sig alla om och sprang.	Quando os espíritos malignos surgiram do nada,\ntodos fugiram em pânico.	De pronto, una horda de violentos majin\naparecieron en el palacio y secuestraron a todos.	Gdy złe duchy pojawiły się znikąd,\nwszyscy się wzieli i zwineli.	城裡突然出現了凶暴的精靈，\n然後它們把大家全都抓走了。	Kötü ruhlar birdenbire ortaya\nçıkınca herkes dönüp kaçtı.	
event03_14	And I was stuck having to hide in that jar.	In the spur of the moment, I quickly hid myself in a jar...	ワシはとっさの機転でツボの中に…	Yo reaccioné a tiempo y me\nescondí en un jarrón...	а я блеснул умом и спрятался в кувшин...	Und ich sah mich gezwungen,\nmich in diesem Krug zu verkriechen.	E io mi sono ritrovato costretto\na nascondermi dentro a quel vaso. 	Och jag var tvungen att gömma mig i den burken.	E eu fiquei preso tentando me esconder naquele jarro.	En ese instante me escondí en el jarrón y...	A ja mogłem tylko schować się w tym słoju.	我情急之下靈機一動，躲進了壺中。	Ve ben o kavanozun içinde saklanmak zorunda kaldım.	
event03_15	Noooo!\nHelp meeee!	Waaahh! Help me!	ノワアアー！！\nたすけてくれぃ	¡Aaaaaaaaaaah!\n¡Socorroooooo!	Помогите!	Neeeein!\nZu Hilfe!	Noooo!\nAiutatemi!	Neeej!\nHjälp miiiig!	Nãããooo!\nSocorrooooo!	¡Aaaaah...! ¡Sálvenme...!	Nieeee!\nPomocyyyy!	哇啊啊！！救命啊！	Hayııııır!\nBana yardım ediiiin!	
event03_16	Hmph!		フン…	Je...	Хм...	Hmpf!	Hmph!	Hmph!	Hmph!	¡Je!	Hmpf!	哼……	Hmph!	
event03_17	Well, well.\nGuess it's time for a little action.	Well, well. Things are getting busy again.	やれやれ\n忙しくなってきやがったぜ	Vaya, vaya...\nLa cosa se pone interesante.	Ну и ну, нас ждёт долгое приключение.	Na sowas...\nDann mal ran an den Speck!	Bene, bene.\nSembra sia ora di un'pò d'azione.	Nåväl, nåväl.\nDet är nog dags för lite action.	Ora, ora.\nAcho que tá na hora de entrar em ação.	Jum. ¡Esto se pone interesante!	No no.\nChyba czas na trochę akcji.	真是的，看樣子又有得忙了呢。	Peki, peki.\nSanırım biraz aksiyon alma zamanı.	
														
event04_name	A Grateful Ali-Baba	The Skillful Ali-Baba	器用なアリババ	El Ingenioso Alí Babá	Ловкий Али-Баба.	Dankbarer Ali-Baba	l'Abile Ali-Baba	En Tacksam Ali-Baba	O habilidoso Ali Babá	El astuto Alí Babá	Wdzięczny Ali-Baba	感激的阿里巴巴	Minnettar Ali-Baba	
event04_1	Oh, thank you!\nI thought I was done for!	Thank you! You saved me!	ありがとう！\n助かったよ！	¡Gracias!\n¡Me has salvado!	Спасибо!\nТы спас меня!	Vielen Dank!\nIch dachte schon, das war's!	Oh, grazie mille!\nPensavo di essere spacciato!	Åh, tack!\nJag trodde jag var dödens!	Ah, obrigado!\nPensei que seria o meu fim!	¡Gracias! Me salvó.	Oh, dziękuje Ci!\nMyślałem, że już po mnie!	謝謝你！我以為我要沒命了！	Oh, teşekkürler!\nİşimin bittiğini düşünmüştüm!	
event04_2	Tails!\nWhat are you doing here, too?	Tails! You came here too!?	テイルス！\nお前もこっちに来てたのか！	¡Tails!\n¿Tú también por aquí?	Тейлз!\nИ ты здесь оказался?	Tails!\nHängst du hier etwa auch ab?	Tails!\nChe ci fai qui, tu?	Tails!\nVad gör du också här?	Tails!\nO que você está fazendo aqui também?	¡Tails!\n¿También estás aquí?	Tails!\nTy też tu jesteś?	塔爾斯！你怎麼也在這裡？	Tails!\nSende burada ne arıyorsun?	
event04_3	...Tails?		…テイルス？	¿...Tails?	...Тейлз?	...Tails?	...Tails?	...Tails?	...Tails?	¿...Tails?	... Tails?	……塔爾斯？	...Tails?	
event04_4	My...my name is Ali Baba.	My name is Ali Baba...	ボクの名前は\n「アリババ」っていうんだけど…	Pero si yo me llamo Alí Babá...	Я не Тейлз. Меня зовут Али-Баба.	Mein... Mein Name ist Ali Baba.	Il...il mio nome è Ali-Baba.	Mitt... mitt namn är Ali Baba.	Meu... meu nome é Ali Babá.	Verá, me llamo Alí Babá.	Ja... Ja nazywam się Ali Baba...	我……我的名字是「阿里巴巴」。	Benim...benim ismim Ali Baba.	
event04_5	Come on, Tails!\nI know it's you!	Come on! Not you too!	Ｃｏｍｅ　ｏｎ！\nお前もかよ！	¡Venga ya!\n¿Tu con el mismo rollo?	Что? И ты туда же?	Ach, komm schon, Tails!\nIch weiß, dass du es bist!	Eddai, Tails!\nSo che sei tu!	Kom igen, Tails!\nJag vet att det är du!	Qual é Tails!\nEu sei que é você!	Ay, vamos, ¡¿tú también?!	No weż Tails!\nWiem że to ty!	Come on，塔爾斯！\n我知道就是你啊！	Hadi ama, Tails!\nSen olduğunu biliyorum!	
event04_6	I'm very sorry.	I am sorry.	ごめんなさい	Has de perdonarnos.	Извините...	Verzeihung.	Sono molto dispiaciuto.	Jag är väldigt ledsen.	Eu sinto muito.	Lo lamento.	Naprawdę przepraszam.	我很抱歉。	Çok üzgünüm.	
event04_7	He seems to have you mistaken\nfor someone else.	It looks like we mistook you for someone else...	なんだか人違いみたいで…	Por algún motivo, lo ha confundido\ncon otra persona...	Он вас с кем-то спутал.	Er scheint euch mit jemandem verwechselt zu haben.	Sembra averti confuso con qualcun'altro.	Han verkar ha misstagit dig\nför någon annan.	Parece que ele te confundiu\ncom outra pessoa.	Parece que te confundió con alguien más.	Musiał Cię pomylić z kimś innym.	看來他把你誤認成別人了。	Seni başka biriyle karıştırmış\ngibi görünüyor.	
event04_8	Oh, it's okay! I'm still very grateful\nthat you saved me!	Don't mind it!\nAfter all, I'm only safe thanks to you.	気にしないで！\nおかげで助けて　もらったわけだし	¡No pasa nada! Al fin y al cabo,\nme habéis salvado.	Не беспокойтесь!\nЯ очень рад, что вы меня спасли!	Schon vergessen!\nIch bin trotzdem sehr dankbar für deine Rettung!	Oh, non fa niente! Sono comunque molto\ngrato che tu mi abbia salvato!	Åh, det är okej! Jag är fortfarande väldigt tacksam\natt du räddade mig!	Ah, tudo bem! Ainda sou muito grato\npor ter me salvado!	Descuide. Después de todo, él me salvó.	Ah, nic się nie stało!\nDalej jestem bardzo wdzięczny za uratowanie mnie!	喔，別擔心！\n我還是很感激你救了我一命。	Oh, sorun değil! Beni kurtardığın için\nsana hala minnettarım!	
event04_9	I might not be very strong, but I've still\ngot some tricks up my sleeve.	I may not be very strong,\nbut I'm pretty handy.	ボク　力はナイけど\nこう見えて結構器用なんだ	No soy particularmente fuerte, pero\ndiría que soy bastante perspicaz.	Я хоть и не очень сильный,\nно ловкости мне не занимать.	Und, auch wenn ich nicht der Stärkste bin,\nso habe ich immer ein paar Tricks auf Lager.	Non sono molto forte, ma ho\ncomunque qualche asso nella manica.	Jag kanske inte är särskilt stark, men jag har\nändå några knep i rockärmen.	Posso não ser muito forte, mas ainda tenho\nalguns truques na manga.	No seré fuerte, pero cuento con otras destrezas.	Może nie jestem bardzo silny,\nale wciąż mam parę asów w rękawie.	我的力氣或許不大，但我腦袋裡的錦囊妙計可多了。	Çok güçlü olmayabilirim, ama\nyine de birkaç numaram var.	
event04_10	If you ever need my help in return,	If there's anything I can do to help you,	何か　力に\nなれそうなことがあったら	Si en cualquier momento\npuedo serles de ayuda,	Если вам потребуется какая-нибудь помощь,	Im Gegenzug, bin ich da, falls du mich brauchst.	Se ti servisse mai una mano in cambio,	Om du någonsin behöver min hjälp,	Se precisar da minha ajuda,	Si puedo llegar a serles de ayuda,	Jeśli moge jakoś pomóc,	如果以後你需要我的幫助作為回報，	Eğer bir gün benim yardımım gerekirse,	
event04_11	it would be the least I could do\nto repay you.	Tell me anytime!	いつでも　言ってよね！	¡tan solo háganmelo saber!	обращайтесь ко мне.	Das ist das Mindeste, was ich tun kann.	sarebbe il minimo che potrei fare\nper ripagarti.	så vore det det minsta jag kunde\ngöra för återgälda dig.	seria o minimo que eu poderia fazer\npara lhe retribuir o favor.	siempre cuentan conmigo.	Nalegam, żebyście mi dali znać!	這是我為了報答你最起碼能做到的事情了。	bu, sana olan borcumu ödemek için\nyapabileceğim en az şey olurdu.	
event04_12	Thank you!		ありがとう！	¡Gracias!	Спасибо!	Habt vielen Dank!	Grazie!	Tack!	Obrigado!	¡Gracias!	Dziękuję!	謝謝你！	Teşekkürler!	
event04_13	If something comes up,\nwe'll be sure to call you!	We'll let you know if we need something!	ナニかあったら、お願いね！	Si surge algo,\n¡acudiremos a usted!	Если что, придём к вам!	Sollte etwas sein, werden wir auf dich zurückkommen!	Se succede qualcosa,\nti chiameremo sicuramente!	Om något dyker upp,\nkommer vi garanterat att ringa dig!	Se precisarmos de algo,\ncom certeza vamos te chamar!	¡Le haremos saber si surge algo!	Jeśli coś się stanie,\nzawitamy do Ciebie!	如果發生了什麼事，我們一定會來找你的！	Bir şey çıkarsa, seni\nmutlaka arayacağız!	
														
event05_name	Sand Scorpion Appears		サンド　スコーピオン　登場	Aparece el Escorpión de Arena	Появление песчаного скорпиона.	Der Sand Scorpion erscheint	Appare lo Scorpione di Sabbia	Sandskorpion Dyker Upp	Sand Scorpion Aparece	El Escorpión de la arena aparece	Piaskowy Skorpion Nadchodzi	沙漠巨蠍登場	Kum Akrepi Görünüyor	
event05_1	Sonic, look!	Look, Sonic!	見て！　ソニック！	¡Mira, Sonic!	Смотри, Соник!	Sonic, pass auf!	Sonic, guarda!	Sonic, titta!	Sonic, olha!	¡Mira, Sonic!	Sonic, spójrz!	索尼克，你看！	Sonic, bak!	
event05_2	Whoa! I take it that's not something\nyou see every day, huh?	Hey, who summoned that creepy thing?	おいおい　あんな不気味なもの\nだれが頼んだんだい？	Vaya, vaya... ¿a quién se le ocurrió crear\nun bicho así de siniestro?	Ну и ну, такого страшилу тут никто не ждал.	Ich schätze mal, so was sieht man auch nicht alle Tage, hä?	Woah! Non è proprio qualcosa\nche si vede ogni giorno, eh?	Whoa! Jag antar att det inte är något\nman ser varje dag, va?	Uou! Acho que isso não é algo\nque você vê todo dia, né?	Ah, caray. ¿Quién pidió esa cosa tan asquerosa?	Łoł! Chyba takich rzeczy się\nnie widuje każdego dnia, co?	哇喔！這應該不是什麼每日尋常之物吧？	Vay canına! Sanırım bu her gün\ngördüğünüz bir şey değil, değil mi? 	
event05_3	That must be a monster summoned\nforth by the Erazor Djinn!	That must be...A monster created by Erazor Djinn.	あれは…　イレイザー・ジンが\n生みだした怪物ね	Ese es... un monstruo creado\npor Erazor el Yinn.	Это монстр, которого породил Эрейзор Джинн!	Das muss eines der Monster sein,\ndie der Erazor Djinn heraufbeschworen hat!	Dev'essere uno dei mostri evocati\nda Erazor Djinn!	Det måste vara ett monster som\nframkallats av Erazor Djinn!	Aquele deve ser um monstro invocado pelo Erazor Djinn!	¡Ese es un monstruo creado por Erazor, el Genio!	To musi być jeden z potworów\nprzyzwanych przez Erazora Dżina!	那肯定是被精靈伊萊薩招喚的怪物！	Ahaha!\nBen Erazor Cin!	
event05_4	Shahra! Can't you do something about\nit with your magic?	Shahra, can you do something\nabout it with your magic?	シャーラ　お得意の魔法で\nアレを　なんとかしてくれないか？	Shara, ¿podrías usar tu magia para\nhacer algo contra esta bestia?	Шахра, а твоя магия может\nчто-нибудь с ним сделать?	Shahra! Kannst du dich nicht mit\ndeinem Hokuspokus darum kümmern?	Shahra! Non puoi fare qualcosa\ncon la tua magia?	Shahra! Kan du inte göra något\nåt det med ​​din magi?	Shahra! Você não pode fazer algo\ncom sua magia?	Shahra, ¿hay algo que tu magia\npueda hacer contra esa cosa?	Shahra! Nie możesz czegoś\nz nim zrobić swoją magią?	夏拉！ 你難道不能用魔法解決它嗎？	Şahra! Sihrinle buna bir\nşey yapamaz mısın?	
event05_5	I'm sorry, Sonic.		ごめんなさいソニック	Lo siento, Sonic.	Прости меня, Соник.	Vergib mir, Sonic.	Mi dispiace, Sonic.	Jag är ledsen, Sonic.	Desculpa, Sonic.	Lo lamento, Sonic.	Przykro mi, Sonic.	索尼克，對不起。	Üzgünüm, sonic.	
event05_6	My magic is no match for\nthat of the Erazor Djinn.	His magic is so powerful\nthat there's nothing I can do.	カレの魔法は　とっても強くて\n私には　どうにもできないの	La magia de Erazor es demasiado poderosa.\nNo hay nada que pueda hacer con la mía.	Магия Эрейзора слишком сильна,\nи мне никак не совладать с ней.	Meine Magie ist der des Erazor Djinns nicht gewachsen.	La mia magia non ha paragoni\na quella di Erazor Djinn. 	Min magi är ingen match\nför Erazor-Djinns.	Minha magia não é páreo\npara a de Erazor Djinn.	Su magia es increíblemente poderosa,\nno hay forma de que pueda hacer algo.	Moja magia nie jest na poziomie\nErazora Dżina.	我比不上伊萊薩的法力。	Büyüm, Erazor Cininin büyüsüyle\nboy ölçüşemez.	
event05_7	OK then! Guess I'll just have to\ndeal with him the old-fashioned way!	OK! Here's what we'll do then.\nI'll go give that guy a little kick.	ＯＫ！じゃぁ、こうしようぜ\nオレはアイツを　軽くけとばしてくる　	¡No hay problema!\nYa le doy yo una lección a esa cosa.	Ладно! Тогда поступим так!\nЯ просто легонечко дам ему пинка!	Kein Ding! Dann verpass ich dem Teil\nhalt 'ne Abreibung auf die altmodische Art!	Va bene! Immagino che dovrò\noccuparmene alla vecchia maniera!	Okej då! Jag antar att jag måste\nhantera honom på det gammaldagsa sättet!	Então tá! Acho que vou ter que\nlidar com ele à moda antiga!	¡Ok, no hay problema! ¡Le daré unas pataditas a ese tipo!	W porzadku! Najwidoczniej muszę się\nz nim rozprawić jak z wszystkim innym.	ＯＫ！看來我只好用老辦法對付它了。	Pekala o zaman! Sanırım onunla eski\nusulde başa çıkmak zorunda kalacağım!	
event05_8	And hey, don't look so glum, Shahra!\nI'll have you smiling by the end of this.	So, Shahra, no more sad faces.\nAlways keep smiling!	だからシャーラ　そんなに悲しい顔はナシだ\nいつでも笑っていてくれ！	Así que, Shara; ¡deja atrás esa\ncara triste y sonríe!	А ты, Шахра... не расстраивайся, ладно?\nУлыбайся почаще.	Und hey, mach nicht so ein Gesicht, Shahra.\nWenn das alles vorbei ist, wirst du schon noch lächeln.	E hey, non esser così giù, Shahra!\nTi farò sorridere entro la fine di tutto questo.	Och hörru, se inte så dyster ut, Shahra!\nJag kommer att få dig att le i slutet av det här.	E ei, não fique tão triste, Shahra!\nVou fazer você sorrir quando tudo isso acabar.	Y Shahra, nada de caras tristes. Sonríe, por favor.	I hej, nie smuć się Shahra!\nSprawię że na twojej twarzy zawita uśmiech po tym wszystkim.	還有，夏拉，別那麼傷心嘛。\n結束時我會讓你展露出笑容的。	Ve hey, bu kadar surat asma Shahra!\nBunun sonunda seni gülümseteceğim.	
event05_9	And that's not me ordering you\nas your master.	This isn't an order.	これは　命令じゃない	No es una orden de tu """amo""";	И это не приказ.	Und das ist kein Befehl von mir als dein Meister.	E questo non è un ordine\nda il tuo maestro.	Och det är ingen order från mig\nsom din mästare.	E isso não é uma ordem minha\ncomo seu mestre.	Y esa no es una orden,	I nie jest to rozkaz do Ciebie\njako twój mistrz.	這可不是一道命令喔。	Ve bu, efendiniz olarak sana\nemir vermiyorum.	
event05_10	That's a promise from me to you.	This is a promise from me to you.	オレとオマエの「約束」だ！	es una promesa entre nosotros.	Мы дадим обещание друг другу.	Sondern ein Versprechen.\nZwischen dir und mir.	Quella è una promessa da me a te.	Det är ett löfte från mig till dig.	Isso é uma promessa minha pra você.	es una promesa entre tú y yo.	To obietnica między mną a tobą.	這是我對你的「約定」！	Bu, sana vereceğim bir söz.	
event05_11	Yes...all right.	Okay...Got it.	うん…わかった	Vale... Que así sea.	Да, поняла.	Ja... In Ordnung.	Si...va bene.	Ja... okej.	Sim... tudo bem.	Ajá... ¡De acuerdo!	Tak... Dobrze.	嗯……知道了。	Evet... pekala.	
event05_12	All right! Let's do it!		よし　やってやるぜ！	¡Bien, hora de ponerse las pilas!	А теперь разберёмся с монстром!	Sehr schön! Dann mal los!	Perfetto! Facciamolo!	Okej! Nu kör vi!	Beleza! Vamos nessa!	¡Bien, a darle!	W porzadku! Zróbmy to!	好！那我們走吧！	Pekala! Hadi yapalım!	
event05_13	A promise...		約束…	Una... promesa...	Обещание...	Ein Versprechen...	Una promessa...	Ett löfte...	Uma promessa...	Una promesa...	Obietnica...	約定……	Bir söz...	
														
event06_name	The Ring of Joy	Got the Yellow World Ring!	黄色の世界リング　ゲート！	El Anillo del Júbilo	Вы получили жёлтое\nМировое кольцо!	Der gelbe Weltenring	L'Anello della Gioia	Ringen av Glädje	Anel do Mundo Amarelo	¡Obteniendo el Anillo amarillo de la Alegría!	Pierścień Radości	獲得喜悅之戒！	Sevinç Yüzüğü	
event06_1	There it is, Sonic!	Look at this, Sonic!	これをみて　ソニック！	¡Mira, Sonic!	Соник! Смотри, что там!	Da ist er, Sonic!	Eccolo, Sonic!	Där är den, Sonic!	Lá está, Sonic!	Mira esto, Sonic.	Tam jest, Sonic!	索尼克，就在那！	İşte orada, Sonic!	
event06_2	So that's...	This is...	これは…	¿Y esto?	Это же...	Das ist also...	Quindi quello è...	Så det är...	Então esse é...	Esto es...	Więc to jest...	所以那是……	Yani bu...	
event06_3	This must be one of the seven World\nRings the Erazor Djinn spoke of!	This might be one of the seven World Rings\nthat Erazor Djinn mentioned...	イレイザー・ジンが言っていた\n７つの世界リングの１つかも…	Puede que sea uno de los siete Anillos Secretos\nde los que hablaba Erazor...	Похоже, это одно из семи Мировых колец,\nо которых говорил Эрейзор Джинн.	Das muss einer der sieben Weltenringe sein,\nvon denen der Erazor Djinn gesprochen hat!	Questo dev'essere uno dei sette Anelli\nMondiali di cui parlava Erazor Djinn!	Detta måste vara en av de sju Världsringarna\nsom Erazor Djinn talade om!	Esse deve ser um dos sete Anéis do Mundo\nque o Erazor Djinn mencionou!	Podría ser uno de los siete Anillos mundiales\nque mencionó Erazor, el Genio.	To musi być jeden z Pierścieni\no których mówił Erazor Dżin!	這肯定就是伊萊薩提到的七枚世界戒指之一！	Bu, Erazor Cinin bahsettiği yedi\nDünya Halkasından biri olmalı!	
event06_4	?\nI can't pick it up...	?\nI can't grab it...	？\nつかめない…	¿Eh? Mi mano lo atraviesa...	А?\nНе могу взять...	?\nIch kann ihn nicht aufheben...	?\nNon posso prenderlo...	?\nJag kan inte ta upp den...	?\nEu não consigo pegá-lo...	Ah...\nNo puedo tomarlo.	Hę?! Nie mogę go podnieść...	？\n我撿不起來……	?\nAlamıyorum...	
event06_5	Ow!	Uwaah!	うわぁぁぁ	¡Aah!	А-а-а-а!	...! Augh!	Uwaah!	Aj!	Ai!	¡Gua...!	Ał!	噢！	Ow!	
event06_6	{When darkness descends upon the Arabian Nights,	{When darkness falls upon  the Arabian Nights,	『アラビアンナイトに闇が訪れるときー	{Quando las tinieblas cubrieren\nLas mil y vna noches,	{Когда в """Тысяче и одной ночи""" наступит тьма,	{Fällt Tausendundeine Nacht der Dunkelheit anheim,	{Quando l'oscurità cala sulle Mille e una Notte,	{När mörkret faller över Tusen och en Natt,	{Quando a escuridão cair sobre as Mil e Uma Noites,	{Cuando se cierna la oscuridad sobre\n'Las mil y una noches',	(Kiedy ciemność pochłania Arabskie Noce,	『當黑暗壟罩天方夜譚，	{Binbir Gece Masalları'na karanlık çöktüğünde,	
event06_7	The legendary blue hedgehog from another world shall come.}	The legendary blue hedgehog\nshall come from the outside world.}	ー外界より伝説の\n青きハリネズミきたる』	aparecerà el famoso erizo azul venido de lueñes tierras.}	из другого мира... придёт легендарный синий ёж.}	tritt der legendäre blaue Igel aus\neiner anderen Welt ans Licht.}	Il leggendario riccio blu\nverrà da un mondo esterno.}	Då skall den legendariska blå igelkotten från en annan värld komma.}	o lendário ouriço azul de outro mundo surgirá.}	desde un mundo distante llegará\nel legendario erizo azul.}	Legendary Niebieski Jeż nadejdzie z innego świata.)	傳說中的藍色刺蝟將會從異世界降臨。』	başka bir dünyadan efsanevi mavi kirpi gelecek.}	
event06_8	Me? Legendary?\nYou've got to be kidding!	What's that? You mean me?	なんだ？　オレのこと？	¿Quién? ¿¿Yo??	Что? Это обо мне?	Ich? Legendär?\nDu machst wohl Witze!	Io? Leggendario?\nStai scherzando!	Jag? Legendarisk?\nDu måste skoja!	Eu? Lendário?\nTá de brincadeira!	¿Qué? ¿Se refiere a mí?	Ja? Legendarny?\nChyba se żartujesz!	我？傳說？你在開玩笑吧！	Ben mi? Efsane mi? Şaka yapıyorsun herhalde!	
event06_9	You're gonna make me blush!	You're making me blush.	テレるじゃないか	¡Vas a hacer que me sonroje!	Кхе... Не смущай меня так!	Ich werd gleich rot!	Mi farai arrossire!	Du kommer att få mig att rodna!	Fico até sem jeito!	¡Me voy a sonrojar!	Zarumienie się!	我都要臉紅了！	Beni utandıracaksın!	
event06_10	{When the seven rings that control the worlds are gathered,		『７つの世界を統べる\nリングがそろいしとき	{Quando ſe junten los ſiete anillos que gouiernan eſtas tierras,	{Если собрать кольца от семи миров,	{Werden die sieben Ringe vereint,\nwelche die Welt kontrollieren,	{Quando i sette anelli che controllano i mondi saranno raccolti,	{När de sju ringarna som styr världarna är samlade,	{Quando os sete anéis que controlam os mundos forem reunidos,	{Cuando se reúnan los siete anillos\nque gobiernan los mundos,	(Kiedy siedem pierścieni kontrolujących świat zostaną zebrane,	『當七枚掌控世界的戒指聚集在一起，	{Dünyaları kontrol eden yedi yüzük bir araya geldiğinde,	
event06_11	The portal between the worlds shall open.	The door that connects the worlds shall open.	世界をつなぐ扉が開くであろう…	abriraſe la puerta que une los mundos,	откроется дверь, соединяющая миры...	öffnet sich sogleich das Portal zwischen den Welten.	Il portale tra i mondi si aprirà.	Portalen mellan världarna ska öppnas.	o portal entre os mundos se abrirá.	se abrirá la puerta que los conecta.	Portal między światami otworzy się.	連結世界的傳送門也將開啓。	dünyalar arasındaki geçit açılacak.	
event06_12	But the life of the collector\nof the rings shall be offered up	But the gatherer shall pay with their life,	しかしそれを集めし者\n命のつぐないをもって	pero aquel que los tenga pagarà con ſu vida	Однако... за власть над мирами...	Doch das Leben dessen, der die Ringe zusammenträgt,\nsoll als Opfer dargebracht werden, 	Ma la vita di colui che li ha\nraccolti dovrà essere offerta	Men den som samlar\ringarnas liv skall uppoffras	Mas a vida do coletor\ndos anéis será oferecida	Sin embargo, aquel que los reúna\nse convertirá en la llave para gobernarlos,	Natomiast życie zdobywcy pierścieni\nzostanie zaoferowane	但凡聚集它們之人\n他的性命也將一併供奉	Fakat yüzükleri toplayan kişinin\nhayatı feda edilecektir.	
event06_13	in sacrifice as the key for that control.}	And become the key to control all.}	全てを統べる鍵となさん』	la llave de eſe poder.}	придётся заплатить высокую цену,\nотдав взамен свою жизнь}.	um den Schlüssel zu formen, der die Macht beherrscht.}	come sacrificio, che funge come chiave per quel controllo.}	som nyckeln till den kontrollen.}	em sacrifício como a chave desse poder.}	pagando por ello con su vida.}	W poświęceniu za klucz do tej kontroli.)	成為控制那股力量的鑰匙的獻祭品。』	fedakarlık, bu kontrolün anahtarıdır.}	
event06_14	That is what is written in the newest\nchapter of the Arabian Nights.	...This is the most recent addition\nto the Arabian Nights.	…これが　最近アラビアンナイトに\nあらたに書き加えられた文章です	Este texto se añadió recientemente a Las mil y una noches.	Эти предложения были недавно\nдобавлены в """Тысячу и одну ночь""".	So steht es geschrieben,\nim neuesten Kapitel von Tausendundeiner Nacht.	...Questa è il capitolo aggiunto più recentemente\nnelle Mille e una Notte	Det är vad som står skrivet i det senaste kapitlet av Tusen och en Natt.	Isso é o que está escrito no mais novo capítulo\ndas Mil e Uma Noites.	Este es el pasaje más reciente de """Las mil y una noches""".	Tak jest napisane w najnowszym\nrozdziale Arabskich Nocy.	那是書寫在天方夜譚\n最新篇章內的一段文字。	Binbir Gece Masalları'nın en yeni\nbölümünde böyle yazıyor.	
event06_15	Say what?!\nI'm supposed to be a sacrifice?	Gosh! He wants to sacrifice me?	Ｇｏｓｈ！\nオレをイケニエにしようってのか	¡Madre mía! ¿Quiere que yo sea el sacrificio?	Что?\nТо есть, меня принесут в жертву?	Bitte was?!\nIch soll als Opferlamm herhalten?!	Cosa?!\nIo dovrei essere un sacrificio?	Vadå?!\nJag ska vara ett offer?	É o quê?!\nEu vou ter que me sacrificar?	¡Rayos! ¿Me quiere sacrificar?	Że co?!\nŻe ja niby mam się poświęcić?	你說什麼？！我要成為獻祭品？	Ne dedin?!\nBen kurban mı olacağım?	
event06_16	That, I cannot say for sure.	Currently, it is hard to say.	このままでは　なんともいえません	Aún no lo sé con certeza.	В данный момент не могу ничего сказать.	Dies kann ich nicht mit Gewissheit sagen.	Quello, non riesco a dirtelo certamente.	Det kan jag inte säga säkert.	Disso, eu não tenho certeza.	Por ahora no estoy segura.	Tego nie jestem w stanie potwierdzić.	那點，我不是很確定。	Bunu kesin olarak söyleyemem.	
event06_17	But I do believe that these World Rings	But inside the World Rings,	ただ　この世界リングには	Solamente creo que estos Anillos Secretos	Но думаю, что в этих Мировых кольцах	Doch ich bin davon überzeugt, dass diese Weltenringe	Ma io credo che questi Anelli Mondiali	Men jag tror att dessa Världsringar	Mas acredito que esses Anéis do Mundo	Sin embargo, creo que estos Anillos mundiales	Ale wierzę, że te Pierścienie Świata	但我確定的是，這些世界戒指	Ama bu Dünya Yüzükleri	
event06_18	Hold the key to some kind of mystery.	I think there's some secret hidden away.	なにか秘密が隠されているのだと思います	son la clave para descifrar un misterio.	явно скрывается какая-то большая тайна.	eine Art Geheimnis in sich bergen.	Sono la chiave per qualche sorta di mistero.	Håller nyckeln till något slags mysterium.	São a chave de algum tipo de mistério.	ocultan un gran secreto en ellos.	Trzymają sekret do jakiejś tajemnicy.	掌握著解開某種謎團的關鍵。	Bir tür gizemin anahtarını elinde tutuyor.	
event06_19	And I think that we need to collect them	We have to somehow gather the seven rings	７つのリングをなんとか集めて	Creo que debemos reunir los siete	Надо как-то собрать все семь колец	Und ich denke, dass wir sie alle sammeln müssen, 	E penso che dovremmo collezionarli 	Och jag tycker att vi behöver samla in dem	E acho que precisamos coletá-los	Debemos reunir de alguna forma los siete Anillos	Wydaje mi się, że musimy je zbierać,	而我認為我們需要收集它們	Ve bence bunları toplamamız gerekiyor.	
event06_20	To get to the bottom of this mystery.	And reveal that secret.	その秘密を解かないと…	para descubrir su secreto...	и раскрыть эту тайну...	um eben dieses Geheimnis zu lüften.	Per arrivare fino in fondo a questo mistero.	För att komma till botten med detta mysterium.	para desvendar esse mistério.	y desentrañar ese misterio.	Aby dojść do tej tajemnicy.	才能解開謎底。	Bu gizemin dibine inmek için.	
event06_21	Well, considering that I still have\nthis arrow in me to worry about,	Well, I've got this arrow in my chest,	オレの胸にこんな矢が刺さってるし	Bueno, ya que llevo una flecha clavada en el pecho,	Ну, стрела уже у меня в груди.	Naja, wenn man bedenkt, dass ich\nimmer noch diesen Pfeil in mir trage,	Beh, considerando che ho ancora questa\nfreccia dentro di me di cui devo preoccuparmi,	Tja, med tanke på att jag fortfarande har den\nhär pilen i mig att oroa mig för,	Bem, considerando que ainda tenho\nessa flecha em mim pra se preocupar.	Tengo una flecha clavada en el pecho,	Cóż, i tak mam tą strzałe,\nktórą powinienem się przejmować,	好吧，考慮到我還得擔心胸內這把箭，	Şey, hâlâ içimde bu ok olduğu ve bununla ilgili\nendişelenmem gerektiği göz önüne alındığında,	
event06_22	I guess I'm in a pinch either way, right?	So either way, I'm in a pinch, huh?	どっちにしろピンチってわけだな	supongo que no me queda otra, ¿no?	Так что не скажу, что выбора много.	sitze ich doch so oder so in der Klemme, stimmt's?	mi sa di essere in un bel guaio in ogni modo, giusto?	så sitter jag väll i knippa hur som helst, eller hur?	Acho que eu tô encrencado de qualquer forma, né?	así que estoy en apuros de cualquier manera.	Więc tak czy siak mam przerąbane, nie?	看來我無論如何都處境艱難，對吧？	Sanırım her iki durumda da sıkıntıdayım, değil mi?	
event06_23	I'm sorry. It's my fault that all of\nthis is happening to...	I'm sorry.\nBecause of me, you're forced into this fate...	ごめんなさい　わたしのせいで\nアナタをこんな運命に…	Lo siento... Por mi culpa, te aguarda un destino cruel...	Прости, пожалуйста, ведь это я\nобрекла тебя на такую судьбу...	Das tut mir so leid.\nEs ist nur meine Schuld, dass das alles...	Mi dispiace. È colpa mia che ti sta\nsuccedendo tutto...	Förlåt. Det är mitt fel att\nallt detta händer...	Desculpa... A culpa é minha por tudo isso\nestar acontecendo com...	Lo lamento.\nEs mi culpa que tengas que sufrir este destino...	Przepraszam. To moja wina,\nże to wszystko się Tobie...	對不起，全部都是我的錯……	Özür dilerim. Tüm bunların yaşanmasının\nsorumlusu benim...	
event06_24	Hahaha.\nHey, don't worry about it.	Hahaha. Don't worry about it.	ハハハ\n気にするなって	Je, je... No te preocupes.	Ха-ха-ха.\nНе переживай так.	Hahaha!\nHey, mach dir keinen Kopf!	Hahaha.\nHey, non farti alcun problema.	Hahaha.\nDu, oroa dig inte för det.	Hahaha.\nEi, não esquenta.	Ja, ja, ja... No te preocupes.	Hahaha.\nHej, nie przejmuj się tym.	哈哈哈。\n嘿，別放在心上。	Hahaha.\nHey, endişelenme.	
event06_25	Besides, don't you know how fast I am?	Besides, you know what my specialty is, right?	しってるかい？\nオレの得意技を	¿O has olvidado mi mayor virtud?	Знаешь, какая у меня суперспособность?	Außerdem, kennst du etwa nicht den Sonic-Speed?	Comunque, non sai quanto sono veloce?	Dessutom, vet du inte hur snabb jag är?	Além do mais, você não sabe o quão rapido eu sou?	¿Sabes en qué soy bueno?	Przecież już wiesz, jaki jestem szybki?	再說，你不知道我有多快嗎？	Ayrıca, ne kadar hızlı olduğumu bilmiyor musun?	
event06_26	Time may fly, but I'm even faster!	With my speed, I'll break through fate itself!	運命なんて　オレのスピードで\n振り切ってやるさ	¡Con mi velocidad, me adelantaré al destino!	От судьбы... я могу сбежать на всех парах!	Die Zeit mag rennen, aber ich renne schneller!	Il tempo può volare, ma io sono ancora più veloce!	Tiden må flyga, men jag är ännu snabbare!	O tempo pode voar, mas eu sou ainda mais rápido!	Me libraré de esta sólo con mi velocidad.	Czas może śmigać, ale ja też!	我可是比時間的流逝還要更快喔！	Zaman uçup gidiyor olabilir, ama ben daha da hızlıyım!	
														
event07_name	Rescuing the King	Trying to Help the King...	王様を助けてみたものの…	Rescatando al Sultán	Попробовал спасти царя, но...	Die Rettung des Königs	Salvando il Re	Rädda Kungen	Salvando o Rei	Intentando ayudar al sultán...	Ratowanie Króla	拯救國王	Kralı kurtarmak	
event07_1	You! Spiky thing! Do something!\nSave me!	Hey! What are you doing, you spiky thing!\nHurry up and save me!	こりゃ！　トゲトゲ何をしとる！\n早くワシを助けんかっ！！	¡Eh! ¡Bicho pinchudo!\n¡No te enrolles y ven a rescatarme!	Эй, ты, клубок с иголками!\nЧего стоишь, спасай меня, скорее!	Du! Nadelkissen! Tu etwas!\nHilf mir!	Tu! Cosa spinosa! Fai qualcosa!\nSalvami!	Du! Taggiga saken! Gör något!\nRädda mig!	Você! Coisa espinhosa! Faz alguma coisa!\nMe salva!	¡Oye, espinoso, ¿qué estás haciendo?!\n¡Date prisa y sálvame!	Ty! Kolcowaty cosiu! Zrób coś!\nRatuj mnie!	你！刺刺的傢伙！\n快想辦法啊！救我！	Sen! Dikenli şey! Bir şey yap!\nKurtar beni!	
event07_2	Aaaahhhhhh!	Waaaaahhh!	のわあああああ…！	¡Aaaaaaaaaaaaah!	А-а-а-а-а-а-а!	Aaaahhhhhh!	Aaaahhhhhh!	Aaaahhhhhh!	Aaahhhhhh!	¡Aaaahhhhhh!	Aaaaaahhhhh!	啊啊啊啊啊！	Aaaahhhhhh!	
event07_3	Ah?!	Hya!?	ひゃ！？	¡Ah...!	Ах?!	Ah?!	Ah?!	Ah?!	Ah?!	¡Ah...!	Ah?!	啊？	Ah?!	
event07_4	...!!		…！！	¿Eh?	...!!	...!!	...!!	...!!	...!!	¡¡...!!	..!!	……！！	...!!	
event07_5	Whew!	Whew...	ハァ…	Menos mal...	Ох!	Puh!	Phew!	Whew!	Ufa!	Uf...	Fiu!	呼！	Whew!	
event07_6	How dare you! I am the King!\nMust you be so rude?	Why, you! I am the King!\nCan't you handle me more elegantly!?	貴様！　ワシは王様じゃぞ！！\nもっとエレガントにあつかわんか！	¡Eh tú! ¡Que soy el sultán! ¡Trátame con más elegancia!	Эй, ты! Забыл, что я царь?!\nОбращаться со мной надо бережно!	Du wagst es...?! Ich bin der König!\nMusst du denn so grob sein?	Come ti permetti! Io sono il Re!\nDevi per forza essere così sgarbato?	Hur vågar du! Jag är kungen!\nMåste du vara så oförskämd?	Como você ousa?! Eu sou o Rei!\nVocê precisa ser tão insolente?	¡Bruto! ¡¿No ves que soy un sultán?!\n¡Trátame con más elegancia, zoquete!	Jak śmiesz! Jestem Królem!\nCzy musisz być taki niemiły?	放肆的傢伙！我可是國王！\n你豈敢如此無禮？	Nasıl cüret edersin! Ben kralım!\nBu kadar kaba olmak zorunda mısın?	
event07_7	Sorry!		Ｓｏｒｒｙ	Lo sien-tooo.	Прости.	Sorry!	Scusa!	Förlåt!	Foi mal!	¡Uy, perdón!	Sory!	抱歉啦！	Üzgünüm!	
event07_8	Your Highness, where did that\nspirit go?	Your Highness, what happened to that genie?	王様　あのマジンは？	Majestad, ¿y aquel espíritu?	Ваше Величество, а где злой дух?	Eure Hoheit, wohin ist der Geist verschwunden?	Vostra Altezza, dov'è andato\nquello spirito?	Ers Höghet, vart tog den\nanden vägen?	Vossa Alteza, onde aquele\nespirito foi?	Majestad, ¿qué fue de ese majin?	Wasza Wysokość, gdzie udał się\nten duch?	國王陛下，那個精靈去哪了？	Majesteleri, o ruh nereye gitti?	
event07_9	Just as feared, he's gone ahead to that castle\nand it seems more minions are being assembled.	He promised to recruit more more minions,\nso he headed for the castle up ahead.	ヤツは手下をもっと増やすとぬかして\nこの先にある城に向かいおった	Dijo que reuniría a más esbirros antes de partir en dirección al castillo que hay más adelante.	Этому злому духу нужно больше слуг,\nон отправился вон в тот дворец.	In Richtung dieses Schlosses, genau wie ich befürchtet hatte.\nUnd weitere Lakaien sind schon unterwegs.	Proprio come pensavo, è andato dritto a quel castello\ne sembra che più scagnozzi si stiano assemblando.	Precis som befarat, han har gått vidare till det slottet\noch det verkar som om fler undersåtar hålller på att samlas.	Como eu temia, ele foi até aquele castelo\ne parece que mais lacaios estão se juntando.	¡Se jactó de que reuniría más seguidores y\nse dirigió hacia el castillo de allá!	Tak jak się obawiałem, poleciał do tego zamku i\nwygląda na to, że więcej minionów jest tam gromadzonych.	他恐怕已經到了那座城堡，而且貌似更多爪牙開始在集結。	Korkulduğu gibi, o kaleye doğru ilerlemiş ve\ngörünüşe göre daha fazla hizmetkar toplanıyor.	
event07_10	Castle?		城？	¿Un castillo?	Во дворец?	Schloss?	Castello?	Slott?	Castelo?	¿Castillo?	Zamek?	城堡？	Kale mi?	
event07_11	There's a giant fortress just ahead.	Beyond this point lies a massive fortress.	この先にあるのは　巨大な城塞です	En esa dirección se encuentra una imponente fortaleza.	Там впереди... огромная крепость,	Direkt vor uns liegt eine riesige Festung.	C'è una fortezza gigante proprio qui davanti.	Det finns en gigantisk fästning precis framför.	Há uma fortaleza gigante logo a nossa frente.	Delante se alza una fortaleza colosal.	Niedaleko jest gigantyczna twierdza.	有座巨大的堡壘就在前方。	Hemen ileride devasa bir kale var.	
event07_12	It's a relic from an ancient kingdom...	A nation that vanished long ago...	とうの昔に滅びた国の…	Es vestigio de un país que pereció antaño...	наследие павшего царства.	Sie ist der Überrest eines uralten Königreichs...	È una reliquia da un regno antico...	Det är en relik från ett forntida kungarike...	É uma relíquia de um reino antigo...	Una tierra que murió hace mucho tiempo...	To relik starożytnego królestwa...	那是一座古老王國的殘存遺跡。	Bu, eski bir krallıktan kalma bir kalıntı...	
														
event08_name	The Ring of Hatred	Got the Green World Ring!	緑色の世界リング　ゲート！	El Anillo del Odio	Вы получили зелёное\nМировое кольцо!	Der grüne Weltenring	L'Anello dell'Odio	Ringen av Hat	Anel do Mundo Verde	¡Obteniendo el Anillo verde del Odio!	Pierścień Nienawiści	獲得憎恨之戒！	Nefret Yüzüğü	
event08_1	Hey, look at that!	Whoa, this is...	おっとこれは…	¡Oh, este es...!	О, а это что?	Hey, schau mal!	Hey, dai un'occhiata!	Hej, titta på det!	Ei, olha só!	¡Oh, ahí está!	Hej, spójrz na to!	嘿，你看那邊！	Hey, şuna bak!	
event08_2	It's another one of the seven World Rings.	It's one of the seven World Rings.	７つの世界リングのひとつね	Es otro de los siete Anillos Secretos.	Ещё одно из семи Мировых колец.	Das ist ein weiterer der sieben Weltenringe.	È un'altro di quei sette Anelli Mondiali.	Det är ytterligare en av de sju Världsringarna.	É mais um dos sete Anéis do Mundo.	Sí, otro de los siete Anillos mundiales.	To kolejny Pierścień Świata.	是另一個世界戒指。	Bu yedi Dünya Yüzüğünden başka bir tanesi.	
event08_3	Ah! This power...	Ugh! This power...	う！　この力は…	¿¡Eh!? Este poder...	А-а-а! Какая сила!	Argh! Diese Macht...	Ah! Questo potere...	Ah! Den här kraften...	Ah! Esse poder...	¡Guau! ¡Este poder...!	Ah! Ta moc...	啊！這股力量……	Ah! Bu güç...	
event08_4	This must be what has driven\nthe spirits mad, I think.	Could this be what drove the genies mad?	これがマジンたちを　狂わせた\n正体じゃないでしょうか？	¿No será esto lo que hizo enloquecer a los espíritus?	Должно быть, это она породила всех злых духов.	Das muss es sein, was die Geister erzürnt hat, denke ich.	Questo dev'essere quello che\nha fatto arrabbiare gli spiriti, penso.	Det här måste vara det som har drivit\nandarna till vansinne, tror jag.	Deve ser isso que deixou os espiritos insanos, eu acho.	¿Podría ser esto lo que enloqueció a los majin?	To musi być to, co powoduje gniew\nduchów, tak mi się wydaje.	我想一定是這股力量把\n精靈逼瘋的。	Sanırım bu, ruhları\nçıldırtmış olmalı.	
event08_5	It is only recently that\nthey have been behaving this way.	It is only recently that\nviolent genies have been appearing...	凶暴なマジンが沢山でてきたのは\n最近のことなんですが…	Estos espirítus malignos aparecieron por primera vez recientemente...	Ведь до этого жестоких духов\nбыло не так и много.	Immerhin verhalten sie sich erst seit Neuestem so.	È solo recentemente che si stanno\ncomportando in questo modo.	Det är först nyligen som\ndem har börjat bete sig så här.	Eles só começaram a agir assim\nrecentemente.	Fue apenas hace poco que aparecieron\ntantos majin feroces.	Dopiero niedawno zaczeły\nzachowywać się w ten sposób.	它們直到最近才變成這樣。	Bu şekilde davranmaya başlamaları\nancak son zamanlarda oldu.	
event08_6	Well, I think I've had just about\nenough of this.	Well, that's definitely possible.	たしかに\nその線は十分アリだ	La verdad es que es bastante probable.	Да уж, очень похоже на правду.	Ach ja? So langsam hab ich die Faxen dicke.	Beh, penso di essermi proprio stufato\ndi tutto questo.	Nåväl, jag tror jag har\nfått nog av det här.	Bom, acho que já deu pra entender.	De hecho es muy plausible.	No, chyba mam już tego dość.	我覺得我已經受夠了。	Sanırım artık bu durumdan\nyeterince bıktım.	
event08_7	...		…	...	...	...	...	...	...	...	...	……	...	
event08_8	Speaking of which, as Genie of\nthe Ring, can I ask you for a favor?	Speaking of which, can I ask a little favor\nfrom the Genie of the Ring?	そういえば　ちょっとリングの精に\n頼みごとをしてもいいかな？	Por cierto, ¿me permitirías pedirte algo como Genio del Anillo?	Кстати, могу я попросить свою джиннию\nоб одном одолжении?	Wo wir schon dabei sind,\nkönntest du mir einen kleinen Gefallen tun?	A proposito, come Genio dell'Anello,\nposso chiederti un favore?	På tal om det, som Ringens\nAnde, kan jag be dig om en tjänst?	Parando pra pensar, como Gênia\ndo Anel, posso te pedir um favor?	Por cierto, me gustaría pedirle\nun favor al espíritu del anillo.	Póki o tym mowa, jako dżin pierścienia,\nczy moge prosić cię o przysługę?	話說回來，你身為戒指精靈，我可以請你幫個忙嗎？	Madem konu açıldı, Yüzüğün Cini\nolarak senden bir ricam olabilir mi?	
event08_9	"""O Master, your wish is my command."""	"What do you wish for, my Master?\nI am at your command."	「なにがお望みでしょう？\nご主人さま　なんなりとご命令を」	"""A su servicio, mi amo.\nSus deseos son órdenes""".	Чего желаете, мой Господин?\nТолько скажите, и желание исполнится.	"""Oh Meister, dein Wunsch ist mir Befehl."""	"""O Maestro, il tuo desiderio è il mio ordine."""	"""O Mästare, din önskan är min befallning."""	"""Ó Mestre, seu desejo é uma ordem."""	"""¿Qué es lo que desea, mi amo?\nSus deseos son órdenes."""	"Oh Mistrzu, twoje życzenie jest moją komendą."	「主人啊，你的願望就是我的命令。」	"Ey Üstadım, dileğiniz benim emrimdir."	
event08_10	Do you think you could take this Judgment\nthing out of my chest for me?	Can you take this "Judgement" thing\nout of my chest?	この胸の「さばきの　なんとか」を\n取ってくれないか？	¿Podrías quitarme del pecho este """nosequé del Juicio"""?	У меня в груди """кара или что он там сказал""",\nвытащи, пожалуйста.	Meinst du, du könntest dieses\nUrteilsdingens aus mir herausholen?	Pensi che riusciresti a togliere questa cosa del\n"Giudizio" fuori dal mio petto per me?	Tror du att du kan ta den här Dom saken\nur mitt bröst åt mig?	Acha que consegue tirar esse tal Castigo\ndo meu peito pra mim?	¿Puedes... quitarme esta cosa del juicio del pecho?	Mogłabyś wyjąć to Wyrokowe\ncoś z mojej klaty?	你可以把這個制裁東西取出我的胸膛嗎？	Sence şu içimdeki yargı duygusunu\nbenim yerime çıkarabilir misin?	
event08_11	...		…	...	...	...	...	...	...	...	...	……	...	
event08_12	I am sorry.	I'm sorry.	ごめんなさい	...Lo siento.	Прости меня.	Bedaure.	Mi dispiace.	Jag är ledsen.	Eu sinto muito.	Lo lamento.	Przykro mi.	對不起。	Üzgünüm	
event08_13	Hey, no worries.\nCheer up.	Hey, don't look so glum.	Ｈｅｙ\nそんなに　悲しい顔するなよ	¡Eh!\nNo pongas esa cara triste.	Эй! Да что ты, не печалься так.	Hey, kein Thema.\nKopf hoch.	Hey, nessun problema.\nRallegrati.	Du, det är inga problem.\nUpp med hakan.	Ei, sem problema.\nSe anima.	Ey, no pongas esa cara triste.	Bez powodu. Rozchmurz się.	嘿，別擔心啦。\n打起精神來嘛。	Hey, sıkıntı yok.\nNeşelen.	
event08_14	Hm?	Huh?	え？	¿Hum?	М-м?	Hm?	Hm?	Hm?	Hm?	¿Eh?	Hm?	嗯？	Hm?	
event08_15	Don't sweat it!	It's fine!	大丈夫！	¡No pasa nada!	Всё хорошо!	Mach dich nicht verrückt!	Rilassati!	Oroa dig inte!	Não esquenta!	¡Está bien!	Nie martw się!	沒事啦！	Endişelenme!	
event08_16	Anyways, no adventure is fun if it's too easy,\nright?	Adventures are more fun\nwhen they're difficult, right?	冒険ってのは難しいほうが\n楽しめるってもんだろ？	Cuánto más complicada, más divertida es la aventura, ¿no?	Чем сложнее приключение, тем оно интереснее.	Immerhin macht kein Abenteuer Spaß,\nwenn es zu einfach ist, richtig?	Comunque, le avventure non sono divertenti\nse sono troppo facili, vero?	Hur som helst, inget äventyr är roligt om det är för lätt,\neller hur?	Afinal, uma aventura não é divertida\nse for fácil demais, né?	Las aventuras son más divertidas\ncuando son un reto, ¿no?	Co to za zabawa z przygody jeśli jest za łatwa, nie?	反正一場冒險要是太簡單\n就不有趣了，不是嗎？	Her neyse, çok kolay bir macera eğlenceli\nolmaz, değil mi?	
event08_17	Although it would have been nice\nif your magic DID work, in any case...	Well, if your magic COULD take it off,\nthat would also be great.	ただ　魔法で取れるんなら\nそれもいいかなってね	Aunque no habría estado mal que funcionase tú magia.	Просто подумал, вдруг можно\nмагией от стрелы избавиться.	Obwohl es schon echt cool wäre, wenn deine Magie\nmal funkionieren würde. Wie dem auch sei...	Anche se avrebbe fatto comodo\nse la tua magia AVESSE funzionato, ad ogni modo...	Även om det hade varit trevligt\nom din magi HADE fungerat, i alla fall...	Mas até que seria legal se a sua magia funcionasse, enfim...	Aunque ojalá se hubiera podido sacar con magia...	No, mimo wszystko BYŁOBY fajnie\ngdyby twoja magia zadziałała.	不過你的魔法要是能\n奏效的話，倒也不錯啦……	Her ne kadar sihrin işe yarasaydı\ngüzel olurduysa da...	
event08_18	Okay, then! Let's keep going!	All right, let's get going!	よーし　はりきって　いくぜ！	Venga, ¡vayamos a por todas!	Ну да ладно! Нам пора в путь!	Alles Klärchen! Machen wir weiter!	Bene, allora! Continuiamo ad andare!	Okej då! Nu fortsätter vi!	Beleza, então! Vamos continuar!	¡Bueno, manos a la obra!	Trudno! Idżmy dalej!	好啦！我們繼續走吧！	Tamam, o zaman! Hadi devam edelim!	
event08_19	Yes.	...Yes.	…はい	...Vale.	Да.	Jawohl.	Si.	Ja.	Sim.	Sí.	Tak jest.	好。	Evet.	
														
event09_name	The Fire Spirit Appears	A Formidable Enemy, the Fire Genie, Appears	強敵　炎のマジンあらわる	Aparece el Espíritu de Fuego	Появляется сильный\nпротивник, злой дух огня.	Der Feuergeist erscheint	Lo Spirito del Fuoco Appare.	Anden av Eld uppenbarar sig	O Espirito de Fogo Aparece	Un formidable enemigo: el majin de fuego	Nadchodzi Ognisty Duch	火之精靈登場	Ateş Ruhu Görünüyor	
event09_1	It's him!\nWhat's he doing here?!	It's him! What's he trying to do!?	アイツ！\nナニをする気なんだ！？	¡Erazor...!\n¿Que estará tramando?	Вот он!\nЧто он собирается сделать?	Der schon wieder!\nWas macht er hier?!	È lui! Cosa ci fa qui?!	Det är han!\nVad gör han här?!	É ele!\nO que ele tá fazendo aqui?!	¡Ese maldito! ¡¿Qué está planeando?!	To on!\nCo on tu robi?!	是他！\n他在這裡幹嘛？！	Bu o!\nBurada ne yapıyor?!	
event09_2	He's calling more spirits!	He's going to summon a genie!	マジンを呼びだす気です！	¡Quiere invocar a más espíritus!	Он призывает злого духа!	Er ruft noch mehr Geister!	Sta chiamando altri spiriti!	Han kallar på fler andar!	Ele está invocando mais espiritos!	¡Pretende invocar más majin!	Wzywa więcej duchów!	他在招喚更多精靈！	Daha fazla ruh çağırıyor!	
event09_3	Spirits?!	Genie!?	マジン！？	¿¡Más espíritus!?	Духа?	Geister?!	Spiriti?!	Andar?!	Espiritos?	¡¿Majin?!	Duchy?!	精靈？！	Ruhlar mı?!	
event09_4	Ifalas zaras I e zaraq!\nIfalas zaras I e zaraq!	Ifaras zaras I e zaraq!\nIfaris zaris I e zariq!	イフャラス・ザラス・イ・エ・ザラク\nイフャリス・ザリス・イ・エ・ザリク	Ifaras zaras i e zaraq...\nIfaris zaris i e zariq...	Ифарас Зарас Иезарак,\nИфарис Зарис Иезарик...	Ifalas zaras I e zaraq!\nIfalas zaras I e zaraq!	Ifalas zaras I e zaraq!\nIfalas zaras I e zaraq!	Ifalas zaras I e zaraq!\nIfalas zaras I e zaraq!	Ifalas zaras I e zaraq!\nIfalas zaras I e zaraq!	¡Ifaras zaras i e zaraq!\n¡Ifaris zaris i e zariq!	Ifalas zaras I e zaraq!\nIfalas zaras I e zaraq!	伊法拉斯　札拉斯　唉　伊　札拉克！\n伊法拉斯　札拉斯　唉　伊　札拉克！	Ifalas zaras I e zaraq!\nIfalas zaras I e zaraq!	
event09_5	Come forth from the fiery depths of Jahannam,\nye condemned by Iblis!	From the furnace of the Jahannam abyss,\ncome forth, accursed arm of Iblis!	深淵なるジャハンナの炉よりきたれ\nイブリースの忌まれし腕（かいな）	Emerge de las profundidades infernales de\nYahannam, oh, brazo maldito de Iblís...	Приди из глубин Джаханнама,\nпроклятый Иблисом...	Erhebe dich aus den feurigen Untiefen des Jahannam,\noh verbannte Seele!	Risalite dalle profondità ardenti di Jahannam,\nvoi condannati da Iblis!	Kom fram ur Jahannams brinnande djup,\ndu fördömda av Iblis!	Surja das profundezas ardentes de\nJahannam, ó condenado por Iblis!	¡Surge del ardiente abismo del Yahannam!\n¡Oh, brazo maldito de Iblís!	Przybadż z ognistych czeluści Jahannman,\nskazańcu Iblisa!	從哲罕南之爐的深淵裡出來吧，\n伊卜力斯的可憎之腕！	İblis tarafından lanetlenmiş olan,\ncehennemin ateşli derinliklerinden çık!	
event09_6	Iz Afrit!		イス・イーフリーテ！！	¡Iz Ifriiiit!	Ис Ифрит!	Iz Afrit!	Iz Afrit!	Iz Afrit!	Iz Afrit!	¡Iz eefreet!	Iz Afrit!	伊斯・阿弗利特！	Iz Afrit!	
event09_7	Roooaarr!		ゴッフォー	¡Groaaaaaar!	Гр-р-р-р!	Roooaarr!	Roooaarr!	Roooaarr!	Roooaarr!	*rugido*	Raaagh!	吼吼吼！	Roooaarr!	
event09_8	That's...!	That's...	アレが…	¡ Eso es...!	Это же...	Was...?!	Quello è...!	Det är...!	Aquilo é...!	¡Ese...!	To...!	那是……！	Bu...!	
event09_9	It's a djinn that controls fire...\nIt's called an Ifrit!	Ifrit, the great genie whose flames\nscorches the entire world!	世の中のすべてを焼き尽くす\n炎の大マジン　イフリート！！	Un gran espíritu ardiente que puede\nreducir el mundo entero a cenizas, ¡un ifrit!	Тот, кто сжигает всё сущее!\nЗлой дух огня, Ифрит!	Das ist ein Djinn, der über das Feuer herrscht...\nEin Ifrit!	È un genio che controlla il fuoco...\nSi chiama Ifrit!	Det är en djinn som kontrollerar eld...\nDen kallas för Ifrit!	É um espirito que controla o fogo...\nEle é chamado de Ifrit!	¡Es un gran majin cuyas llamas\nreducen a cenizas todo, un ifrit!	To dżin kontrolujący ogień...\nNazywa się Ifrit!	那是控制火焰的精靈……\n它叫做伊弗利特！	Bu ateşi kontrol eden bir cin...\nBuna Ifrit deniyor!	
event09_10	...		…	Grr...	...	...	...	...	...	...	...	……	...	
event09_11	I have already carved up half of\nthe pages that make up this world.	I've already harvested half the world's pages.	すでに世界のページの半分は\n刈りとらせてもらった	Ya he cosechado la mitad de todas\nlas páginas de este mundo.	Из этого мира мне удалось стереть\nуже половину страниц.	Somit habe ich bereits die Hälfte aller Seiten\nausgelöscht, die diese Welt ausmachen.	Ho già cancellato metà delle\npagine che fanno questo mondo.	Jag har redan utskurit hälften\nav sidorna som utgör den här världen.	Eu já ceifei metade\ndos textos que compõem este mundo.	Ya he cosechado la mitad\nde las páginas del mundo.	Zdążyłem się już pozbyć pół stron,\nktóre tworzą ten świat.	建構這世界的書頁，\n已經被我清除一半了。	Bu dünyayı oluşturan sayfaların yarısını\nçoktan parçalara ayırdım bile.	
event09_12	Then why do you need to call forth\na creature like that?	That's why you could summon it...	だから　アレを呼びだすことが\nできるのね…	Así que por eso pudiste invocarlo...	Вот почему он смог его призвать...	Und wozu beschwörst du dann noch solch eine Kreatur?	E allora perché ti serve\nevocare una creatura simile?	Varför behöver du då framkalla\nen varelse spm den där?	Então pra que invocar\numa criatura como essa?	¿Por eso pudiste invocarlo?	Dlaczego więc potrzebujesz\nprzyzywać takiego stwora?	那你為何還要招喚出\n像那樣的怪物呢？	O halde neden böyle bir yaratığı\nçağırman gerekiyor?	
event09_13	I've decided to let the Ifrit\nburn whatever pages remain in the book.	I'll let Ifrit burn the rest of the pages for me.	残りのページは　このイフリートにでも\n燃やしてもらうこととしよう	Dejaré que el ifrit calcine\nlas páginas restantes.	Оставшиеся страницы Ифрит сожжёт\nи без моей помощи.	Ich beschloss, den Ifrit sämtliche übrigen Seiten\nim Buch niederbrennen zu lassen.	Ho deciso che lascerò bruciare\nil resto delle pagine a Ifrit.	Jag har bestämt mig för att låta Ifriten\nbränna de sidor som finns kvar i boken.	Eu decidi deixar o Ifrit\nqueimar as páginas restantes desse livro.	Dejaré que las llamas de este ifrit\nse encarguen del resto de las páginas.	Zdecydowałem, że Ifrit spali resztę\npozostałych stron tej książki.	我決定讓伊弗利特把這本書內剩下來的書頁給燒盡。	Ifrit'in kitapta kalan sayfaları\nyakmasına karar verdim.	
event09_14	You, blue RAT!	You, blue sewer rat.	そこの青いドブネズミ	Tú, asquerosa rata azul.	А теперь ответь мне, крыса!	Du, blaue RATTE!	Tu, RATTO blu!	Du, blå RÅTTA!	Você, RATO azul!	Tú, sucia rata azul,	Ty, niebieski SZCZURZE!	你，藍色老鼠啊！	Sen, mavi FARE!	
event09_15	Have you gathered the seven rings yet?	Are you collecting the seven rings?	７つのリングは　集めているのか？	¿Estás reuniendo los Anillos como te pedí?	Ты собираешь кольца, как я приказал?	Hast du schon die sieben Ringe beisammen?	Ce l'hai fatta a raccogliere i sette anelli?	Har du samlat ihop de sju ringarna än?	Já juntou os sete anéis?	¿ya reuniste mis siete Anillos?	Zebrałeś już dla mnie siedem pierścieni?	你收集完七枚戒指了沒有？	Yedi yüzüğü topladın mı bakalım?	
event09_16	And enough of that RAT stuff....seriously!	Hey, hey! I'm not a sewer rat.	オイオイ　オレはドブネズミじゃない	¡Oye! ¡Que no soy una rata!	Эй-эй, повторюсь, я не крыса!	Genug von diesem Ratten-Käse, ernsthaft!	E basta con la storia del "ratto"...seriamente!	Och nog med det där RÅT-grejerna....på allvar!	Chega dessa coisa de rato... sério!	¡Oye, ya te dije que no soy una rata!	Odpuść sobie już z tym SZCZUREM.... serio!	一直叫我老鼠叫夠了沒有啊！	Ve bu FARE muhabbetinden yeter artık... cidden!	
event09_17	I'm a hedgehog! HEDGE-HOG!	I'm a H-E-D-G-E-H-O-G!	ハ・リ・ネ・ズ・ミ　だ！	¡Soy un E-RI-ZO!	Я ЁЖ!	Ich bin ein Igel! I-GEL!	Sono un riccio! RIC-CIO!	Jag är en igelkott! IGEL-KOTT!	Eu sou um ouriço! OU-RI-ÇO!	¡Soy un E-RI-ZO!	Jestem jeżem!\nJE-ŻEM!	我是隻刺蝟！刺！蝟！	Ben bir kirpiyim! KİR-Pİ!	
event09_18	All you filthy vermin are worthless\njust the same...	A filthy, lowly creature all the same.	薄汚い下等生物に変わりはあるまい	No creo que haya diferencia entre tú\ny esas criaturas inmundas.	Неважно, все мерзкие паразиты одинаковы.	Oh, das ist dasselbe in Grün!\nUngeziefer bleibt Ungeziefer...	Tutti voi schifosi vermi non avete alcun valore\nugualmente.	Alla er smutsiga ohyror\när lika värdelösa...	Todos vocês vermes imundos\nsão igualmente inúteis...	Ambas especies, asquerosas e inferiores criaturas.	Wy wszystkie brudne robaki jesteście\ntak samo bezwartościowe...	你們這些骯髒害蟲都一樣沒用……	Siz pislik haşerelerin hepsi aynı şekilde değersizsiniz...	
event09_19	At any rate, you'd better hurry it up!	At any rate...You'd better hurry up.	それに…　早くしたほうがよかろう	Sea cómo sea...\nSerá mejor que te des prisa.	И на твоём месте... я бы поспешил.	Wie auch immer, du hältst dich besser ran!	In qualunque modo, è meglio che ti sbrighi!	Hur som helst, det är bäst att du skyndar dig!	De qualquer forma, é melhor se apressar!	¡Cómo sea, mejor date prisa!	W każdym razie, lepiej się pośpiesz!	不管怎樣，你最好動作快點！	Her halükarda, acele etsen iyi olur!	
event09_20	Dang!	Tsk!	チッ！	¡Tch!	Чёрт!	Mist!	Cavolo!	Jäklar!	Droga!	¡Tch!	Kurna!	可惡！	Kahretsin!	
event09_21	With only half of the flame left,\nonly half of your life force remains.	Your life is already half gone...That's all.	キサマの命も半分を切った…\nというわけだ	Y ten muy claro que ya se ha desvanecido...\nla mitad de tu fuerza vital.	Потому что от твоей жизни осталась\nлишь половина... А потом... смерть.	Mit halber Flamme bleibt auch nur noch\ndie Hälfte deiner Lebenskraft übrig.	Con solo metà della fiamma rimasta,\nsolo metà della tua forza vitale rimane.	Med bara hälften av lågan kvar,\nbara hälften av din livskraft återstår.	Com apenas metade da chama,\nresta somente metade da sua força vital.	Como verás, te resta menos de la mitad de tu vida.	Zostało ci tylko pół płomienia,\nz tym tylko pół twojego życia.	燒到剩下一半的火焰，\n你的生命力量也只剩下一半了。	Alevin sadece yarısı kaldığına göre, yaşam\ngücünün de sadece yarısı kalmıştır.	
event09_22	Wait!!	Hold it!!	まて！！	¡Espera!	Стой!	Warte!!	Aspetta!!	Vänta!!	Espera!!	¡Alto!	Czekaj!	等等！！	Bekle!!	
event09_23	Roooaarr!		ゴッフォー	¡Groaaaaaaaar!	Гр-р-р-р!	Roooaarr!	Roooaarr!	Roooaarr!	Roooaarr!	*rugido*	Raaagh!	吼吼吼！	Roooaarr!	
event09_24	Hey, you!\nGet out of our way!	Tch, out of the way! \nI'll take you out in a flash!	チッ　邪魔だ！\nこんなヤツひとヒネリだぜ！	¡Tch! ¡No estorbes! ¡Ni siquiera tienes una oportunidad contra mí!	Чёрт, не мешай!\nЯ с тем ещё не закончил!	Hey, du!\nMach 'nen Abgang!	Hey, tu!\nFuori dalla mia strada!	Hallå, du!\nGå ur vägen!	Ei, você!\nSai do nosso caminho!	¡Agh, ya basta, maldito estorbo!	Hej, ty!\nZłaż nam z drogi!	喂！給我閃邊去！	Hey, sen!\nYolumuzdan çekil!	
event09_25	What the...? That didn't work?	What the? That didn't work!?	なんだ　きかない！？	¿Eh? ¿Ni un rasguño?	Что? Не сработало?	Was...? Es klappt nicht!	Ma che...? Non ha funzionato?	Vad i...? Det där fungerade inte?	Mas o que...? Isso não funcionou?	¡¿Qué?! ¡No funcionó!	Co do- ? To nie zadziałało?	什麼……？\n我的攻擊沒有用嗎？	Bu da ne...? İşe yaramadı mı?	
event09_26	It's no use, Sonic!		ダメよ　ソニック！！	¡Déjalo, Sonic!	Не надо, Соник!	Es bringt nichts, Sonic!	Non c'è modo, Sonic!	Det är ingen idé, Sonic!	Não adianta, Sonic!	¡No, Sonic!	To na nic, Sonic!	沒用的，索尼克！	İşe yaramaz, Sonic!	
event09_27	Your life is tied to the flame!\nYou cannot fight fire with fire!	Your body is tied to flames right now.\nYou cannot fight fire with fire!!	アナタの体は今　火の領界に属している\n火で炎をうつことはできないわ！！	Tu cuerpo ahora pertenece al reino de las\nllamas... ¡No puedes combatir fuego con fuego!	Твоё тело непрерывно испускает пламя,\nа огонь огнём победить нельзя!	Dein Leben ist an die Flamme gebunden!\nDu kannst nicht Feuer mit Feuer bekämpfen!	La tua vita è legata a quella fiamma!\nNon puoi combattere il fuoco con il fuoco!	Ditt liv är bundet till lågan!\nDu kan inte bekämpa eld med eld!	Sua vida está ligada a chama!\nVocê não pode enfrentar fogo com fogo!	¡Tu cuerpo ahora pertenece al reino del fuego!\n¡No puedes combatir el fuego con fuego!	Twoje życie jest przywiązane z płomieniem!\nNie da się zwalczyć ognia ogniem!	你的生命和那火焰繫在一起了！\n你不能以火攻火！	Hayatın alevlere bağlı!\nAteşle ateşe savaşamazsınız!	
event09_28	Oh yeah? Just watch me!	Now he's done it!	やってくれるぜ！！	¡Oh, venga ya!	Да что ж такое!	Ach ja? Schau mal genau hin!	Ah si? Te lo faccio vedere io!	Jaha? Titta bara på mig!	Ah, é? Então tá!	¡Ahora sí nos jodió!	Ta? To patrz na mnie!	是嗎？看我的！	Oh öyle mi? Sadece izle beni!	
event09_29	Oh, this does NOT look good!\nShahra! Lend me your power!	We're in a bit of a pinch!\nShahra, I'm borrowing your power!	ちょっとピンチじゃないか！\nシャーラ　お前の力　借りるぜ！	Vaya situación peliaguda...\nShara, ¡tendré que usar tu poder!	Не в моей привычке, но...\nШахра! Одолжи-ка свою силу.	Andererseits, sieht das GAR nicht gut aus!\nShahra! Leih mir deine Macht!	Oh, questo non porta per niente bene!\nShahra! Prestami il tuo potere!	Åh, det här ser INTE bra ut!\nShahra! Låna mig din kraft!	Ah, Isso não é nada bom!\nShahra! Me dê sua força!	¡Estamos en problemas!\n¡Shahra, necesitaré tu ayuda!	Oj, to nie wygląda dobrze!\nShahra! Użycz mi swojej siły!	看起來不妙！\n夏拉！把你的力量借給我！	Ah, bu HİÇ iyi görünmüyor!\nShahra! Bana gücünü ver!	
event09_30	"""Time Break!!"""	"Time Break!!"	『タイムブレイク！！』	¡"""Ralentización"""!	"""Замедление!"""	"""Time Break!!"""	"Rottura del Tempo!!"	"""Tidsbrytning!!"""	"""Atraso Temporal!!"""	"""¡Time Break!"""	"""Zryw Czasu!"""	「時間突破！」	"Zaman Dondurma!!"	
event09_31	Sorry, but we've got to run!	At times like these, running is winning.	こういうときは逃げるが勝ちさ	A veces el mejor ataque es una retirada.	В таких случаях... побег - залог успеха.	Sorry, wir sind dann mal weg!	Scusa, ma dobbiamo correre!	Förlåt, men vi måste springa!	Foi mal, fica pra próxima!	¡Más vale """aquí corrió""" que """aquí murió"""!	Sorki, ale musimy spadać!	抱歉，但我們得先走啦！	Üzgünüm, ama koşmamız lazım!	
event09_32	Don't worry - I'm sure we'll get\nthe chance to play again real soon!	See ya! I'll play with you again next time!	あばよ　また今度あそんでやるぜ！	¡Chao! ¡Ya habrá tiempo para jugar más tarde!	Пока-пока! Потом ещё раз поиграем!	Aber keine Sorge - wir bekommen\nunser Rematch noch früh genug!	Non ti preoccupare - sono sicuro che avremo\nl'opportunità di giocare di nuovo molto presto!	Oroa dig inte – jag är säker på att vi får\nchansen att leka igen riktigt snart!	Não se preocupa, tenho certeza de que vamos\nter a chance de brincar de novo em breve!	¡Adiós! ¡Jugaremos de nuevo pronto!	Nic się nie martw - Na pewno dostaniemy\nszansę znowu się pobawić! 	別擔心，我們肯定很快就有機會再一起玩！	Merak etme, eminim çok yakında\ntekrar oynama fırsatımız olacak!	
														
event10_name	Ali-Baba's Advice	Ali-Baba's Advice, a New Adventure	アリババの助言、新たな冒険	El Consejo de Alí Babá	Совет от Али-Бабы.	Ali-Babas guter Rat	Il consiglio di Ali-Baba	Ali-Babas Råd	Conselho de Ali Babá	El consejo de Alí Babá, una nueva aventura	Rada Ali-Baby	阿里巴巴的建議	Ali-Baba'nın Tavsiyeleri	
event10_1	...Then we escaped back here.	...And that's what happened.	ってワケなんだ	...y por eso estamos aquí.	...вот такие дела.	...und schon waren wir wieder hier.	 ...Poi siamo scappati di qua.	...Sedan flydde vi tillbaka hit.	...foi isso que aconteceu.	...y así están las cosas.	... Po czym uciekliśmy spowrotem tutaj.	……於是我們就逃回這裡。	...Sonra buraya geri kaçtık.	
event10_2	Hmmmm.\nWell, let's see...	Hmm, maybe...	うーん\nもしかしたら…	Mmmmm... Ya veo...	М-м-м...	Hmmm.\nMal sehen...	Mmmmh.\mBene, vediamo...	Hmmm.\nNå, nu ska vi se...	Hmmmm.\nBem, vejamos...	Mmm... Tal vez...	Hmmm.\nCóż, zobaczmy...	嗯……讓我想想喔……	Hmmmm.\nPeki, bir bakalım...	
event10_3	My friend Sinbad might be able to share	If you asked my friend Sinbad,	ボクの友達のシンドバッドなら	A lo mejor mi buen amigo Simbad	Нам надо обратиться к моему другу, Синдбаду.	Mein Freund Sindbad teilt bestimmt etwas	Il mio amico Sinbad potrebbe passarti	Min vän Sinbad kanske kan dela med sig	Meu amigo Simbad pode te ajudar,	...mi amigo Simbad	Mój przyjaciel Sinbad może być w stanie	我的朋友辛巴達，	Arkadaşım Sinbad, dünyevi bilgilerinden 	
event10_4	Some of his worldly knowledge with you.	He might be able to give some good ideas...	いい知恵を貸してくれるかも…	puede compartir con vosotros uno de sus sabios consejos.	Думаю, он сможет помочь.	von seiner Welterfahrung mit euch.	Un'pò della sua conoscenza del mondo con te.	Av en del av hans världsliga kunskap med dig.	ele sabe de muitas coisas sobre esse mundo.	pueda brindar algún sabio consejo.	Podzielić się swoją wiedzą z tobą.	他或許能和你們分享些他的\n世俗智慧。	bazılarını sizinle paylaşabilir.	
event10_5	So, where is he?	So, where is that guy?	で　そいつはドコにいるんだ？	Vale, y ¿dónde se encuentra?	А... и где же нам его искать?	Und wo steckt er?	Quindi, dove si trova?	Så, var är han?	E... onde ele está?	Bueno, ¿dónde está ese tipo?	To gdzie go znajdę?	那他在哪裡？	Peki, o nerede?	
event10_6	Well, according to rumor,\nhe was fighting some pirates	Rumor has it that he was fighting some pirates	うわさだと　ある島で海賊と戦って	Se rumorea que estaba en alguna isla,\ninvolucrado en una lucha pirata,	По слухам, он сражался с пиратами\nна одном острове,	Nun, Gerüchten zufolge kämpfte er\ngegen eine Bande Piraten,	Ecco, secondo le voci,\nstava combattendo dei pirati	Nå, enligt ryktet,\nslogs han mot några pirater.	Bom, de acordo com rumores,\nele estava brigando com uns piratas	Dicen los rumores que peleaba\ncontra piratas en una isla	Cóż, na podstawie pogłosek,\nwalczył z jakimiś piratami	根據傳聞，\n他本來在和一些海盜打鬥，	Söylentilere göre, Rukh\ntarafından kaçırıldığında	
event10_7	When he was taken away by the Rukh.	And got captured by the Rukh.	ルフ鳥にさらわれたらしいんだよね	cuando unos ruc se lo llevaron.	и его похитила птица Рух.	als er vom Rukh entführt wurde.	Quando è stato catturato dal Rukh.	När han fördes bort av Rukh.	E foi capturado pelo Roca.	cuando fue raptado por el Rokh.	Po czym zabrał go Rukh.	但是他後來被洛克鳥抓走了。	bazı korsanlarla savaşıyordu.	
event10_8	The Rukh...	The Rukh...	ルフ鳥…	¿Unos """ruc"""...?	Птица Рух?..	Vom Rukh...?	Il Rukh...	Rukhen...	O Roca...	El Rokh...	Rukh...	洛克鳥……	Rukh...	
event10_9	It's a giant bird.		巨大な鳥さ	Son unos pájaros colosales.	Это огромная птица.	Ein gigantischer Vogel.	È un uccello gigante.	Det är en gigantisk fågel.	É um pássaro gigante.	Es un pájaro gigante.	To gigantyczny ptak.	那是一種巨鳥。	O devasa bir kuş.	
event10_10	Well, not exactly a bird.\nIt's more like a living fossil.	Though it's more like a living fossil than a bird.	鳥っていっても　もう\n生きる化石みたいなものなんだけどね	Bueno, digo """pájaros""", pero a estas alturas\nson más bien fósiles vivientes.	Ну, не совсем птица, скорее что-то\nвроде живого ископаемого.	Oder viel mehr das lebende Fossil\neines gigantischen Vogels.	Cioè, non esattamente un uccello.\nÈ più come un fossile vivente.	Tja, inte direkt en fågel.\nDet är mer som ett levande fossil.	Bom, não exatamente um pássaro.\nÉ mais um fóssil vivo.	Aunque es más como un fósil viviente que un ave.	No, nie do końca ptak.\nBardziej jak żywa skamielina.	它並不完全算是鳥類。\n它比較像是個活生生的化石。	Aslında tam olarak bir kuş değil.\nDaha çok yaşayan bir fosil gibi.	
event10_11	Huh. Well, okay, so then where is\nthis, er...bird thing?	Hmm. So, where is it? That...whatever bird thing?	ふーん　で　どこにいるんだ？\nそのナントカ鳥は…	Mmm... Vale, y ¿dónde se encuentran los pájaros... esos?	А-а.. А где её искать?\nНу, эту какую-то там птицу.	Oh. Tja, okay, und wo finde ich\ndieses... Vogel-Dingens?	Huh. Beh, okay, quindi dove si trova\nquesto, ehm... uccello-coso?	Huh. Jaha, okej, så var är då den\här, er...fågelgrejen?	Ah. Bem, certo, e onde está esse... tal pássaro?	Umm... Bueno, ¿dónde está... este... pajarraco?	Hm. No okej, w takim razie gdzie jest\nten yy... ptakowaty cosiek?	嗯，好喔，那這個，\n呃……這隻鳥在哪裡？	Hımm. Pekala, peki o zaman bu,\neee... kuş benzeri şey nerede?	
event10_12	I think the Rukh flocks someplace out\nin the skies to the west.	I think the Rukh are flying as a flock\nover the western sky right now.	ルフ鳥は今　群れとなって\n西の空を飛んでると思うよ。	Creo que los pájaros ruc están volando\nen bandada por occidente.	По моим наблюдениям, Рух летают стаями\nна небе к западу отсюда.	Ich glaube, ich sah den Rukh irgendwo\nam westlichen Himmel entlangfliegen.	Penso che il Rukh si raduni presso\ni cieli verso l'ovest.	Jag tror att Rukharna samlas någonstans\nute i himlen i väster.	Acho que o Roca voa em grupos nos céus para o oeste.	Me parece que la parvada del Rokh\nestá volando en los cielos occidentales.	Sądze, że Rukh kręci się\ngdzieś w powietrzu na zachodzie.	洛克鳥應該都群聚在西方\n天空中的某處。	Bence Rukh  batıdaki gökyüzünde\nbir yerlerde uçuyor.	
event10_13	The skies, huh? OK!\nHey, Shahra!	The skies, huh?\n...OK! Shahra!	空か…　ＯＫ！\nシャーラ！	Conque están en el cielo...\n¡Escucha, Shara!	На небе? Хорошо!\nШахра!	Am Himmel, was? OK!\nHey, Shahra!	I cieli, eh? OK!\nHey, Shahra!	Himlen, va? Okej!\nDu, Shahra!	Nos céus, né? Beleza!\nEi Shahra!	El cielo... ¡Bien! Shahra.	W powietrzu, co? Spoko!\nHej, Shahra!	天空嗎？ＯＫ！\n嘿，夏拉！	Gökyüzü, huh? Tamam!\nHey, Shahra!	
event10_14	"""O Master, what is thy wish?"""	"What do you wish for, my Master?\nI am at your command."	「なにがお望みでしょう?\nご主人さま　なんなりとご命令を」	"""A su servicio, mi amo.\nSus deseos son órdenes""".	Чего желаете, мой Господин?\nТолько скажите, и желание исполнится.	"""Oh Meister, wie lautet dein Wunsch?"""	"""O Maestro, qual'è il suo desiderio?"""	"""O Mästare, vad är din önskan?"""	"""Ó Mestre, qual é o seu desejo?"""	"""¿Qué es lo que desea, mi amo?\nSus deseos son órdenes."""	"Oh Mistrzu, jakie jest twoje życzenie?"	「喔主人啊，您有何願望？」	"Ey Üstat, dileğiniz nedir?"	
event10_15	We need that magic carpet! We've got\nourselves a Rukh to track down!	Let's use the magic carpet!\nFly us to the back of those Rukh bird things!	マジックカーペットでいくぜ！\nルフ鳥とやらの背中まで運んでくれ！	¡Vamos en alfombra mágica!\n¡Tenemos que ir volando hasta esos ruc!	Наколдуй нам ковёр-самолёт!\nИ доставь меня к этим птицам!	Wir brauchen deinen fliegenden Teppich!\nDann stöbern wir mal einen Rukh auf!	Ci serve quel tappeto magico! Abbiamo\nun Rukh da trovare!	Vi behöver den där magiska mattan!\nVi har en Rukh att spåra!	Precisamos daquele tapete mágico!\nNós temos que procurar o Roca!	¡Volemos en una alfombra voladora!\n¡Vamos a seguir a ese... eh... Rokh-yo-qué-sé!	Potrzebujemy ten magiczny dywan!\nMamy ptaka do złapania!	我們需要那個魔法飛毯！\n我們得追上那隻洛克鳥！	O sihirli halıya ihtiyacımız var!\nRukh'u bulmamız gerekiyor!	
														
event11_name	Meeting Sinbad	An Adventurer Who Has Traveled Across the 7 Seas?!	７つの海をまたにかけた冒険者！？	Encuentro con Simbad	Заключённый Синдбад.	Begegnung mit Sindbad	Incontrando Sinbad	Möte med Sinbad	Encontrando Simbad	¡¿Un aventurero que ha cruzado los siete mares?!	Spotkanie Sinbada	遇見辛巴達	Sinbadla Tanışma	
event11_1	Hey, Knuckles!\nHow'd you get here?	Hey, Knuckles!\nIt's you isn't it!?	Ｈｅｙ！　ナックルズ！\nナックルズじゃないか！	¡Anda! ¡Pero si es Knuckles!\n¿No?	Эй! Наклз!\nНаклз, это ж ты, да?	Hey, Knuckles!\nWie kommst 'n du hier her?	Hey, Knuckles!\nCome ci sei finito qui?	Hej Knuckles!\nHur hamnade du här?	Ei, Knuckles!\nComo você chegou aqui?	¡Ey, Knuckles! Sí eres Knuckles, ¿verdad?	Hej, Knuckles!\nJak tyś się tu znalazł?	嘿，納克魯斯！\n你怎麼到這裡的？	Hey, Knuckles!\nBuraya nasıl geldin?	
event11_2	I am Sinbad of the Seven Seas!\nAdventurer of adventurers.	I am Sinbad, the adventurer who crossed the seven seas.	俺は７つの海を股にかけた\n冒険者「シンドバッド」だ	Soy Simbad el Marino, aquel que\nnavegó los siete mares.	Я бороздил по семи морям в поисках\nсокровищ, зовут меня Синдбад.	Ich bin Sindbad, Herr der Sieben Meere!\nUnd größter aller Abenteurer.	Io sono Sinbad dei Sette Mari!\nAvventuriero degli avventurieri!	Jag är Sinbad från de Sju Haven!\nÄventyrarnas äventyrare.	Eu sou Simbad dos Sete Mares!\nO aventureiro dos aventureiros.	Soy Simbad, el aventurero que\nnavegó por los siete mares.	Jestem Sinbadem Siedmiu Mórz!\nPoszukiwaczem przygód nad przygodami.	我是航行七海的辛巴達！\n是冒險者中之最。	Ben Yedi Denizlerin Sinbad'ıyım!\nMaceracıların maceracısı.	
event11_3	Who the heck are you?		君はいったいだれだ？	 ¿Y tú quién rayos eres?	Ты кто такой вообще?	Wer zum Geier bist du?	Chi diamine sei tu?	Vem i helvete är du?	Quem diabos é você?	¿Quién demonios eres tú?	Kim ty do licha masz być?	你是什麼人？	Sende kimsin?	
event11_4	Oh, Sinbad!\nIt truly is you, the great adventurer?	Oh, great adventurer Sinbad,	おぉ\nいだいな冒険者　シンドバッドさま	¡Ooh! Simbad,\n¡el grandioso aventurero!	О-ох! Великий Синдбад-мореход!	Oh, Sindbad! Ihr seid es wirklich!\nDer große Abenteurer!	Oh, Sinbad!\nSei veramente tu, il grande avventuriero!	Åh, Sinbad!\nDet verkligen är du, den store äventyraren?	Ó, Simbad!\nÉ você mesmo? O grande aventureiro?	Oh, gran aventurero Simbad.	Oh, Sinbad,\nto naprawdę ty, wielki podróżnik?	喔，辛巴達！\n真的是你嗎，偉大的冒險者？	Ah, Sinbad!\nGerçekten de sen misin, o büyük maceracı?	
event11_5	Would you be willing to give us some\nof your worldly wisdom?	Would you be so kind as to lend us\nyour unparallelled wisdom?	その　たぐいまれなる　お知恵を\n私どもに貸していただけませんか？	¿Podría compartir con nosotros un\nápice de su infinita sabiduría?	Не могли бы вы поделиться с нами...\nсвоей житейской мудростью?	Wärt Ihr so gütig, uns an Eurer Weisheit\nteilhaben zu lassen?	Saresti disposto a darci un'pò della tua\nsaggezza di vita?	Skulle du vara villig att dela med dig av\nlite av din världsliga visdom?	Você poderia compartilhar sua sabedoria conosco?	¿Podríamos contar con su incomparable sabiduría?	Czy byłbyś w stanie użyczyć nam\nswojej wielkiej wiedzy?	你願意分享給我們一些你的世俗智慧嗎？	Bize dünyevi bilgeliğinizden birazını paylaşmaya razı olur musunuz?	
event11_6	Hey, er, Miss...uh...	Lady, um...	レディ　え…っと	Bueno, señorita-- Eh...	Леди, э-э...	Hey, ähm, Miss...öhm...	Hey, erm, Signora...uh...	Hallå, eh, Fröken... uh...	Ei, é... Senhorita... ah...	Señorita... eh...	Hej, ee, Pani... erm...	嘿，呃……那個……	Hey, er, Bayan...uh...	
event11_7	Shahra.	It's Shahra.	シャーラです	Shara.	Я Шахра.	Sharah.	Shahra.	Shahra.	Shahra.	Shahra.	Shahra.	我叫夏拉。	Shahra.	
event11_8	Shahra.		シャーラ	...Shara.	Шахра.	Sharah.	Shahra.	Shahra.	Shahra.	Shahra.	Shahra.	夏拉。	Shahra.	
event11_9	Listen, I hate to break it to you,\nbut I'm kind of stuck, here.	Regrettably, I am trapped.	残念だが　私は閉じ込められた身	Desafortunadamente, estoy aquí encerrado.	К сожалению, меня заточили здесь.	Hör mal, tut mir leid dich enttäuschen zu müssen,\naber ich sitze hier irgendwie fest.	Ascolta, mi dispiace deluderti,\nma sono bloccato qui. 	Lyssna, jag hatar att behöva säga det här,\nmen jag har liksom fastnat, här.	Escuta, odeio ser estraga prazeres,\nmas eu meio que tô preso aqui.	Lamentablemente, me encuentro confinado.	Słuchaj. Nie chce nic mówić,\nale tak jakby tutaj utknąłem.	聽著，我很遺憾地告訴你，\n我現在被困在這裡了。	Dinleyin, sizi böldüğüm için üzgünüm,\nama ben burada biraz, mahsur kaldım.	
event11_10	YOU'RE the ones who should\nbe helping me.	It is me who would like to ask you a favor.	お願いしたいのは\nこちらのほうです	Así que ahora mismo soy yo\nel que necesita ayuda.	И помощь нужна сначала мне.	IHR seid diejenigen, die MIR helfen sollten.	Dovreste essere VOI quelli\nche aiutano me.	Det är NI som borde\nhjälpa mig.	VOCÊS é que deveriam estar me ajudando!	Soy yo quien debe pedirles ayuda.	WY powinniście mi pomagać.	所以應該幫助我的人，\n是你才對。	Bana yardım etmesi\ngerekenler SİZSİNİZ.	
event11_11	I feel a strong magical force here.	I sense powerful magic here, too.	ここにも　強力な魔法の力を感じます	Aquí también percibo una poderosa magia.	Я чувствую присутствие мощной магии.	Ich kann eine starke magische Aura spüren.	Sento una grande forza magica qui.	Jag känner en stark magisk kraft här.	Eu sinto uma força mágica forte aqui.	Aquí también percibo una poderosa magia.	Czuję tutaj silną magiczną moc.	我感覺得到這裡有股\n很強大的魔力。	Burada güçlü bir büyülü enerji hissediyorum.	
event11_12	It must be the work of the Erazor Djinn.	Perhaps it is the work of Erazor Djinn.	おそらくイレイザー・ジンのしわざ	Sospecho que es obra de Erazor el Yinn.	Снова... работа Эрейзора Джинна.	Das muss das Werk des Erazor Djinns sein!	Dev'essere opera di Erazor Djinn.	Det måste vara Erazor Djinnens verk.	Isso deve ser obra do Erazor Djinn.	Podría ser obra de Erazor, el Genio.	To musi być sprawka Erazora Dżina.	這肯定是伊萊薩的所作所為。	Erazor Cinin işi olmalı.	
event11_13	Which means if we can break the spell,\nwe can undo this lock!	...So, we just have to break the spell\nand open the lock, right?	…となると　魔法をといて\nこの鍵をあければいいのですね？	Así que rompiendo el hechizo,\ndebería abrirse la puerta.	Получается, надо снять заклятие\nи открыть эту дверь?	Wenn wir es also schaffen, den Zauber zu brechen,\nsollte das auch das Käfigschloss öffnen!	Ciò vuol dire che se rompiamo l'incantesimo,\npossiamo aprire questo lucchetto!	Vilket betyder att om vi kan bryta förtrollningen,\nkan vi lossa det här låset!	O que significa que se conseguirmos quebrar o feitiço,\n poderemos abrir a fechadura!	En ese caso, disipando la magia\nse podría desbloquear esto.	Co znaczy, że jak złamiemy zaklęcie,\nmożemy złamać też ten zamek!	這代表著要是我們能破除咒語，\n我們就能把鎖解開！	Yani eğer büyüyü bozabilirsek,\nbu kilidi de açabiliriz!	
event11_14	Now you're talking,\nthat's the ticket, Shahra!	Oh, Shahra, that is correct.	おぉ　シャーラそのとおりです	¡Tiene todo el sentido del mundo!	Да, Шахра, всё верно.	Na also! Das ist doch mal ein Wort, Shahra!	Ora si che stai ragionando,\nbene così, Shahra!	Nu pratar du,\ndet är biljetten, Shahra!	Agora tá falando a minha língua, mandou bem, Shahra!	Oh, Shahra, tienes razón.	I to ja rozumiem, Shahra!	對嘛，這樣子就對了，夏拉！	İşte şimdi doğru konuşuyorsun,\nişte bu Shahra!	
event11_15	Come on, Shahra,\nlet's just leave him there.	If he can't even get out of here,\nlet's leave him be.	こんなところも　出られないやつ\nほっとこうぜ	Ahora larguémonos. Si no puede salir\nél solo, ya se las apañará.	Ум привёл его за решётку.\nМожет, ну его?	Ach, komm schon, Shahra.\nLassen wir ihn einfach hier.	Dai, Shahra,\nlasciamolo lì.	Kom igen, Shahra,\nlåt oss bara lämnar honom där.	Anda, Shahra,\nvamos largar ele aí.	Si no puede salir solo, mejor dejémoslo ahí.	Daj se siana Shahra, po prostu\nzostawmy go tutaj.	來嘛，夏拉。\n我們不要管他了。	Hadi Shahra,\nonu orada bırakalım.	
event11_16	Hey, listen, hedgehog!	Hey, hedgehog.	おぃ　そこのハリネズミ	¡Escucha, erizo!	Послушай-ка, ёж!	Hey, pass auf, Freundchen!	Hey, ascolta, riccio!	Hörru, lyssna, igelkott!	Ei, escuta aqui, ouriço!	Oye, tú, erizo.	Hej, słuchaj, jeżu!	喂，聽著，那個刺蝟！	Hey, dinle, kirpi!	
event11_17	Life's a game of give and take, see?\nYou help me get out of here...	Let's do some give-and-take.\nYou get me out of here.	ギブアンドテイクで　いこうぜ\nお前がオレ様をここから出す	¿Qué tal si hacemos un trato?\nTú me sacas a mí de aquí, y	Давай заключим сделку!\nВы меня отсюда вытаскиваете, а я...	Das Leben ist ein Geben und Nehmen,\noder etwa nicht?	La vita è un gioco di dare e avere, capisci?\n Tu mi aiuti a uscire...	Livet är ett spel av givande och tagande, förstår du?\nDu hjälper mig att komma härifrån...	Que tal um acordo?\nVocê me ajuda a sair daqui...	Hagamos un trato. Sácame de aquí\ny te prestaré mi sabiduría.	Życie to gra dawania i brania, rozumiesz?\nTy pomożesz mi się stąd wydostać...	人生就是場捨與得的遊戲，你明白嗎？\n只要你先幫我離開這裡……	Hayat bir al ver oyunu, anlıyor musun?\nBana buradan çıkmamda yardım etmelisin...	
event11_18	...And in return, I'll help you out later.\nNot a bad deal, huh?	Then, I shall lend you my wisdom.\nNot a bad deal, right?	そしたらオレ様が知恵を貸す\nどうだ　わるくないだろ？	a cambio, os presto mi sabiduría.\n¿Que te parece? Nada mal, ¿eh?	поделюсь с вами мудростью.\nНу как? По рукам?	Ihr holt mich aus diesem Käfig raus, und im Gegenzug\nhelfe ich euch danach. Gar nicht mal so übel, hä?	...E in cambio, io ti aiuto subito dopo.\nNon male come offerta, eh?	...Och i gengäld, så hjälper jag dig senare.\nInte en dålig affär, eller hur?	...e em troca, eu te mostro a minha sabedoria depois.\nNão é um mal negócio, né?	¿Qué me dices? No está mal, ¿eh?	... I w zamian, ja pomogę Tobie.\nChyba jesteśmy umówieni, co nie?	……作為回報，我接下來就會幫你。\n這筆交易還不賴吧？	...Karşılığında ben de sana daha sonra yardımcı olacağım.\nFena bir anlaşma değil, değil mi?	
event11_19	Wisdom...Knuckles?	Kunckles's wisdom, huh...	ナックルズの知恵ねぇ…	Sabiduría... ¿¿de Knuckles??	Мудростью Наклза...	Weisheit... Knuckles?!	Saggezza...Knuckles?	Visdom...Knuckles?	Sabedoria? Knuckles?	¿La sabiduría de Knuckles?	Wiedza... Knuckles?	納克魯斯……智慧？	Bilgelik...Knuckles?	
event11_20	?		？	¿Hum?	М-м?	?	?	?	?	¿Eh?	?	？	?	
event11_21	Ah, never mind.\nCome on, let's find that key.	Oh, it's nothing.\nWell then, let's look for a key or whatever.	いや　なんでもない\nそれじゃ　鍵でも何でも探すとするか	Nada, nada. Pues entonces buscemos la\nforma de liberarlo.	Да нет, ничего.\nНу что ж, тогда нам нужно отыскать ключ.	Ach, gar nichts. Komm schon,\nfinden wir diesen Schlüssel!	Ah, come non detto.\nDai, andiamo, cerchiamo quella chiave.	Ah, det va inget.\nKom igen, låt oss hitta nyckeln.	Ah, esquece.\nVenha, vamos encontrar essa chave.	A-Ah, no es nada.\nBueno, busquemos la llave o lo que sea.	Eh, nieważne.\nDawaj, znajdżmy ten klucz.	唉，算了。\n走吧，我們去找那把鑰匙。	Ah, her neyse.\nHadi gidip o anahtarı bulalım.	
														
event12_name	The Rescue of Sinbad!	Water for the Fire Genie, But for the Pirates?	炎のマジンには水をカイゾクには何を？	¡El Rescate de Simbad!	Спасение Синдбада!	Sindbads Rettung!	Salvando Sinbad!	Räddningen av Sinbad!	O Resgate de Simbad!	Agua para el majin de fuego,\n¿pero para los piratas?	Ratowanie Sinbada!	拯救辛巴達！	Sinbad'ın Kurtarılması!	
event12_1	Phew! Okay, so about the fire genie, then...	Hmm, a fire genie, huh...	ふぅーん　炎のマジンねえ…	Hum, conque un espíritu de fuego...	М-м-м... Злой дух огня?	Puh! Okay, was den Feuer-Dschinni betrifft...	Phew! Okay, quindi, sullo spirito di fuoco...	Phew! Okej, angående eldanden, då...	Ufa! Beleza, sobre esse espirito de fogo, então...	Mmm... Un majin de fuego, ¿eh?	Fiu! Dobra, więc co do tego ognistego dżina...	呼！好，關於炎之精靈，那個……	Phew! Tamam, o zaman ateş cinine gelelim...	
event12_2	Why not just try splashing\nsome water on him?	Why don't you just pour some water on it, then?	だったら水でもかけりゃ\nいいんじゃねえのか	¿Por qué no probáis a echarle agua encima y ya?	Может, тогда облить его водой?	Habt ihr es schon mal mit Wasser versucht?	Perché non provare semplicemente\na buttargli dell'acqua addosso?	Varför inte bara försöka stänka\nlite vatten på honom?	Por quê você não tenta jogar água nele?	¿Y si le echas agua encima?	Czemu po prostu nie wylejecie\nna niego trochę wody?	你們怎麼不試著給它身上灑點水呢？	Neden üzerine biraz su\nsıçratmayı denemiyorsunuz?	
event12_3	WOW! The wisdom of Sinbad of the Seven\nSeas! The adventurer of adventurers.	That's Sinbad for you,\nthe adventurous king of the seven seas.	さすがは７つの海を股にかけた\n冒険王のシンドバッドさまだぜ	¡Guau! Conque esta es la sabiduría de Simbad el Marino, que surcó los siete mares y es rey de los aventureros.	Да уж... совет, достойный Синдбада,\nморехода, бороздящего по семи морям!	WOW! Die Weisheit von Sindbad,\nHerrn der Sieben Meere, und größtem aller Abenteurer!	WOW! La saggezza di Sinbad dei Sette\nMari! L'avventuriero degli avventurieri.	WOW! Visdomen av Sinbad från de Sju\nHaven! Äventyrarnas äventyrare.	UAU! Então essa é a sabedoria do Simbad dos Sete Mares!\nO aventureiro dos aventureiros.	Ah... ¡Bueno, he aquí Simbad, el aventurero\nque ha navegado los siete mares!	ŁAŁ! Wielka wiedza Sinbada Siedmiu Mórz!\nPodróżnik nad podróżnikami.	哇！不愧是航行七海的辛巴達\n的智慧啊！是冒險者中之最呢。	Vay canına! Yedi Denizlerin Sinbad'ının\nbilgeliği! Maceracıların maceracısı.	
event12_4	Hey, I don't see you coming up with\nany better ideas!	The heck was that?\nWhat would YOU do then?!	なんだ貴様　だったらお前なら\nどうするってんだ！！	¿Cómo osas burlarte, erizo insolente?\n¿¡A ti que se te ocurre, entonces!?	Насмехаешься?\nВидимо, у тебя есть идея получше?	Hey, Held vom Erdbeerfeld!\nWenn du keine bessere Idee hast, mach'n Kopf zu!	Hey, non mi sembra che tu ti\nstia inventando niente di meglio!	Hej, jag ser inte att du kommer på\nnågra bättre idéer!	Ei, não tô vendo você dar\nnenhuma ideia melhor!	¿Te crees muy listo? ¿Entonces qué harías tú?	Hej, nie widzę żebyś miał\njakieś lepsze pomysły!	喂，我可沒看見你想出更好的法子！	Hey, senin daha iyi bir fikir\nbulabileceğini sanmıyorum!	
event12_5	Stop it!	Stop!	ストーップ！！	¡Parad!	Прекратите!	Auszeit!	Smettetela!	Sluta!	Parem!	¡Alto!	Przestańcie!	別吵了！	Kesin şunu!	
event12_6	The problem is, how are we going\nto get ENOUGH water	The question is, how are we going\nto get ENOUGH water	問題は炎のマジンをたおすほどの水を	El verdadero problema es,\n¿de dónde vamos a sacar tanta agua	Проблема в том, что воды надо много,\nдаже слишком.	Die Sache ist doch,\nwoher bekommen wir GENUG Wasser,	Il problema è, come facciamo a prendere\nacqua SUFFICIENTE	Problemet är, hur ska vi\nfå TILLRÄCKLIGT med vatten	O problema é, como nós vamos ter\nágua o suficiente	El problema es cómo obtener SUFICIENTE agua	Problem z tym pomysłem jest zdobycie\nWYSTARCZAJĄCO wody	重點是，我們要上哪找\n足夠的水，	Sorun şu ki, bir yangın cinini söndürmek için\nYETERLİ miktarda 	
event12_7	To put out a fire genie, right?	To put out the flame genie, right?	どうやって手に入れるか？　なんだ	 como para extinguir el fuego del espíritu?	А где столько взять... мы не знаем.	um ein Feuer-Dschinni zu löschen, richtig?	Per spegnere il genio del fuoco, giusto?	Att släcka en eldande, eller hur?	para apagar um espirito de fogo, hein?	para derrotar al majin de fuego.	By ugasić ognistego dżina, co nie?	然後澆熄炎之精靈，對吧？	suyu nasıl bulacağız, değil mi?	
event12_8	I was getting to that.	Hmph, you should have asked that first.	ふん　それを先にいえよ	Je, ya prodría haber preguntado en vez de mofarse.	Хм, так бы сразу и сказал.	Heh, dazu wollte ich gerade kommen.	Ci stavo arrivando.	Jag va påväg dit.	Eu tava chegando lá.	Jum, pudieron empezar por ahí.	Docierałem do tego.	我還沒講完呢。	Oraya geliyordum.	
event12_9	?		？	¿Hum?	М-м?	?	?	?	?	¿?	?	？	?	
event12_10	You see, the pirates who locked me\nup here took the Water Blue Ring	The pirates who locked me up had a light blue ring	俺様を閉じこめた海賊連中が\n嵐をあやつる水色のリングを	Los piratas que me encerraron\ntienen en su posesión	У пиратов, с которыми я сражался,	Wisst ihr, die Piraten, die mich\nhier einsperrten, haben mir den	Vedi, I pirati che mi hanno rinchiuso\nqui hanno preso l'Anello Blu dell'Acqua	Du förstår, piraterna som låste in mig\nhär tog Vattenblå Ringen	Então, os piratas que me prenderam aqui\ntinham um anel azul claro 	Esos piratas que me encerraron tenían	Widzisz, piraci którzy mnie tu zamkneli\nzabrali mój Niebieski Pierścień Wody	把我關在這裡的海盜們，	Gördüğünüz gibi, beni buraya hapseden korsanlar,\nfırtınaları kontrol etmek için	
event12_11	I use to control storms.	That can create storms.	持ってやがったのさ	un anillo celeste capaz de controlar\nlas tempestades.	есть голубое кольцо, которое вызывает бурю.	wasserblauen Ring gestohlen, mit dem ich\nStürme kontrollieren kann.	che uso io per controllare le tempeste.	Som jag använder till att kontrollera stormar.	que controla as tempestades.	un Anillo azul celeste que controla las tormentas.	Którego używam do kontrolowania burzy.	奪走了我用來控制風暴的水藍色戒指。	kullandığım Su Mavisi Yüzüğü'nü çaldılar.	
event12_12	A water blue...	A light blue...	水色の…	Un anillo...	Голубое?..	Ein wasserblauer...	Un anello...	En vattenblå...	Um anel azul...	Un Anillo...	Niebieski...	一枚水藍色的……	Bir su mavisi...	
event12_13	Ring.	Ring...	リング…	celeste.	Кольцо...	Ring.	Azzurro.	Ring.	Claro.	Celeste...	Pierścień.	戒指。	Yüzüğü.	
event12_14	First a fire genie,\nand now pirates, huh?	First a fire genie, then pirate extermination, huh?	炎のマジンの　つぎは海賊退治か	¿Primero a por un espíritu de fuego y\ndespués tras unos piratas?	Сначала дух огня, теперь шайка пиратов?	Erst ein Feuer-Dschinni, und jetzt Piraten, hä?	Prima un genio di fuoco,\ne ora pirati, eh?	Först en eldande,\noch nu pirater, huh?	Primeiro um espirito de fogo,\ne agora piratas, né?	Primero un majin de fuego,\n¿y ahora cazaremos piratas?	Najpierw ognisty dżin, teraz piraci, co?	先是炎之精靈，\n接下來現在的目標是海盜嗎？	Önce bir ateş çini,\nve şimdide korsanlar, huh?	
event12_15	The Arabian Nights really are worlds\nof endless adventures, aren't they?	As expected of the Arabian Nights,\na world where adventure never ends!	さすがアラビアンナイト\n冒険の絶えない世界だぜ	Las mil y una noches realmente es hogar\nde incontables aventuras.	"""Тысяча и одна ночь"""... Действительно,\nмир бесконечных приключений!	Tausendundeine Nacht ist wirklich eine Welt\nder unbegrenzten Abenteuer, was?	Le Mille e una Notte sono veramente mondi\ndi infinite avventure, no?	Tusen och en Natt är verkligen världar\nav oändliga äventyr, eller hur?	As Mil e Uma Noites realmente\nsão mundos de aventuras sem fim, não é mesmo?	"""Las mil y una noches""" son\nun mundo de aventuras sin fin.	Arabskie Noce to naprawdę światy\nnieskończonych przygód, czyż nie?	天方夜譚還真的是個能無止境冒險的世界。	Binbir Gece Masalları gerçekten de\nsonsuz maceralar dünyası, değil mi?	
														
event13_name	The Ring of Prayers	Got the Blue World Ring!	青色の世界リング　ゲート！	El Anillo de la Fe	Вы получили синее\nМировое кольцо!	Der blaue Weltenring	Preso l'Anello Mondiale Blu!	Ringen av Böner	Anel da Esperança	¡Obteniendo el Anillo azul de las Plegarias!	Pierścień Pacierzy	獲得祈禱之戒	Dua Yüzüğü	
event13_1	Man...there's just no end to these\nevil spirits, is there?	Finally...These genies just keep coming out endlessly, huh.	やっとか…　まったくマジンも\nキリなく　でてくるな	Por fin... Buf, hay espíritus para rato.	Наконец-то... что-то этим духам\nконца и края не видно.	Mann...\nDiese bösen Geister nehmen ja gar kein Ende mehr!	Finalmente...Questi geni continuano ad arrivare senza sosta eh...	Herregud... det finns inget slut på dessa\nonda andar, eller hur?	Cara... esses espiritos malignos\n não acabam, né?	Por fin... Caray, esos majin no dejan de aparecer.	O chłopie... Nie ma końca tych\nzłych duchów, prawda?	唉……這些邪惡精靈有完沒完啊。	Vay canına... bu kötü ruhların\nsonu yok gibi, değil mi?	
event13_2	That's...	This is...	これは…	Este es...	А это?..	Ist das...?	Questo è...	Det är...	Esse é...	¿Este es...?	To jest...	那是……	Bu...	
event13_3	It must be another one of\nthe seven World Rings.	This is one of the seven World Rings...	これは７つの世界リングのひとつ…だな	Es otro de los siete Anillos Secretos...	Похоже, это ещё одно из семи\nМировых колец, да?	Das muss noch einer der sieben Weltenringe sein!	Questo è uno dei sette Anelli Mondiali...	Det måste vara ytterligare en av\nde sju Världsringarna.	Deve ser mais um dos\n sete Anéis do Mundo.	Es otro de los siete Anillos mundiales.	To musi być kolejny Pierścień Świata.	那肯定是七枚世界戒指之一。	Bu, yedi Dünya Yüzüğünden\nbir diğeri olmalı.	
event13_4	Are you okay?		大丈夫？	¿Estás bien?	Ты в порядке?	Bist du okay?	Stai bene?	Är du okej?	Você está bem?	¿Estás bien?	Wszystko w porządku?	你還好嗎？	İyi misin?	
event13_5	Yeah, I'm fine.\nOk...alright.	Okay. All right!	ＯＫ\nＡＬＬ　ＲＩＧＨＴ！	Sí. No te preocupes.	Да!\nЯ в норме!	Ja, alles bestens.\nOK... Alles klar.	Si, sto bene...	Ja, jag mår bra.\nOk...okej.	Sim, tô bem.\nOk... certo.	Sí. Muy bien...	Tak, tak, ale...	嗯，我還好。\nOK……好。	Evet, iyiyim.\nTamam...pekala.	
event13_6	Just touching it makes me feel like	But when I touch these,	ただ　さわると大きな感情のウズが	Es solo que, cuando lo toco,	Когда я дотронулся до него,	Allein ihn zu berühren fühlt sich an,	Ma quando lo tocco	Bara att röra vid den får mig att känna som	Só de tocar nele me faz sentir	Pero al tocarlo me invade	Po prostu, dotykanie go sprawia,	光是觸碰它，	Sadece ona dokunmak bile içimde	
event13_7	I've got a whirlpool of emotions\nspiraling around inside me.	A bit whirlwind of emotions flows inside me...	流れこんでくるんだ…	se cuela en mi cuerpo una espiral\nde emociones...	меня будто закружило в вихре эмоций.	als würde ein Strudel verschiedener Emotionen\nin mir losbrechen.	Un vortice di emozioni scorrono dentro di me...	Jag har en virvelvind av känslor\nsom cirkulerar inom mig.	um turbilhão de emoções\nrodopiando dentro de mim.	una ola de emociones.	Że wiruje we mnie wiele emocji.	就讓我覺得內心有股\n翻騰不定的感情漩渦。	bir duygu girdabı\noluştuğunu hissettiriyor.	
event13_8	I can't even begin to imagine	Man, I can't even begin to imagine	全く　こんなリングが７つ集まれば	No puedo ni imaginar	Ужас... Мне даже страшно представить...	Ich fange gerade erst an zu verstehen,	Non posso nemmeno immaginare	Jag kan inte ens börja föreställa mig	Não consigo nem imaginar	Ni siquiera puedo imaginarme	Nie jestem w stanie sobie nawet wyobrazić	我根本不敢想像，	Yedi yüzüğe birden sahip olmanın	
event13_9	What having all seven rings would do\nto someone.	What would happen if\nseven of these rings were gathered together.	いったい　なにが起こるか\n想像もできないぜ	qué pasaría si se reunisien los siete Anillos.	...что будет, когда найдём все семь колец...	was alle sieben Ringe mit jemanden anstellen könnten.	Cosa succederebbe se\nsette di questi anelli fossero riuniti.	Vad det skulle göra med någon att ha\nalla sju ringar.	o que ter todos os sete anéis\nfaria com alguém.	lo que pasaría si se juntaran estos siete anillos.	Co by się stało z tym kto zdobyłby\ncałe ich siedem.	收集齊七個世界戒指，\n會對一個人造成什麼效果。	bir insanı nasıl etkileyeceğini\nhayal bile edemiyorum.	
event13_10	...		…	...	...	...	...	...	...	...	...	……	...	
event13_11	It might even open the gates of hell...	They could even open the gates of hell...	地獄の扉でも開いたりしてな…	Quizás abrirían las puertas del infierno...	Тянет как минимум на врата в Ад.	Sie könnten sogar die Tore zur Hölle öffnen...	Potrebbe anche aprire le porte dell'inferno...	Det kan till och med öppna helvetets portar...	Talvez isso até abra os portões do inferno...	Bien podrían abrirse las puertas del infierno...	Mogłyby nawet otworzyć bramy piekielne...	它甚至能打開地獄之門也說不定……	Hatta cehennemin kapılarını bile açabilir...	
event13_12	Sonic...here.		ソニック…　これ	Sonic... toma.	Соник, возьми...	Sonic... Hier.	Sonic...qui.	Sonic...här.	Sonic... toma.	Sonic, toma...	Sonic... trzymaj.	索尼克……這個。	Sonic...bak.	
event13_13	?		？	¿Hum?	А-а?	?	?	?	?	¿Eh?	?	？	?	
event13_14	I want you to hold on to this.	I've been holding onto this...	これを　あずかっていて…	Por favor, guarda esto por mí...	Пусть будет у тебя.	Ich möchte, dass du dies an dich nimmst.	Stavo tenendo questo...	Jag vill att du håller i den här.	Eu quero que você guarde isso.	He estado guardando esto...	Chcę żebyś to wziął.	我希望你能收下這個。	Bunu saklamanı istiyorum.	
event13_15	Uh...okay.\nWhat is it?	What? What's this?	ＷＨＡＴ？\nこれは？	Eh... ¿Y eso es?	Что?\nЧто это?	OK.\nWas ist das?	uh...okay.\nCos'è questo?	Uh...okej.\nVad är det?	Hm... ok.\nO que é isso?	¿Qué? ¿Qué es esto?	Em... okej. Co to jest?	呃……好喔。\n這是什麼？	Uh...tamam.\nO nedir?	
event13_16	If nothing else we do is able to stop\nhim, this will be our final resort.	In the event that no one else\ncan stop him, this will.	これは　誰もカレを止めることが\nできなくなったときに　カレを止めるもの	Es algo que podría deterner a Erazor cuando\nya nada más pueda hacerlo.	Если... не останется другого выхода,\nто это остановит Эрейзора...	Sollte keiner unserer Bemühungen in der Lage sein,\nihn aufzuhalten, ist das hier unser letzter Ausweg.	Se nessuno fosse\nin grado di fermarlo, questo lo farà.	Om inget annat vi gör kan stoppa\nhonom, blir detta vår sista utväg.	Se tudo o que fizermos não for o suficiente para impedi-lo,\nesse será nosso ultimo recurso.	Esto es... lo que lo detendrá cuando\nya nadie pueda detenerlo.	Jeśli wszystko co zrobimy go nie zatrzyma,\nto będzie nasz ostatni ratunek.	如果到最後我們窮盡辦法也無法阻止他，\n這就是我們的最終手段。	Başka hiçbir şey onu durduramazsa,\nbu son çaremiz olacak.	
event13_17	Shahra...		シャーラ…	Shara...	Шахра...	Shahra?	Shahrah...	Shahra...	Shahra...	¿Shahra?	Shahra...	夏拉……	Shahra...	
event13_18	I cannot use it by myself.	I cannot use it on my own...	私ひとりでは使えないもの…	No puedo utilizarlo yo misma.	Я не могу сама... этим воспользоваться...	Ich selbst kann es nicht einsetzen.	Non posso usarlo da solo.	Jag kan inte använda den själv.	Eu não posso usá-lo por conta própria.	Es algo que no puedo usar por mi cuenta.	Ja nie jestem w stanie sama jej użyć.	我沒辦法自己一人使用它。	Yanlız başıma kullanamam.	
														
event14_name	Pirates Sighted!		海賊船団　発見！	¡Piratas a la Vista!	Обнаружены пиратские корабли!	Piraten in Sicht!	Pirati in Vista!	Pirater Siktade!	Piratas a Vista!	¡Piratas a la vista!	Piraci na Horyzoncie!	發現海盜團！	Korsanlar Görüldü!	
event14_1	There they are!	Found them!	見つけたぜ！	¡Ahí están!	Вот и они!	Da sind sie!	Trovati!	Där är dem!	Lá estão eles!	¡Ya los veo!	Tam są!	它們就在那裡！	İşte oradalar!	
event14_2	They must have the ring that lets\nthem control the power of storms!	There's a light blue ring over there\nthat can create water through storms.	あそこに　嵐で水をおこすことが\nできる　水色のリングがあるのね	Así que allí se supone que está el Anillo celeste\nque alberga el poder de las tormentas.	Голубое кольцо, способное вызвать бурю,\nдолжно быть сейчас у них!	Sie müssen den Ring haben, der sie\ndie Macht der Stürme kontrollieren lässt!	C'è un anello azzurro di la\nche può creare acqua attraverso le tempeste!	De måste ha ringen som låter\ndem kontrollera stormarnas kraft!	Eles devem ter o anel que permite\ncontrolar o poder das tempestades!	Ahí está el Anillo celeste que puede\nprovocar tormentas, ¿verdad?	Muszą mieć Pierścień pozwalający\nim kontrolować burzę!	它們肯定有讓它們控制\n暴風之力的戒指！	Fırtınaların gücünü kontrol etmelerini\nsağlayan yüzüğe sahip olmalılar!	
event14_3	Shoot first and ask questions later,\nhuh? That's pirates for ya.	They've been shooting at us nonstop for a while.\nAs expected of pirates.	さっきから、やたらと撃ってくるな\nさすがは、海賊だぜ	Llevan un rato disparándome sin parar.\nSe nota que son piratas.	Сначала стреляют, потом думают!\nПираты такие пираты.	Erst schießen und dann Fragen stellen, was?\nJap, eindeutig Piraten.	Ci hanno continuati a sparare senza sosta da un bel po'.\nProprio una mossa dei pirati.	Skjut först och ställ frågor sen,\neller hur? Typiskt pirater.	Atirar primeiro e perguntar depois, né?\nÉ bem a cara de piratas mesmo.	Llevan disparándonos un buen rato.\n¡Lo esperado de los piratas!	Najpierw strzelaj, potem zadawaj pytania, tak?\nTacy właśnie są piraci.	先斬後奏是吧？\n果然是海盜的作風呢。	Önce ateş et, sonra soru sor,\nha? Korsanlar işte böyledir.	
event14_4	Come on, let's just hurry!	Stop getting impressed by weird things!	へんなところに感心してないで！	¡No te pares a admirar cosas raras!	Может, хватит о них? У нас дело есть!	Los jetzt, beeilen wir uns!	Smettila di impressionarti dalle cose strane!	Kom igen, låt oss bara skynda oss!	Vamos, temos que nos apressar!	¡No te impresiones por cosas tan extrañas!	Dawaj, po prostu się pośpieszmy!	來吧，我們快走！	Hadi, acele edelim!	
event14_5	All right, fine.\nLet's do it!	Let's go and get this over with now!	さっさと行って\nかたをつけてやるか！	¡Ya verás cómo lo resuelvo en\nun pispás!	Значит, пора разобраться с ними!	Alles klar!\nDann mal Leinen los!	Andiamo e finiamola adesso!	Okej, okej.\nNu kör vi!	Beleza, então.\nVamos nessa!	¡Entonces ocupémonos de ellos!	Dobra. Zróbmy to!	好，我們去解決這件事吧！	Pekala, tamam.\nHadi yapalım!	
														
event15_name	Captain Bemoth Appears		キャプテン　ベモス　登場	Aparece el Capitán Bimoz	Появление капитана Бемота.	Captain Bemoth erscheint	Il Capitamo Bemoth Appare	Kapten Bemoth Dyker Upp	Captain Bemoth Aparece	El Capitán Bémot aparece	Przybycie Kapitana Bemotha	貝摩斯船長登場	Kaptan Bemoth Görünüyor	
event15_1	Aha, someone's looking for a duel!	Hm, so it's a duel.	へぇー\n決闘ってわけだ	Je, conque hay que batirse\nen duelo, ¿eh?	Ага, у нас дуэль, получается.	Aha, wer macht denn da so 'ne Welle?	Aha, qualcuno sta cercando un duello!	Aha, någon letar efter en duell!	Aha, alguém tá querendo um duelo!	Oh, ¿así que es un duelo?	Aha, ktoś prosi się o bęcki!	啊哈！看來有人想來場決鬥！	Aha, biri düello arıyor galiba!	
event15_2	Sonic...		ソニック…	Sonic...	...Соник!	Sonic...	Sonic...	Sonic...	Sonic...	¡Sonic!	Sonic...	索尼克……	Sonic...	
event15_3	This should be interesting.\nCome on, let's have some fun!	This is getting interesting.\nJust what I hoped for!	面白くなってきたな\n望むところだぜ！！	La cosa se pone interesante.\n¡Justo como a mí me gusta!	А стало интересно!\nЧто ж, я приму твой вызов!	Das könnte noch interessant werden.\nLos doch, lassen wir's krachen!	Questo dovrà essere interessante.\nForza, andiamo a divertirci!	Det här borde bli intressant.\nKom igen, låt oss ha lite kul!	Isso vai ser interessante.\nAnda, vamos nos divertir!	Esto se está poniendo interesante.\nJusto lo que quería.	To powinno być interesujące.\nNo dawaj, pobawmy się trochę!	應該挺有趣的。\n來嘛，讓我們好好玩一場吧！	Bu ilginç olmalı.\n Pekala, hadi biraz eğlenelim!	
														
event16_name	The Ring of Pleasure	Got the Light Blue World Ring!	水色の世界リング　ゲット！	El Anillo del Placer	Вы получили голубое\nМировое кольцо!	Der wasserblaue Weltenring	Preso l'Anello Mondiale Azzurro!	Ringen av Nöje	Anel do Prazer	¡Obteniendo el Anillo celeste del Placer!	Pierścień Przyjemności	獲得歡樂之戒	Zevk Yüzüğü	
event16_1	That's another of the seven rings...\nthe Water Blue Ring.	This is one of the seven World Rings,\nthe light blue ring...	これは　７つの世界リングのひとつ\n水色のリング…	Este es otro de los siete Anillos Secretos:\nel Anillo del Placer...	Это... одно из семи Мировых колец,\nголубое кольцо.	Ein weiterer der sieben Ringe...\nder wasserblaue Ring.	Questo è uno dei sette Anelli Mondiali,\nl'anello azzurro...	Det är ytterligare en av de sju ringarna...\nVattenblå Ringen.	Esse é mais um dos sete anéis...\no Anel Azul Claro.	Es uno de los siete Anillos mundiales,\nel Anillo celeste.	Kolejny z Siedmiu Pierścieni...\nNiebieski Pierścień.	這樣就又獲得七枚戒指的其中一枚了……\n是水藍色的戒指。	Bu da yedi yüzükten bir diğeri...\nSu Mavisi Yüzüğü.	
event16_2	I can't even touch the ring.	I can't even touch it.	私には　ふれることも\nできないのね	Para mí, los Anillos son intangibles.	И мне никак... не прикоснуться к нему.	Ich kann ihn nicht einmal berühren.	Non posso nemmeno toccarlo.	Jag kan inte ens röra ringen.	Eu nem consigo tocar no anel.	Ni siquiera puedo tocarlo.	Nie mogę go nawet tknąć.	我沒辦法碰這枚戒指。	Yüzüğe dokunamıyorum bile.	
event16_3	Looks like I'm the only one\nthat can touch them.	So you can't touch it unless you're from another world, like me...	外の異世界からきたオレでないと\nふれられない訳…	O sea, que solo alguien como yo,\nque viene de otro mundo, puede tocarlos...	Значит, их может взять только	Scheint so, als könnte nur ich sie anfassen.	Quindi non puoi toccarlo se non sei dell'altromondo, come me....	Det verkar som att jag är den enda\nsom kan röra dem.	Parece que eu sou o único\nque consegue tocar neles.	Así que no se pueden tocar si no\neres de otro mundo, como yo...	Najwidoczniej tylko ja mogę go dotknąć.	看來只有我能碰它們。	Görünüşe göre onlara dokunabilecek\ntek kişi benim.	
event16_4	I betcha it's because\nI'm not from this world.	These rings...	これは…	Entonces...	пришедший из другого мира.	Ich wette, es hat was damit zu tun,\ndass ich nicht aus dieser Welt stamme.	Questi anelli...	Jag slår vad om att det är för\natt jag inte är från den här världen.	Aposto que é porque\nnão sou desse mundo.	¿Será...	Założę się, że przez to,\nże jestem z innego świata.	我敢打賭那是因為\n我不是來自這個世界的人。	Bence bunun sebebi\nbenim bu dünyadan olmamam.	
event16_5	Does that mean these rings aren't\nfrom this world, either?	Are they not from this world, either?	この世界のモノじゃないのか？	¿...será que no son de este mundo?	Получается... кольца не из этого мира?	Heißt das, dasselbe gilt auch für diese Ringe?	Non vengono forse anche loro da questo mondo?	Betyder det att dessa ringar inte\nheller är från den här världen?	Isso significa que esses anéis também\nnão são desse mundo?	...que estos Anillos no pertenecen a este mundo?	Więc czy to znaczy, że te\nPierścienie też nie są z tego świata?	那難道這些戒指\n也不是來自這個世界嗎？	Bu, bu yüzüklerin de bu dünyadan\nolmadığı anlamına mı geliyor?	
event16_6	Sonic...		…ソニック	...Sonic.	...Соник.	Sonic...	Sonic...	Sonic...	Sonic...	Sonic...	Sonic...	索尼克……	Sonic...	
event16_7	This has to be the ring that Sinbad\nwas telling us about before.	...So this is what that Sinbad guy was talking about.	…で　あのシンドバットとか\nいうヤツが言ってたのは　コレだな	Así que esto es de lo que nos\nhablaba Simbad.	Акх... Что ж, Синдбад, или как там его,\nговорил о нём, и оно у нас.	Das muss der Ring sein, von dem\nSindbad vorhin erzählt hat.	...Quindi è questo quello di cui parlava Sinbad.	Det här måste vara ringen som Sinbad\nberättade om tidigare.	Esse tem que ser o anel que o Simbad tava falando antes.	Entonces, ¿de esto es lo que hablaba Simbad?	To musi być ten Pierścień\no którym mówił Sinbad.	這一定是辛巴達之前\n告訴過我們的戒指。	Bu, Sinbad'ın bize daha önce\nbahsettiği yüzük olmalı.	
event16_8	Now, let's go back and defeat that,\num...whatchamacallit.	Finally, I can give that big whatchamacallit\na good beating!	ようやく　あのでかいナントカに\n一発くれてやれるってワケだ！	¡Eso quiere decir que por fin podré\nenfrentarme a esa... cosa gigante!	Теперь мы того здоровяка\nодним ударом одолеем!	Na dann, gehen wir zurück und erledigen dieses...\nFeuerflammen... dingelchen.	Finalmente, posso dare a quel come si chiama\ndelle belle bastonate!	Nu, låt oss gå tillbaka och besegra den,\num...vad kallar vi det?	Agora, vamos voltar e acabar com aquela... coisa.	Por fin podemos luchar contra\nese maldito como-se-llame.	Teraz idżmy złomować tego em...\njak on tam miał-	那我們現在就回去打倒那個，\n呃……它叫什麼名字來著？	Şimdi, şu şeyi yenelim,\num...whatchamacallit.(what dedin gülüm?)	
event16_9	The Ifrit, the great spirit of fire.	That's Ifrit, the great fire genie.	炎の大マジン\nイフリートよ	Un ifrit, un gran espíritu de fuego.	Злого духа огня Ифрита!	Den Ifrit, den großen Dschinn des Feuers.	Quello è Ifrit, il grande genio del fuoco.	Ifriten, den stora anden av eld.	O Ifrit, o grande espirito de fogo.	¿El ifrit, el majin de fuego?	Ifrita, wielkiego ducha ognia.	炎之大精靈，伊弗利特。	Ifrit, ateşin yüce ruhu.	
event16_10	There's smoke coming from the castle!	Smoke is starting to rise from the castle!	城から煙が上がり始めてるよー！	¡El castillo ha empezado\na desprender humo!	Из дворца клубами валит дым!	Vom Schloss her steigt Rauch auf!	Del fumo si sta inalzando dal castello!	Det kommer rök från slottet!	Está saindo fumaça do castelo!	El humo comienza a elevarse desde el castillo.	Dym wylatuje z zamku!	城堡在冒煙！	Kaleden duman çıkıyor!	
event16_11	It looks like the Ifrit's power	It's almost like Ifrit's power	どうやら　イフリートの力が	Parece que el poder de ese ifrit	Похоже, сила Ифрита настолько выросла,	Es sieht ganz so aus, als ob	Sembra quasi il potere di Ifrit	Det ser ut som Ifritens kraft	Parece que o poder do Ifrit	Parece que el poder del ifrit	Wygląda na to, że moc Ifrita	看來是伊弗利特，	İfrit'in dünyayı yakıp yıkma gücü	
event16_12	To burn the world away is\ngetting stronger!	Is growing to the point\nwhere it could set the world ablaze.	世界を燃やすほど\n高まってきてるみたい	está aumentando lo suficiente como\npara hacer arder el mundo.	что он сможет сжечь всё дотла!	die weltvernichtenen Flammen des Ifrits\nimmer mächtiger werden!	Sta crescendo al punto\nche potrebbe incendiare il mondo.	Att bränna bort världen\nblir starkare!	de queimar o mundo\nestá ficando mais forte!	se hizo tan fuerte\nque podría incendiar el mundo.	Do spalenia reszty świata się zwiększa!	它要燒盡世界的力量越來越強大了！	giderek daha da güçleniyor\ngibi görünüyor!	
event16_13	Okay, I'm ready!\nI hope you're ready for this, genie!	We're all ready too.\nJust you wait, great genie!	こっちも準備ＯＫだ\n待ってろよ　大マジン！！	Nosotros también estamos preparados.\n¡Ya verás lo que te espera, espíritu!	Я вполне к бою готов!\nЖди меня, здоровяк!	OK, ich bin startklar!\nHoffe, du bist auch bereit, Dschinni!	Anche noi siamo pronti.\nVedrai grande genio!	Okej, jag är redo!\nJag hoppas att du är redo för detta, ande!	Beleza, tô pronto!\nEspero que você esteja pronto pra isso, espirito!	¡También estamos listos! ¡Sólo espera, gran majin!	Dobra, jestem gotów! Mam nadzieję,\nże przyszykowałeś już poślady, dżinie!	好，我準備好了！\n希望你也準備好了，這位大精靈！	Tamam, ben hazırım!\nUmarım sen de buna hazırsındır, cin!	
														
event17_name	Rematch with the Ifrit		イフリートとの再戦！	Revancha contra el Ifrit	Повторная схватка с Ифритом!	Wiedersehen mit dem Ifrit	Rivincita con l'Ifrit	Revanschmatch med Ifriten	Revanche contra Ifrit	¡La revancha contra el ifrit!	Rewanż z Ifritem	再戰伊弗利特	Ifrit ile Rövanş	
event17_1	Sorry to keep you waiting!	Sorry! Made you wait!	Ｓｏｒｒｙ\nまたせたな！	¡Perdona por hacerte esperar!	Прости нас.\nМы задержались.	Tschuldige die Verspätung!	Scusa! Ti ho fatto aspettare!	Ledsen att du fick vänta!	Desculpa pelo atraso!	Perdona por la tardanza.	Sory, że musiałeś czekać!	抱歉讓你久等啦！	Beklettiğim için üzgünüm!	
event17_2	Roooaarr!		ゴッフォー	¡Groaaaaaaar!	Гр-р-р-р!	Roooaarr!	Roooaarr!	Roooaarr!	Roooaarr!	*rugido*	Raaargh!	吼吼吼！！	Roooaarr!	
event17_3	I didn't mean to leave you hanging, earlier.	Just because I stood you up in the\nmiddle of our date the other day,	この間　デートを途中で\nすっぽかしたからって	¿Aún estás enfadado porque me marché	Я всего лишь... оставил тебя одного	Hey, ich wollte dich gar nicht so lange schmoren lassen.	Solo perchè ti ho dati buca nel\nmezzo del nostro appuntamento l'altro giorno,	Jag menade inte att lämna dig hängande, tidigare.	Eu não queria ter te deixado no vácuo antes.	Ya sé que te dejé plantado el otro día.	Nie chciałem Cię wcześniej tutaj zostawić samego.	我之前不是故意讓你乾等的。	Seni daha önce böyle yarı yolda bırakmak istememiştim.	
event17_4	You're not still mad at me, are you?	Are you still mad about that?	まだ怒ってるのか？	el otro día en mitad de nuestra cita?	ненадолго, а ты всё на меня злишься?	Nimmst du mir das echt noch krumm?	Sei ancora arrabiato al riguardo?	Du är väl inte arg på mig fortfarande, eller hur?	Você não tá irritado comigo ainda, né?	¿Sigues enojado?	Nie jesteś chyba na mnie zły, prawda?	你沒有還在對我發脾氣吧？	Bana hala kızgın değilsin, değil mi?	
event17_5	You really need to learn to be more\npatient, you know.	Everyone will hate you if your heart's that narrow.	そんな小さいハートじゃ\nみんなに嫌われるぜ	No le vas a gustar a nadie\ncon tan poco corazón.	Будь добрее, здоровяк, а то любить\nникто не будет.	Du solltest dich echt mal mehr\nin Geduld üben, weißt du das?	Tutti ti odieranno se il tuo cuore è così chiuso.	Du måste verkligen lära dig att vara mer\ntålmodig, du vet.	Você devia aprender a ser mais paciente, sabe.	Con ese temperamento acabarás\ncayéndole mal a todos.	Powinieneś nauczyć się być trochę\nbardziej cierpliwym, wiesz?	你真的得學會要更有耐心耶。	Gerçekten daha sabırlı olmayı\nöğrenmelisin, biliyorsun.	
event17_6	Now, Ring of Water!\nBring forth a mighty storm!	Now, light blue ring, give me a storm.	さぁ　水色のリングよ\n嵐を　よびおこしてくれ	¡Ahora, Anillo celeste!\n¡Provoca un aguacero!	А теперь, голубое кольцо,\nпризови сюда бурю!	Nun, Ring des Wassers!\nBring einen tobenden Sturm hervor!	Adesso, anello azzurro, dammi una tempesta.	Nu, Ring av Vatten!\nFrambringa en mäktig storm!	Agora, Anel de Água!\nTraga uma tempestade poderosa!	Vamos, Anillo celeste, provoca una tormenta.	Teraz, Pierścieniu Wody!\nZeślij nam potężną burzę!	現在，水之戒指！\n讓這裡下起傾盆大雨！	Şimdi, Su Yüzüğü!\nBüyük bir fırtına getir!	
event17_7	Rrrrgh!		グッフォー	¡¡Grrrrrrrrrrr!!	Гр-р-р!	Rrrrgh!	Rrrrgh!	Rrrrgh!	Rrrrgh!	*rugido*	Rrrrgh!	嘎吼吼吼！！	Rrrrgh!	
event17_8	Sonic! Look!\nThe Ifrit is getting weaker!	Sonic! Ifrit's power has weakened considerably!	ソニック！　ずいぶんイフリートの\n力が弱まってきたわ！	¡Sonic! ¡El ifrit ha perdido gran\nparte de su poder!	Соник!\nКажется, Ифрит стал намного слабее!	Sonic! Schau mal!\nDer Ifrit wird schwächer!	Sonic! Il potere dell'Ifrit si è indebolito considerevolmente!	Sonic! Titta!\nIfriten blir svagare!	Sonic! Olha!\nO Ifrit está enfraquecendo!	¡Sonic, el poder del ifrit se redujo considerablemente!	Sonic! Patrz!\nIfrit staje się słabszy!	索尼克！看啊！\n伊弗利特變弱了！	Sonic! Bak!\nIfrit giderek zayıf düşüyor!	
event17_9	Okay, now let's finish him off!	All right. Time to get going!	よーし　そろそろいくぜ！	¡Bien, pues al lío!	Что ж, теперь сразимся!	OK, pusten wir ihm die Kerzen aus!	Bene. è il momento di andare!	Okej, nu gör vi slut på honom!	Beleza, vamos acabar com ele!	¡Bien, a darle que esto arde!	Dobra, teraz go wykończmy!	好，我們來把它解決掉吧！	Tamam, şimdi işini bitirelim!	
														
event18_name	Escaping the Factory	Escape from the Genie Factory	マジン工場から脱出	Escapando de la Fábrica	Побег с завода злых духов.	Flucht aus der Fabrik	Scappa dalla Fabbrica dei Geni	Flykten från Fabriken	Fugindo da Fábrica	Escape de la fábrica majin	Ucieczka z Fabryki	逃離工廠	Fabrikadan Kaçış	
event18_1	Thump...thump...thump...		ドックン…　ドックン…　ドックン…	Bum bum... Bum bum... Bum bum... 	Тук-тук... тук-тук... тук-тук...	Klopf... Klopf... Klopf...	Tum...tum...tum...	Duns...duns...duns...	Tum...tum...tum...	*latidos*	*Drżenie*	撲通……撲通……撲通……	Tak... tak... tak...	
event18_2	What the...?	Is this...	これは…	¿Y eso...?	Это...	Was zum...?	È questo...	Vad i...?	Mas o quê...?	¿Esto...?	Co do...?	怎麼了……？	Bu da ne...?	
event18_3	What is this thing?\nIs something...about to hatch?	What's this? Is something...about to hatch?	なんだ　これは?\nなにか…生まれるのか？	¿Qué será? Parece como si fuese a...\n¿engendrar algo?	Что это такое?\nТам внутри что-то есть?	Was ist das für ein Teil?\nWill da etwa jemand schlüpfen?	Cos'è questo?Qualcosa...sta per schiudersi?	Vad är det här för något?\nÄr något...på väg att kläckas?	O que é essa coisa?\nAlgo vai... chocar?	¿Qué es... esto? ¿Algo saldrá de ahí?	Co to jest? Czy coś...\nsię wykluwa?	那是什麼？\n有東西……要生出來嗎？	Bu şey de ne?\nBir şey...yumurtadan mı çıkmak üzere?	
event18_4	I can hear...I can hear\nsomething like a heartbeat.	There's sound...I can hear something...\nIt sounds like a heartbeat...	音…　音が聞こえます…\n心臓のような音が…	¿Hum? Oigo un ruido...\nSuena como un corazón...	Звук... Я слышу звук...\nКак будто бьётся сердце...	Ich höre... Ich höre so etwas wie einen Herzschlag.	C'è un suono...posso sentire qualcosa...\nsomiglia a un battito...	Jag kan höra... jag kan höra\nnågot som liknar hjärtslag.	Estou ouvindo... estou ouvindo algo como\num batimento cardíaco.	Algo... Escucho algo. Es como un latido.	Słyszę coś...\nCoś w stylu bicia serca.	我聽見……\n我好像聽見了很像心跳的聲音。	Duyabiliyorum... Kalp atışına\nbenzer bir şey duyabiliyorum.	
event18_5	Uh, Shahra...I think that might be\nsome sort of time bomb!	Don't tell me it's a time bomb\nthat will explode soon...	まさか　時限爆弾で\nあとで爆発するなんて…	Conque, como último recurso, este ifrit se\nconvierte en una bomba de relojería...	Неужели это... звуки бомбы,\nкоторая скоро взорвётся?	Öhm, Shahra...\nIch glaube, das ist sowas wie 'ne Zeitbombe!	Non dirmi che è una bomba a orologeria\nche esploderà presto...	Uh, Shahra... Jag tror att det kan vara\nnågon sorts tidsinställd bomb!	Ah, Shahra... acho que isso pode ser\nalgum tipo de bomba relógio!	¡No puede ser, creo que es\nuna especie de bomba de tiempo!	Em, Shahra...\nTo chyba jest jakaś tykająca bomba!	呃，夏拉……\n我覺得那可能是某種定時炸彈！	Şey, Shahra... Sanırım bu bir\ntür zamanlı bomba olabilir!	
event18_6	It's beating faster!		どんどん早くなってる！	¡Late cada vez más rápido!	Биение учащается!	Es schlägt schneller!	Il battito sta accelerando!	Den slår snabbare!	Está batendo mais rapido!	¡Su ritmo se acelera!	Bije szybciej!	跳動的速度加快了！	Daha hızlı ötüyor!	
event18_7	Oh, No!\nThis can't be good!	No! That's bad news!	ＮＯ！！\nそりゃ　まずいぜ	¡Tch!\nEsto no pinta nada bien...	О, нет!\nДело дрянь!	Teufel noch eins,\ndas ist gar nicht gut!	No! Sono pessime notizie!	Åh, Nej!\nDet här kan inte vara bra!	Ah, não!\nIsso não vai acabar bem!	¡No! ¡Eso no es bueno!	Oh. Nie!\nTo nie wygląda najlepiej!	糟了！\n這下不妙！	Oh, hayır!\nBu iyi olamaz!	
event18_8	We've got to get out of here!	We have to get out of here, quick!	急いで脱出だ！	¡Larguémonos de inmediato!	Скорее бежим отсюда!	Nichts wie raus hier!	Dobbiamo scappare di qui, svelto!	Vi måste härifrån!	Temos que sair daqui!	¡Salgamos rápido!	Musimy stąd spadać!	我們得離開這裡！	Buradan çıkmalıyız!	
event18_9	This thing has to explode out\nin the open!	We need to detonate it\nsomewhere wide open!	どこか広い場所で爆発させないと！	¡Tenemos que sacarlo para que\nexplote al aire libre!	Надо взорвать её на открытом месте!	Dieses Ding muss unbedingt im Freien explodieren!	Dobbiamo detonarlo\ndove c'è tanto spazio!	Den här grejen måste explodera\nute i det öppna!	Essa coisa tem que\nexplodir lá fora!	¡Hay que hacerla explotar en algún lugar abierto!	To coś musi wybuchnąć\ngdzieś na otwartym polu!	必須讓它在空廣的地方引爆！	Bu şey mutlaka açık\nalanda patlamalı!	
event18_10	You're right!	Right!	はい！	¡Sí!	Да!	Absolut!	Giusto!	Du har rätt!	Você tem razão!	¡Sí!	Masz rację!	沒錯！	Haklısın!	
														
event19_name	The Ring of Rage	Got the Red World Ring!	赤色の世界リング　ゲット！	El Anillo de la Ira	Вы получили красное\nМировое кольцо!	Der rote Weltenring	Preso l'Anello Mondiale rosso!	Ring av Rasa	Anel da Raiva	¡Obteniendo el Anillo rojo de la Furia!	Pierścień Wściekłości	獲得憤怒之戒	Öfke Yüzüğü	
event19_1	Come on! We're almost there!	Darn! Almost there!!	クソ！　間に合え！！	¡Venga! ¡No hay tiempo!	Чёрт! Надо успеть!	Los jetzt! Wir haben's fast!	Forza! Siamo quasi arrivati!!	Kom igen! Vi är nästan framme!	Anda! Estamos quase lá!	Mier... ¡Debo lograrlo!	Dawaj! Prawie jesteśmy!	我們快到了！	Hadi! Neredeyse vardık!	
event19_2	Huh?\nHey, look at this.	Hm!? This is...	ん！？\nこれは…	¿Hum? Este es...	А-а? Это же...	Huh?\nNa, schau mal an.	Mh!? Questo è...	Huh?\nDu, titta på det här.	Hã?\nEi, olha só.	Ese es...	Hę?\nHej, spójrz na to...	嗯？\n你看這個。	Huh?\nHey, şuna bak.	
event19_3	Is that what I think it is?	In a place like this...	こんなところにも…	¿Había uno aquí...?	И тут тоже оно...	Ist es das, was ich vermute?	In un posto come questo...	Är det vad jag tror att det är?	Isso é o que eu estou pensando?	¿En este lugar?	Czy to jest to, co myślę?	這是我想的那個東西嗎？	Bu düşündüğüm şey mi?	
event19_4	Yep. Another one of\nthe seven World Rings.	That's one of the seven World Rings.	７つの世界リングのひとつだな	...otro de los siete Anillos Secretos.	Ещё одно из семи Мировых колец.	Jup, noch einer der sieben Weltenringe!	Quello è uno dei sette Anelli Mondiali.	Japp. Ännu en av\nde sju Världsringarna.	É... mais um dos sete Anéis do Mundo.	Uno de los siete Anillos mundiales.	Tia. Kolejny z\nsiedmiu Pierścieni Świata.	沒錯，又是七枚世界戒指的\n其中一枚。	Evet. Yedi Dünya Yüzüğünden\nbir diğeri.	
event19_5	I wonder if it was inside\nthe Ifrit this whole time.	I wonder if it was inside Ifrit.	イフリートの中にあったのかしら…	Me pregunto si estaría dentro del ifrit...	Видимо, оно было внутри Ифрита.	War er etwa die ganze Zeit über im Ifrit verborgen?	Mi domando se fosse dentro Ifrit.	Jag undrar om den var\ninuti Ifrit hela tiden.	Será que estava dentro do Ifrit esse tempo todo?	Me pregunto si estaba dentro del ifrit.	Ciekawe czy cały ten czas\nbył w środku Ifrita.	真好奇它是不是一直\n都在伊弗利特體內。	Acaba bunca zamandır\nİfrit'in içinde miydi?	
event19_6	I feel... rage.	I feel rage in this one.	これは　怒りを感じる	Al tocarlo, siento... rabia.	Я чувствую в нём... много гнева.	Ich fühle... WUT!!	Riesco a sentire la rabbia di questo qui.	Jag känner... raseri.	Eu sinto... raiva.	Esto... me hace sentir furia.	Czuję... złość.	我感覺到……憤怒。	Öfke... hissetmiyorum	
event19_7	All that rage must have been\nsealed up inside of him.	Seems like all rage is sealed in here...	すべての怒りが封印してあるようだ…	Como si toda la ira del mundo\nestuviese aquí contenida...	Словно его собрали со всего света.	All diese Wut muss in ihm versiegelt gewesen sein.	Sembra che tutta la rabbia sia sigillata qui...	All den där rasan måste ha varit\nförseglad inom honom.	Toda essa raiva devia estar\nselada dentro dele.	Como si toda esta furia estuviera contenida.	Cała ta złość musiała być\nw nim zachowana.	這些憤怒肯定都被封印在它體內。	Bütün o öfke onun içinde\nbirikmiş olmalıydı.	
event19_8	Rage?		怒り？	¿Ira?	Гнев?	Wut?	Rabbia?	Raseri?	Raiva?	¿Furia?	Złość?	憤怒？	Öfke mi?	
event19_9	These rings must somehow seal in\nvarious emotions, too.	Looks like the rings contain\nthe power of various emotions...	どうやらリングには\n色々な感情の力が封印されている…	Parece que los Anillos encierran el\npoder de diversas emociones...	Похоже, что в кольцах собраны\nсилы различных эмоций.	Diese Ringe scheinen auch irgendwie\nbestimmte Emotionen in sich zu bergen.	Sembra che gli anelli contengano\nil potere di varie emozioni...	Dessa ringar måste på något sätt\nförsegla olika känslor, också.	Esses anéis também devem selar várias emoções\nde alguma forma.	Parece que los Anillos contienen varias\nemociones selladas en su interior.	Te Pierścienie muszą też w jakiś sposób\ntrzymać w sobie różne emocje.	這些戒指肯定都被封印進了各種情緒。	Bu yüzükler bir şekilde çeşitli\nduyguları da içine hapsetmeli.	
event19_10	The power of rage...	This one has the force of rage...	これには怒りの力が…	Este contiene el poder de la ira...	И в этом кольце сила гнева.	Die Macht der Wut...	Questo ha la forza della rabbia...	Kraften av raseri...	O poder da raiva...	Este es el poder de la furia...	Potęga złości...	憤怒的力量……	Öfkenin gücü...	
event19_11	...		…	...	...	...		...	...	...	...	……	...	
event19_12	So then, what's next?		さあて　次はどうする？	Bien,\n¿y ahora qué hay que hacer?	Итак, что у нас дальше?	Was steht als Nächstes an?	Quindi, cosa c'è dopo?	Så, vad händer nu?	Então, qual é a próxima parada?	Bien, ¿y ahora qué?	Więc, co teraz?	那接下來呢？	Peki, sırada ne var?	
event19_13	Let's go meet with King Solomon!	Let's meet with King Solomon!	ソロモン王に会いましょう！	¡Vayamos a conocer al\nRey Salomón!	Давай встретимся с царём Соломоном!	Treffen wir uns doch mit König Solomon!	Dobbiamo incontrare il Re Salomone!	Låt oss gå och träffa Kung Solomon!	Vamos encontrar com o Rei Salomão.	Vayamos a ver al rey Salomón.	Spotkajmy się z Królem Solomonem!	我們去見所羅門王吧！	Haydi Kral Solomon'la görüşmeye gidelim!	
event19_14	King Solomon is the one who\nsealed away the evil spirits long ago.	The genies were originally sealed away by him.	マジンたちは　もともとソロモン王に\nよって　封印されていたんです	Es quien desterró y selló a los\nespíritus originalmente.	Когда-то он заточил всех\nзлых духов в темницы.	Er ist derjenige, der die bösen Geister\nvor langer Zeit verbannte.	I geni erano originariamente sigillati da lui.	Kung Solomon är den som\nförseglade dem onda andarna för länge sedan.	O Rei Salomão foi quem selou os espiritos malignos\nhá muito tempo atrás.	Los majin fueron sellados originalmente\npor el rey Salomón.	Król Solomon jest tym,\nktóry odizolował złe duchy dawno temu.	所羅門王是從前把邪惡精靈封印起來的人。	Kral Solomon, çok uzun zaman önce kötü\nruhları mühürleyerek ortadan kaldıran kişidir.	
event19_15	These strange occurrences must\nconnect back to him somehow.		この異変は　きっとソロモン王にも\n関係があるはずです	Estoy segura de que el Rey tiene alguna\nrelación con estas anomalías.	Возможно, он тоже как-то связан с происходящим.	Diese seltsamen Vorfälle stehen vielleicht\nauch mit ihm in Verbindung.	Questi strani eventi devono\nconnetersi a lui in qualche modo.	Dessa märkliga händelser måste på något\nsätt ha en koppling till honom.	Esses acontecimentos estranhos devem estar\nconectados a ele de alguma forma.	Estas perturbaciones seguramente\nestán relacionadas con él.	Te dziwne zdarzenia muszą\nsię z nim jakoś łączyć.	這些奇怪現象\n肯定跟他有某些關聯。	Bu garip olayların bir şekilde\nonunla bağlantılı olması gerekiyor.	
event19_16	OK, then!\nOff to our next adventure!	OK! Now that it's decided, let's get going!	ＯＫ！\nそうと決まれば早速出発だぜ！	¡Entendido!\n¡Pues allá que vamos!	Лады!\nНас ждёт увлекательное приключение!	Alles klar!\nAuf zu unserem nächsten Abenteuer!	Bene! Ora che è deciso, muoviamoci!	Okej, då!\nIväg mot vårt nästa äventyr!	Beleza então!\nVamos para nossa próxima aventura!	¡Okey! ¡Entonces vamos con él!	No dobra! Ruszajmy na kolejną przygodę!	OK！\n我們朝下個冒險出發吧！	Tamam o zaman!\nYeni maceramıza doğru yola çıkıyoruz!	
														
event20_name	King Solomon	The Shadowy Skull on the Decayed Throne	朽ちた王座のシャレコウべ	El Rey Salomón	Череп в ветхом тронном зале.	König Solomon	Lo Scheletro Ombroso nel Trono Decaduto	Kung Solomon	Rei Salomão	La calavera sombría del trono decadente	Król Solomon	所羅門王	Kral Solomon	
event20_1	It looks like we might be a little late.	I guess we came a little late...	ちょっと　くるのが遅かったか…	Parece que no hemos llegado a tiempo...	Сдаётся мне, мы опоздали...	Da sind wir wohl etwas spät dran.	Sembra che siamo arrivati un po' tardi...	Det ser ut som att vi kan bli lite sena.	Parece que chegamos um pouco tarde.	Eh... Llegamos un poquito tarde.	Chyba się trochę spóżniliśmy.	看來我們可能來晚了。	Görünüşe göre biraz geç kalmış olabiliriz.	
event20_2	I should say so!	Exactly!!	まったくじゃ！！	¡En efecto!	Это точно!	Das kann man wohl sagen!	Esattamente!!!	Jag borde nog säga det!	Eu que o diga!	¡Exacto!	Też tak sądze!	我才要說呢！	Öyle demeliyim!	
event20_3	Whoa!	Whoa!?	ワァオ！？	¡Hala!	Оу!	Whoa!	Whoa!?	Whoa!	Uou!	¡Ah...!	Łoł!	哇！	Whoa!	
event20_4	King... King Solomon?	K-King Solomon...?	ソ　ソロモン王…？	¿R-rey Salomón...?	Ца... царь Соломон?	König... König Solomon?	R-Re Salomone...?	Kung... Kung Solomon?	Rei... Rei Salomão?	¡¿R-Rey Salomón?!	Król... Król Solomon?	所……所羅門王？	Kral... Kral Solomon?	
event20_5	Indeed! I am the great\nand powerful King Solomon!	Indeed! I am none other\nthan the renowned King Solomon.	いかにも！　ワシが天下に\n名高いキング・ソロモンじゃ	¡El mismo!\nSoy el mundialmente conocido Rey Salomón.	Всё верно!\nЯ мудрый правитель, царь Соломон!	In der Tat! Ich bin der große\nund mächtige König Solomon!	Infatti! Sono nessun altro\nche il celebre Re Salomone.	Sannerligen! Jag är den store\noch mäktige Kung Solomon!	Exatamente! Eu sou o grande e poderoso Rei Salomão!	¡Así es! ¡El mundialmente famoso rey Salomón!	Zgadza się! Jestem\npotężnym Królem Solomonem!	沒錯！我就是那位既偉大又強壯的所羅門王！	Evet! Ben büyük ve\ngüçlü Kral Solomon'um!	
event20_6	If you say so...	But you're just a head!	首だけのくせに！	Como mucho, ¡su cabeza!	И умудрился потерять тело!	Naja, wie man's nimmt...	Ma sei solo una testa!	Om du säger det så...	Se você diz...	Pero del cuello para arriba.	Skoro tak mówisz...	你說了算……	Öyle diyorsan...	
event20_7	Don't think I'm happy looking\nthis way either!	I didn't choose\nto end up like this, you know!	ワシとて好き好んで\nこうなったワケでは　ないわ！	¡No creas que he acabado así\npor voluntad propia!	Я лишился тела не по своей воле!	Glaube ja nicht, ich bin glücklich darüber,\nso jämmerlich auszuschauen!	Non ho scelto\ndi finire così!	Tro inte att jag är glad över att titta\nåt det här hållet heller!	Não pense que estou feliz de estar assim!	¡Yo no pedí terminar de esta forma!	Nie myśl, że tylko ty jesteś\nniezadowolony z mojego wyglądu!	別以為我也喜歡這副德性！	Ben de böyle görünmekten mutlu\nolduğumu sanmıyorum!	
event20_8	The Erazor Djinn did this to me!	The one called Erazor Djinn	イレイザー・ジンとかいうヤツが	Ese tal """Erazor el Yinn"""	Эрейзор Джинн...	Der Erazor Djinn hat mir das angetan!	Colui che si chiama Erazor Djinn	Erazor Djinnen gjorde det här mot mig!	O Erazor Djinn fez isso comigo!	¡Un tal Erazor, el Genio	Erazor Dżin mi to zrobił!	我會變成這樣是伊萊薩他害的！	Bunu bana Erazor Cin yaptı!	
event20_9	He resurrected the 40 Thieves\nas evil spirits,	Resurrected the 40 Thieves as genies,	４０人の盗賊をマジンとして復活させ	devolvió a la vida en forma de\nespíritu a los Cuarenta Ladrones,	воскресил 40 разбойников в качестве	Er ließ die 40 Räuber als böse Geister wieder auferstehen	Ha resuscitato i 40 Ladroni come geni,	Han återuppväckte de 40 Tjuvarna\nsom onda andar,	Ele ressuscitou os 40 Ladrões como espiritos malignos	revivió a los 40 ladrones como majin	Odrodził 40-tu Złodziei\njako złe duchy,	他將四十大盜復活成邪惡精靈，	40 Hırsızı kötü ruhlar\nolarak diriltti.	
event20_10	And sent them to attack me here.	And attacked me here.	ここに攻めて　きおったのよ	que han venido hasta aquí\na causar estragos.	злых духов и пришли по мою душу!	und jagte sie mir sogleich auf den Hals.	E mi hanno attaccato qui.	Och skickade dem för att attackera mig här.	e enviou eles pra me atacar.	y los envió a atacarme!	I wysłał je by mnie tu zaatakować.	然後派它們在這裡攻擊我。	Ve onları buraya bana saldırmaları için gönderdi.	
event20_11	And that's how you ended up... like that?	So, you turned into that?	で　そんなお姿に？	¿Fue así cómo terminaste de esta forma?	Это он... лишил вас тела?	Und deshalb seid ihr so geendet...?	Quindi, ti sei trasformato in quello?	Och det var så du hamnade... sådär?	E foi assim que você ficou... desse jeito?	¿Y... lo dejaron así?	I w taki sposób skończyłeś... tak?	所以你才會變成……像這樣？	Ve böylece mi bu hale geldin?	
event20_12	Precisely, my dear.	Exactly.	そういうことじゃ	Efectivamente.	Всё именно так!	Wie wahr, meine Liebe.	Esattamente	Precis, min kära.	Precisamente, minha querida.	Exactamente.	Dokładnie tak, moja droga.	沒有錯。	Aynen öyle, canım.	
event20_13	And that being the case,\ncould I ask you a favor?	I hate to ask,	すまんが	Tenéis que disculparme, pero	Не привык просить, но...	Dürfte ich daher demütig um eure Hilfe ersuchen?	Odio chiederlo,	Och med tanke på det,\nkan jag be dig om en tjänst?	Portanto,\npoderia lhe pedir um favor?	Disculpen, pero...	I w związku z tym,\nmógłbym spytać was o prośbę?	事到如今，我可以請你們幫個忙嗎？	Durum böyleyken, sizden\nbir ricam olabilir mi?	
event20_14	Might I beseech you to track down\nthe rest of my body?	But could you gather up my body?	ワシの体を集めてきては　くれんか？	¿podríais encontrar el resto de\nmi cuerpo por mí?	Соберите, пожалуйста, все части моего тела.	Wärt ihr so gütig, den Rest meines Körpers\nausfindig zu machen?	Ma potresti raccogliere il mio corpo?	Får jag be dig att spåra upp\nresten av min kropp?	Por obséquio, poderia encontrar\no resto do meu corpo?	¿podrían reunir mis restos?	Czy pozwolicie mi poprosić o\nznalezienie reszty mojego ciała?	我可以囑託你們找到\n我剩下來的身軀嗎？	Lütfen bedenimin geri kalanını da\nbulmanızı rica edebilir miyim?	
event20_15	I'd also be grateful	And while you're at it, if you could\ntake care of those 40 bone thieves,	ついでに４０人の骨の盗賊どもも	Y de paso, ¿seríais tan amables\nde ocuparos de esos cuarenta 	А если ещё разберётесь	Natürlich wüsste ich es auch zu schätzen,	E mentre ci sei, potresti\nprovvedere a quei 40 ladri di ossa,	Jag skulle även vara tacksam	Eu também ficaria grato	Y, de paso, si pudieran ocuparse de\nesos 40 ladrones de huesos,	Też bym był wdzięczny	若你也能一併處理掉那四十大盜，	Ben de minnettar olurdum.	
event20_16	If you could do something\nabout the 40 Thieves, as well.	I would greatly appreciate it.	なんとかしてくれると　ありがたい	ladrones de huesos?	с этими 40 разбойниками,\nя буду безмерно благодарен вам!	wenn ihr euch zudem der 40 Räuber annehmen könntet.	Lo apprezzerei molto.	Om du kunde göra\nnågot åt ​​de 40 Tjuvarna, också.	se pudessem fazer algo a respeito dos 40 Ladrões.	se los agradecería mucho.	Jakbyście byli w stanie coś zrobić\nz tymi 40-toma Złodziejami.	我也會很感激你們的。	Eğer 40 Hırsız hakkında da bir\nşeyler yapabilirseniz çok iyi olur.	
event20_17	Hah! No problem!		ハン！　お安いごようだぜ！	¡Je! ¡Será pan comido!	Ха, да это мы с лёгкостью!	Hah! Kein Problem!	Hah! Nessun problema!	Hah! Inga problem!	Hah! Sem problema!	¡Ja, es lo menos que puedo hacer!	Hah! Żaden problem!	哈！沒有問題！	Hah! Problem değil!	
														
event21_name	The Ring of Wishes	Got the White World Ring!	白い世界リングゲット！	El Anillo de la Ambición	Вы получили белое\nМировое кольцо!	Der weiße Weltenring	Preso l'Anello Mondiale Bianco!	Ring av Önskningar	Anel dos Desejos	¡Obteniendo el Anillo blanco de los Deseos!	Pierścień Życzeń	獲得願望之戒	Dilek Yüzüğü	
event21_1	Hey, look at this.	This is...	これは…	Este es...	Это же...	Hey, schau mal!	Questo è...	Du, titta på det här.	Ei, olha só.	Es...	Hej, spójrz na to.	嘿，看看這個。	Hey, şuna bak.	
event21_2	It's a white ring.\nOne of the seven, I'm sure.	One of the seven rings, the white ring.	７つのリングのひとつ白のリング	Es un Anillo blanco...\nOtro de los siete Anillos.	Одно из семи колец, белое кольцо.	Ein weißer Ring! Ganz sicher einer der Sieben!	Uno dei sette anelli mondiali, l'anello bianco.	Det är en vit ring.\nEn av de sju, det är jag säker på.	É um anel branco.\nUm dos sete, com certeza.	Uno de los siete Anillos mundiales, el Anillo blanco.	To Biały Pierścień.\nNa pewno jeden z siedmiu.	是白色的戒指。\n這肯定也是七枚戒指之一。	Bu beyaz bir yüzük.\nYedisinden biri, eminim.	
event21_3	Uh! Definitely one of the World Rings!\nIt feels... it feels like light.	Ugh! It really is one of the seven World Rings...\nThis force feels like light...	う！　たしかに７つの世界リング…\nこれは光のような力か…	¡Uf! Sí, es uno de ellos...\nTiene un poder parecido a la luz...	Агх! Да, это одно из семи Мировых колец...\nУ него сила, подобная свету...	Whoa! Definitiv ein Weltenring!\nDieser fühlt sich... wie Licht an!	Uff! sembra proprio une dei sette anelli Mondiali...\nQuesta forza sembra luce...	Uh! Definitivt en av Världsringarna!\nDet känns... det känns som ljus.	Ah! Definitivamente é um dos Anéis do Mundo!\nParece... parece uma luz.	Sí, es uno de los siete Anillos.\n¿Tiene el poder de la luz?	Łoł! Rzeczywiście jeden z nich.\nTo uczucie jest jak... jak światło.	呃！肯定是七枚世界戒指之一！\n這感覺似乎是……光明。	Uh! Kesinlikle Dünya Yüzüklerinden biri!\nHafif bir his veriyor... sanki ışık gibi.	
event21_4	To think this little thing...\ncould cause so much trouble.	...What a troublesome thing.	…全くやっかいなシロモンだぜ	Vaya Anillo más problemático...	...однако количество бед не счесть.	Dass dieses winzige Ding so einen\ngigantischen Schaden anrichten kann...	...Che cosa problematica.	Tänk att den här lilla saken...\nkan orsaka så mycket problem.	E pensar que essa coisinha...\npoderia causar tanto problema.	Sí... Esto sería problemático.	Ciężko pomyśleć, że taka mała rzecz...\njest powodem tylu problemów.	這個小玩意……\n居然能造成這麼多麻煩。	Bu küçücük şeyin... bu kadar\nçok soruna yol açabileceğini düşünmek.	
event21_5	You mean... the ring?	You mean... that ring?	その…リングが　ですか？	¿Este... Anillo?	Из-за этого... кольца?	Du meinst... den Ring?	Intendi...questo anello?	Menar du... ringen?	Você quer dizer... o anel?	¿Hablas de ese anillo?	Masz na myśli... ten Pierścień?	你說……戒指嗎？	Yani... yüzükten mi bahsediyorsun?	
event21_6	Such great power can bring people\neither happiness or misfortune.	Great power can make people happy,\nbut it can also bring them misfortune.	大きな力は　人を幸せにもするが\n不幸にもする	Un gran poder puede traer tanto\nfelicidad como miseria.	Великая сила, способная нести людям\nлибо счастье, либо горе.	So eine Macht könnte jemanden das größte Glück\nbescheren, oder das schlimmste Verderben.	Grandi poteri può rendere le persone felici,\nma può anche portarli sventura.	Sådan stor makt kan varken föra\nmänniskor lycka eller olycka.	Tanto poder pode trazer\nfelicidade ou sofrimento para as pessoas.	Un gran poder puede traer felicidad a las personas,\npero también desgracias.	Ogromna moc takiego pokroju może\nprzynieść ludziom szczęście lub nieszczęście.	那麼強大的力量可以為人們帶來幸福或悲劇。	Böylesine büyük bir güç insanlara hem\nmutluluk hem de felaket getirebilir.	
event21_7	There are many such stories told of\nin the Arabian Nights.	...There are several such tales\nin the Arabian Nights.	…アラビアンナイトの中にも\nそういった物語がいくつかありもす	...Las mil y una noches está repleta\nde historias que lo reflejan.	В """Тысяче и одной ночи"""... об этом\nнаписано несколько сказок.	In Tausendundeine Nacht...\nfinden sich viele solcher Geschichten wieder.	...Ci sono un sacco di racconti\nnelle Mille E Una Notte	Det finns många sådana historier som berättas\ni Tusen och en natt.	Existem varias histórias assim nas Mil e Uma Noites.	Hay varios cuentos de ese tipo\ndentro de """Las mil y una noches""".	Jest wiele takich opowieści\nw Arabskich Nocach.	在天方夜譚裡有很多關於它的故事。	Binbir Gece Masalları'nda bu\ntürden birçok hikaye anlatılır.	
event21_8	For instance, this ring seems\nto be filled with """desire."""	For instance, this ring seems\nto be filled with people's """desires."""	たとえば　このリングには人の「願望」が\nつまってるカンジだ	Por ejemplo, este Anillo parece estar repleto de """deseos""".	В этом кольце множество людских """желаний""".	Dieser Ring hier zum Beispiel scheint\nmit """Wünschen""" erfüllt zu sein.	Per esempio, questo anello sembra\nriempito con i """desideri""" delle persone.	Till exempel, verkar den här\nringen vara fylld av """begär."""	Por exemplo, esse anel parece estar cheio de """desejos."""	Por ejemplo, este Anillo parece\ncontener los deseos de la gente.	Na przykład ten pierścień\nwydaje się być wypełniony """pragnieniem."""	例如，這個戒指似乎充滿著「慾望」。	Örneğin, bu yüzük "arzu"\nile dolu gibi görünüyor.	
event21_9	That could mean aspiration, or maybe\nit could be greed and ambition.	It could be called hope, but depending on the story,\nit can also be ambition or temptation.	それは希望ともいえるが　話に\nよっては　野望や欲望にもなっちもう	Aunque pueden representar la esperanza,\ntambién la codicia o la avaricia.	Таких как """обрести надежду""", но есть\nи различные корысти, даже алчность.	Damit könnte Zielstrebigkeit gemeint sein,\naber vielleicht auch Gier und Verlangen.	Potrebbe essere chiamata speranza, ma a seconda della storia,\npuò anche essere ambizione o tentazione.	Det kan betyda strävan, eller kanske\nså kan det vara girighet och ambition.	Isso pode significar aspiração, ou talvez\npossa ser ganância e ambição.	Podría ser esperanza, pero, depende de la\nhistoria, también ambición o lujuria.	To może znaczyć aspirację,\nalbo nawet chciwość lub ambicję.	但那可能指的是一個人的抱負，\n亦或者是貪婪與野望。	Bu, özlem anlamına gelebilir ya da belki\nde açgözlülük ve hırs anlamına gelebilir.	
event21_10	...		…	...	А-а?	...	...	...	...	...	...	……	...	
event21_11	Just what does Erazor want\nby collecting all of these rings?	Seriously...What's he trying to do\nby collecting these things?	まったく　こんなもの集めて\nヤツは　ナニをしようってんだ	Madre mía, ¿qué planea hacer ese sinvergüenza con estos anillos?	Чёрт побери, какие же планы\nу Эрейзора на эти кольца...	Was verspricht sich Erazor nur davon,\ndiese Dinger zu sammeln?	Seriamente...Cosa sta cercando di fare\ncollezionando queste cose?	Vad vill Erazor egentligen med\natt samla alla dessa ringar?	Mas o que será que o Erazor quer com esses anéis?	Ya, en serio, ¿para qué quiere reunir estas cosas?	Serio, co Erazor chcę osiągnąć\nzbierając je wszystkie?	伊萊薩收集這些戒指到底要做什麼？	Erazor tüm bu yüzükleri toplayarak\ntam olarak neyi amaçlıyor?	
														
event22_name	Enemy Stronghold	Moonlit Sky Palace	月夜こうかぶ空中宮殿	El Palacio Celeste	Ограничение по времени\nи обещание, которое не забыть.	Feindliche Hochburg	Palazzo Celeste al Chiaro di Luna	Fiendens Fäste	Fortaleza Inimiga	El palacio en el cielo iluminado por la Luna	Twierdza Przeciwnika	敵方要塞	Düşman Kalesi	
event22_1	...And many such spirits\nwere driven to madness.	...Indeed, many genies were driven mad.	…いかにも多くのマジンが\n狂気に駆られ	...y fue así que todos esos espíritus,\nmovidos por la locura,	...в общем, многие духи совершенно обезумели.	...Und zahllose dieser Geister\nsind dem Wahnsinn anheimgefallen.	...In realtà, molti geni furono impazziti.	...Och många sådana andar\ndrevs till vansinne.	...E vários desses espiritos foram levados à loucura.	En efecto... fue culpa mía que tantos majin	... I wiele takich duchów zostało\ndoprowadzonych do szaleństwa.	……而許多精靈都被狂暴化了。	...Ve bu ruhların birçoğu deliliğe sürüklendi.	
event22_2	It is my fault that they became\nthe minions of the Erazor Djinn.	It is my fault that they became\nservants of this Erazor Djinn.	あのイレイザー・ジンとやらの手下に\nなったのは　ワシの落ち度じゃ	se convirtieron en esbirros de ese tal\nErazor... Todo por mi culpa.	И я виноват в том, что они\nстали служить Эрейзору Джинну.	Es ist allein meine Schuld, dass sie sich\nErazor Djinn angeschlossen haben.	È colpa mia se sono diventati\nservi di Erazor Djinn	Det är mitt fel att de blev\nhantlangare till Erazor Djinnen.	É minha culpa eles terem se tornado\nlacaios do Erazor Djinn.	sucumbieran a la locura y se convirtieran\nen secuaces de Erazor, el Genio.	Zostały minionami\nErazora Dżina z mojej winy.	是我的失誤，它們才會變成\n伊萊薩的手下。	Onların Erazor Cin'inin\nhizmetkarları olmaları benim hatam.	
event22_3	However, by carving up the words\nthat make up our world,	However, from the words of this world\nwhich he harvested,	だが　奴は刈り取った\nこの世界の文字から	Además, ese hombre ha creado\nnuevos espíritus	А ещё... из-за того, что он стёр так много букв,	Dennoch, durch sein Auslöschen der Worte,\ndie diese Welt ausmachen,	Tuttavia, dalle parole di questo mondo\nche ha raccolto,	Men, genom att skära upp orden\nsom utgör vår värld,	No entanto, ao ceifar as palavras\nque compõem o nosso mundo,	Sin embargo, él utiliza palabras que\ncosechó de este mundo	Aczykolwiek, pozbywając się słów,\nktóre tworzą nasz świat,	但是，在他把這個世界的文字清除的同時，	Ancak, dünyamızı oluşturan\nkelimeleri parçalara ayırarak,	
event22_4	New spirits have also appeared.	He creates new genies.	新たなマジンを生み出す	a partir de las palabras que cosechó.	начали рождаться новые духи.	sind ebenfalls Geister erschienen.	Lui crea nuovi geni.	så har nya andar också dykt upp.	novos espiritos também surgiram.	para crear nuevos majin.	Pojawiły się też nowe duchy.	新的精靈也誕生了。	Yeni ruhlar da ortaya çıktı.	
event22_5	His power is nearly godlike.	That power...Truly godlike, indeed.	その力…\nまさに神のごとしじゃ	Sinceramente... su poder es casi divino.	А его мощь... может сравнится с божественной!	Seine Macht ist nahezu gottgleich.	Che potere...Veramente divino.	Hans kraft är nästan gudalik.	Seu poder é praticamente divino.	Ese poder es digno de un dios.	Jego moc jest praktycznie boska.	他那股力量……幾乎就像個神一樣。	Gücü neredeyse tanrısal.	
event22_6	Godlike, huh...?\nWell, that's a problem, then.	Godlike, you say? Well, isn't that annoying.	神…だって？\nやっかいなもんだ	¿Divino...?\nVaya fastidio.	Божественной? Звучит как проблема.	Gottgleich, huh...?\nNa, das ist mal ein schönes Schlamassel.	Divino dici? Beh, che fastidio.	Gudalikt, huh...?\nTja, det är ett problem, då.	Divino, é...?\nBom, então temos um problema.	¿De un dios, dices? Qué fastidio.	Boska, co...?\nNo, to może być problem.	像個神嗎？\n……那就麻煩了呢。	Tanrısal, huh...?\nPeki, bu bir problem, o zaman.	
event22_7	Even so, supernatural beings like\nthe Erazor Djinn always have weak points	Hmph. Even gods have their weaknesses, however.	ふむ　ただし神と　いえども\n弱点はある	Sin embargo, los dioses también tienen puntos débiles.	Хм. Вот только... даже у богов бывают\nслабые места,	Wie dem auch sei, übernatürliche Wesen,\nwie der Erazor Djinn, haben stets	Comunque gli dei hanno anche loro delle debolezze.	Men ändå, övernaturliga varelser som Erazor Djinn har alltid svaga punkter	Mesmo assim, seres sobrenaturais como\no Erazor Djinn sempre possuem pontos fracos	Sí. Pero incluso los dioses\ncomo él tienen sus debilidades.	Mimo to, supernaturalne istoty jak\nErazor Dżin zawsze mają swoje słabości	但即便是伊萊薩這種超自然存在，在許多故事中也總是會	Yine de, Erazor Cin'i gibi doğaüstü\nvarlıkların her zaman zayıf noktaları vardır.	
event22_8	That are told of in stories.	Simply put...	さっするに…	Teniendo en cuenta sus orígenes...	как мы знаем из сказок.	Schwachpunkte, von denen in Geschichten die Rede ist.	in poche parole...	Som det berättas om i berättelser.	que são contados nas histórias.	Sospecho...	O których mowa w powieściach.	被提到他們的弱點。	Hikayelerde anlatılanlar.	
event22_9	Huh?		？	¿Hum?	М-м?	Huh?	Huh?	Huh?	Hã?	¿Mmm?	Hm?	嗯？	Huh?	
event22_10	?		？	¿Hum?	А-а?	?	?	?	?	¿Eh?	?	？	?	
event22_11	In truth, he is a Genie of the Lamp.\nSomehow, though, he has escaped.	His true identity is the Genie of the Lamp.\nSomehow, he must have come out.	やつの正体はランプの精じゃ\nなにかの理由で外にでたのじゃろう	Sigue siendo el Genio de la Lámpara, pero de\nalguna forma se ha liberado de su interior.	На самом деле, он джинн лампы.\nИ каким-то образом смог выбраться из неё.	In Wahrheit ist er ein Dschinni der Wunderlampe.\nIrgendwie jedoch ist er entkommen.	La sua vera identità è il Genio della Lampada.\nIn qualche modo è uscito.	I själva verket, är han en Ande av Lampan.\nPå något sätt har han dock lyckats fly.	Na verdade, ele é um Gênio da Lâmpada.\nPorém, de alguma forma, ele escapou.	Su verdadera naturaleza es la del genio de la lámpara.\nDebe haber salido por alguna razón.	Prawdą jest, że jest dżinem lampy.\nJednak, jakoś uciekł.	他的真身其實是一位神燈精靈。\n然而不知為何，他竟然逃了出來。。	Aslında o bir Lamba Cini.\nAncak bir şekilde kaçmayı başardı.	
event22_12	If we had the lamp he belongs to,	If you had the original lamp,	元のランプがあれば	Si tuviésemos la lámpara\na la que pertenece,	Будь у нас эта лампа, мы могли бы	Hätten wir die Lampe, die zu ihm gehört,	Se avessi la lampada originale,	Om vi ​​hade lampan han tillhör,	Se nós tivéssemos a lâmpada à qual ele pertence,	Si tuviéramos su lámpara original,	Jeśli byśmy mieli lampę do której należy,	我們要是能拿到他所屬的那盞神燈，	Eğer ona ait olan lambaya sahip olsaydık,	
event22_13	It could be possible to seal\nhim away again... forever.	You might be able to seal his power.	やつの力を封じることが\nできるかもしれん	creo que podríamos confinar\na él y a su poder.	попробовать заточить его обратно.	ergäbe sich gewiss die Möglichkeit,\nihn erneut zu versiegeln, auf ewig.	Potresti sigillare il suo potere.	Skulle det kunna vara möjligt\natt försegla honom igen... för alltid.	talvez seria possível selá-lo\nnovamente... para sempre.	tal vez podríamos sellar su poder.	Możliwe jest, że możemy go\nznowu w niej uwięzić... Na zawsze.	就有可能把他\n封印起來……永永遠遠地。	Onu tekrar sonsuza dek hapsetmek mümkün olabilir...	
event22_14	Lamp, huh?	Lamp, huh...?	ランプ…か	¿La lámpara?	Лампа, значит?	Die Lampe, huh?	Lampada, eh?	Lampa, huh?	Uma lâmpada, é?	¿Su lámpara?	Lampa, ta?	神燈嗎？	Lamba, huh?	
event22_15	Hmmm... there is one problem, though.	Hmph...	ふむ…	Hum...	Хм...	Hmmm... Es besteht jedoch ein Problem.	Hmph...	Hmm... det finns ett problem, dock.	Hmmm... mas há um problema.	Sí...	Hmm... jest tylko jeden problem.	嗯……不過有個問題。	Hmm... ama bir sorun var.	
event22_16	Returning the lost stories to their original\nstate requires greater power than we have.	Restoring lost stories requires far more power\nthan stealing them away.	失われた物語を元にもどすことは\nうばうより　強大な力が必要じゃ	Recuperar historias perdidas requiere\nmucho más poder que arrebatarlas.	Чтобы восстановить стёртые сказки,\nпотребуется немалая сила.	Den verlorenen Geschichten zu ihrer alten Pracht zu verhelfen,\nverlangt nach größerer Macht als uns zur Verfügung steht.	Restaurare storie perdute richiede molto più potere\npiuttosto che rubarle.	Att återföra de förlorade berättelserna till deras\nursprungliga tillstånd kräver större makt än det vi har.	Restaurar as histórias perdidas ao estado original requer muito mais poder do que temos.	Pero restaurar una historia perdida requiere un\npoder mucho mayor que el que la borró.	Przywrócenie straconych opowieści do ich\npierwotnego stanu wymaga więcej mocy, której nie mamy.	要將失落的故事回復原狀，\n需要比我們還要更強大的力量。	Kaybolmuş hikayeleri asıl hallerine döndürmek,\nsahip olduğumuzdan daha büyük bir güç gerektiriyor.	
event22_17	It would take a miracle.	Such power would be nothing short of miraculous.	それこそ奇跡ともいえる\n力がじゃ	Haría falta un poder casi milagroso\npara lograrlo...	Нам поможет, разве что, какое-нибудь чудо.	Es verlangt nach einem Wunder.	Tale potere sara niente di meno che un miracolo.	Det skulle krävas ett mirakel.	Seria preciso um milagre.	Un poder que podría considerarse milagroso.	Potrzebowalibyśmy cudu.	那會是個奇蹟之力。	Bu ancak bir mucizeyle olabilir.	
event22_18	Leave it to me.\nThat's why I'm here, after all.		まかせとけって\nそのために　きたんだぜ	Yo me ocupo. Por algo estoy aquí.	Положись на меня!\nЯ здесь именно для этого.	Ach, nur nicht den Kopf verlieren.\nDafür bin ich ja hier!	Lascia fare a me.\nÈ perchè sono qui dopotutto.	Lämna det åt mig.\nDet är ju därför jag är här, trots allt.	Deixa comigo.\nÉ pra isso que eu tô aqui, afinal.	Déjemelo a mí. Para eso estoy aquí.	Zostaw to mnie.\nW końcu po to tutaj jestem.	交給我吧。\n畢竟那就是我來到這裡的原因啊。	Bunu bana bırakın.\nZaten bunun için buradayım.	
event22_19	I see. So, then you are the legendary\nblue hedgehog...	I see. So, you are that legendary hedgehog...	なるほど　おぬしか\n伝説のハリネズミとやらは…	Ya veo... Conque tú eres el supuesto\nerizo legendario.	Всё понятно.\nЗначит, это ты... тот легендарный ёж?	Verstehe.\nDann musst du also der legendäre blaue Igel sein...	Capisco. Quindi, sei tu quel riccio leggendario...	Jag förstår. Så, då är du den legendariska\nblå igelkotten...	Entendo. Então você é\no lendário ouriço azul...	¡Ya veo, eres tú! El legendario erizo azul, ¿verdad?	Rozumiem. Więc,\nty jesteś legendarnym niebieskim jeżem...	我了解了，所以你就是那位\n傳說中的藍色刺蝟啊……	Anladım. Öyleyse sen\nefsanevi mavi kirpisin...	
event22_20	A great curse has been placed upon you.	You are quite cursed, aren't you?	ずいぶん　呪われとるぞ	Portas una terrible maldición.	Тебя прокляли.	Ein schrecklicher Fluch wurde dir auferlegt.	Sembri proprio maledetto, non è vero?	En stor förbannelse har lagts över dig.	Uma grande maldição foi lançada sobre você.	Estás completamente maldito.	Wielka klątwa została na tobie położona.	你被下了很強大的詛咒。	Sana büyük bir lanet geldi.	
event22_21	I can see in your eyes,\nthe grim fate that awaits you.	I can see hell in your eyes.	おぬしの瞳からは\n地獄がみえるわぃ	Puedo ver un destino siniestro en tus ojos.	Я вижу в твоих глазах... самый настоящий ад.	Ich erkenne in deinen Augen das finstere Schicksal,\ndas dich erwartet.	Posso vedere l'inferno nei tuoi occhi.	Jag kan se i dina ögon,\ndet dystra öde som väntar dig.	Posso ver em seus olhos\no destino sombrio que lhe aguarda.	El mismísimo infierno se refleja en tus ojos.	W twoich oczach widzę ciemny los,\nktóry na Ciebie czeka..	我從你的雙眼看得出來，\n一場無情的命運正等待著你。	Gözlerinde seni bekleyen\nacımasız kaderi görebiliyorum.	
event22_22	Hey, quit staring.\nYou're giving me the creeps!	Don't stare so much, gramps!\nI'll get flustered!	そんなに　のぞくなよ　ジイさん\nテレるだろ	Deja de clavarme la mirada, abuelete,\nque me da repelús.	А... Не глазей так на меня, дедуля,\nменя это смущает!	Hey, genug geglotzt!\nMir läuft's schon kalt die Stacheln runter!	Basta guardarmi così tanto nonnetto!\nMi farai diventare nervoso!	Hörru, sluta stirra.\nDu ger mig rysningar!	Ei, para de me olhar assim.\nTá me dando arrepios!	No me mire tanto, abuelo. Me da pena.	Hey, przestań się tak gapić!\nPrzerażaja mnie te twoje gały!	欸，別再看了。\n搞得我好不舒服。	Hey, bakmayı bırak.\nBeni ürkütüyorsun!	
event22_23	Hm. I am a bit hesitant to put this\nupon you, but... I will tell you this.	Hm. I feel a bit uneasy betting everything on you,\nbut...Let me tell you something.	ふん　おぬしに　賭けるのは\nちょいと不安じゃが…　教えよう	Hum. No sé si apostar por ti es la\ndecisión correcta, pero lo haré.	Хм... Не знаю, справишься ли ты,\nно слушай очень внимательно.	Ich bin nicht sicher, ob ich dir das aufbürden sollte,\ndoch ich gebe dir Folgendes mit auf den Weg.	Mm. Mi sento un po' a disagio a lasciare tutto a te,\nma...Fammi dire questo.	Hm. Jag är lite tveksam till att påtvinga dig\ndetta, men... jag ska berätta detta för dig.	Hm. Estou um pouco relutante em lhe contar isso, mas...\nvou lhe dizer o seguinte.	Mmm... Me inquieta un poco contarte esto, pero lo haré.	Hm, trochę niezdecydowanie Ci\nto mówię, ale... powiem Tobie tak.	哼。我有點猶豫要不要把這件事交給你，\n但……我還是得告訴你。	Hım. Bunu sana söylemek konusunda\nbiraz tereddütlüyüm ama... şunu söyleyeceğim.	
event22_24	You can find the Erazor Djinn in his palace,\nup in the sky.	He's in the sky,\nin a floating palace that he lifted himself.	奴は　みずからが浮かべた\n空中の宮殿におるわい	Erazor se encuentra en el cielo,\nen el palacio que él mismo hizo levitar.	Дворец Эрейзора Джинна находится\nвысоко в небесах.	Du findest Erazor Djinn in seinem Palast,\nhoch am Himmelszelt.	È nel cielo,\nin un palazzo fluttuante che ha innalzato lui.	Du kan hitta Erazor Djinnen i hans palats,\nuppe i himlen.	Você encontrará o Erazor Djinn\nem seu palácio, no céu.	Él reside en el palacio que conjuró en el aire.	Znajdziesz Erazora Dżina w jego\npałacu, wysoko w powietrzu.	伊萊薩就在他那位於空中的宮殿內。	Erazor Cini, gökyüzündeki\nsarayında bulabilirsiniz.	
event22_25	Show me that your part of this legend\ncan come true.	Show me some a glimpse of this legend.	伝説の　へんりんぐらい\n見せてもらおうぞ	Ve y demúestranos que eres digno\nde ser leyenda.	Докажи, что частью легенды\nты стал не просто так!	Zeige mir, dass dein Teil der Legende\nin Erfüllung gehen kann.	Fammi vedere che la tua parte di questa leggenda\npuò diventare realtà.	Visa mig att din del av den här legenden\nkan bli sann.	Mostre-me que a sua parte nessa lenda\npode se tornar realidade.	Contemplemos un atisbo de esa leyenda.	Pokaż, że ta część legendy\nmoże stać się prawdą.	讓我看看你這段傳說可以成真吧。	Bana bu efsanenin senin payına düşen\nkısmının da gerçeğe dönüşebileceğini göster.	
event22_26	Thanks... Now it's time I make a\nlegend for myself, then!	Thanks. I guess I'll go\nmake myself a legend, then.	サンキュー\nそれじゃ　伝説でも　つくってくるか	Muchas gracias. Pues entonces, ¡toca hacer historia!	Спасибо! Значит, пришло время\nпоказать свою легендарность!	Danke... Wird wohl Zeit,\ndass ich 'ne eigene Legende schreibe!	Grazie. Suppongo che andrò\na diventare una leggenda allora.	Tack... Nu är det dags att jag skapar\nen legend för mig själv, då!	Valeu...\nEntão tá na hora de provar que sou uma lenda!	¡Gracias! ¡Bien, hora de crear mi leyenda!	Dzięki...\nW takim razie zróbmy ze mnie legendę!	謝啦……現在該是時候\n讓我打造自己的傳說了！	Teşekkürler... Şimdi sıra bende, kendime\nbir efsane yaratma zamanı!	
event22_27	Hold the White World Ring up to\nthe palace gates, and they will open.	Hold up the white World Ring in front\nof the palace gate, and it will open.	宮殿の門の前で白の世界リングを\nかざすのじゃ　それで門はひらく	Muestra el Anillo Secreto blanco frente a las\npuertas del palacio y estas se abrirán.	Принеси белое Мировое кольцо\nк воротам дворца... и они откроются!	Halte den weißen Weltenring an den Palasttoren empor,\nund sie werden sich öffnen.	Tieni l'Anello Mondiale Bianco davanti\nal cancello del palazzo, esso si aprirà	Håll den Vita Världsringen upp\nmot palatsportarna, så öppnas de.	Erga o Anel do Mundo Branco em frente\naos portões do palácio, e eles se abrirão.	Levanta el Anillo mundial blanco ante las puertas\ndel palacio. Entonces se abrirán estas.	Trzymaj Biały Pierścień Świata\nprzy bramach pałacu, a otworzą się.	握著白色世界戒指，\n把它靠在宮殿門前，那扇門就會打開了。	Beyaz Dünya Yüzüğünü saray kapılarına\ndoğru tutun, kapılar açılacaktır.	
event22_28	OK!\nThanks for your help.	OK! Thanks for the help, gramps.	ＯＫ！\nためになったぜ　じいさん	¡Vale! Gracias por la ayuda, viejo.	Хорошо!\nСпасибо за помощь, дедуля!	Geht klar!\nNochmal danke für die Hilfe!	Okay! Grazie dell'aiuto nonnetto.	Ok!\nTack för din hjälp.	Beleza!\nValeu pela ajuda.	¡Okey! ¡Eso fue útil, abuelo!	Okej!\nDzięki za pomoc.	OK！謝謝你的幫忙。	Pekala!\nYardımın için teşekkürler.	
event22_29	I sense death approaching...	Hm...Signs of death are appearing.	ふん⋯\n死相が　でとるわい	Hum...\nLa muerte se refleja en su rostro.	Хм-м...\nСмерть уже подбирается к нему.	Ich spüre, wie der Tod sich nähert...	Mm...Segni di morte stanno apparendo.	Jag känner döden närma sig...	Eu sinto a morte se aproximando...	Jum... La muerte se cierne sobre él.	Wyczuwam, jak nadchodzi śmierć...	我感覺到死亡正在逼近他……	Ölümün yaklaştığını hissediyorum...	
														
event23_name	Entering the Palace	Time Limits and Unforgettable Promises	タイムリミットとわすれない約束	Entrando al Palacio	Дворец, парящий в небе,\nв свете Луны.	Betreten des Palastes	Palazzo di Promesse Indimenticabili e Limiti di Tempo	Inträde i Palatset	Entrando no Palácio	Plazos y promesas inolvidables	Dotarcie do Pałacu	進入宮殿	Saraya Giriş	
event23_1	Hehehe. Looks like my time limit is\nabout up.	Heheh.\nLooks like my time limit is almost up.	へへ　どうやら　オレの\nタイムリミットも近いみたいだな	Je, je, parece que ya no me queda\nmucho tiempo...	Хе-хе... Эх...\nКажется, моё время совсем на исходе.	Hehehe. Schätze meine Zeit ist fast abgelaufen.	Eheh.\nSembra che il mio tempo sia quasi scaduto.	Hehehe. Det verkar som att min tidsgräns\nsnart är ute.	Hehehe. Parece que meu tempo está acabando.	Je, je, je. ¿Qué tal?\nParece que mi tiempo casi se acaba.	Hehehe...\nNajwidoczniej kończy mi się czas.	嘿嘿。看來我的時限\n快到了。	Hehehe. Görünüşe göre süre\nsınırım neredeyse doldu.	
event23_2	Sonic?!	Sonic!?	ソニック！？	¡¡Sonic!!	Соник?!	Sonic?!	Sonic?!	Sonic?!	Sonic?!	¡Sonic!	Sonic?!	索尼克？！	Sonic?!	
event23_3	Sorry. I don't mean to worry you\n...I'll be okay.	Sorry. I don't mean to make you\nworry over nothing...I'm fine.	わりぃ　よけいな心配\nさせちまったな　…大丈夫だ	Perdona, no pretendía alarmarte...\nJuro que estoy bien.	Извини, не хотел тебя беспокоить.\nВсё в норме!	Tschuldige. Ich wollte dir keine Angst machen.\nDas wird schon wieder.	Scusa. Non volevo farti preoccupare\nper niene...sto bene.	Förlåt. Jag menar inte att oroa dig\n... Jag kommer att klara mig.	Desculpa.\nNão queria te preocupar...vou ficar bem.	Lo siento. Te preocupo innecesariamente.\nTodo está bien.	Sorki, nie chciałem Cię martwić...\nNic mi nie będzie.	抱歉。我不是故意要讓你擔心……我沒事的。	Üzgünüm. Seni endişelendirmek istemedim.\n...İyi olacağım.	
event23_4	I'm so, so sorry.	I am truly sorry	本当にごめんなさい	Lo siento...	Мне правда очень жаль,	Es tut mir so unendlich leid.	Mi dispiace veramente	Jag är så, så ledsen.	Eu sinto muito, muito mesmo.	Lo siento mucho.	Bardzo, bardzo przepraszam.	真的很對不起。	Ben çok, çok üzgünüm.	
event23_5	It's my fault that this happened to you...	For dragging you into all this...	こんなことに\n巻きこんでしまって…	Siento tanto haberte metido\nen este lío...	что втянула тебя во всё это.	Es ist nur meine Schuld,\ndass du das durchmachen musst...	Per averti trascinato in tutto questo...	Det är mitt fel att det här hände dig...	É minha culpa que tudo isso aconteceu com você...	Lamento haberte involucrado en esto.	To moja wina, że Ci się to stało...	是我的錯你才會這樣……	Bu durumun başına gelmesinden ben sorumluyum...	
event23_6	Really. Don't worry about it.	...\nIt's okay, don't worry about it.	…\nいいんだ気にすんなって	Je...\nNo te preocupes, Shara.	Да ладно, не переживай ты так.	Im Ernst, mach dir keinen Kopf.	...\nVa bene, non preoccuparti al riguardo.	Verkligen. Oroa dig inte för det.	Sério, não se preocupa com isso.	Ja, ja. Está bien. No te preocupes.	Serio. Nie martw się o to.	你真的不用擔心。	Gerçekten. Endişelenme	
event23_7	Just remember my promise...\nThe promise between me and you.	Our promise...Don't for get the promise\nbetween you and me!	約束…　オレとオマエの約束\nわすれるなよ！	Pero no olvides la promesa que nos\nhicimos, ¿vale?	Помнишь наше обещание?\nТы смотри только, не забывай!	Denk nur immer an unser Versprechen...\nDas Versprechen zwischen dir und mir.	La nostra promessa...Non dimenticare la promessa\nche abbiamo fatto!	Kom bara ihåg mitt löfte...\nLöftet mellan mig och dig.	É só lembrar da minha promessa...\nA promessa entre eu e você.	Te lo prometo. No olvides la promesa que hicimos.	Po prostu pamiętaj o naszej obietnicy...\nObietnicy między mną a tobą.	你只要記得我的約定……\n我和你的約定。	Sadece siana verdiğim sözü hatırla...\nBenimle senin arandaki sözü.	
event23_8	I haven't forgotten that promise!	...Our promise.\nI haven't forgotten!!	…約束\nわすれてないよ！！	¿Olvidarla...?\n¡En absoluto!	...обещание.\nЯ не забывала!	Wie könnte ich das jemals vergessen!	...La nostra promessa.\nNon me ne sono dimenticato!!!	Jag har inte glömt det löftet!	Eu não me esqueci dessa promessa!	No... no se me ha olvidado.	Nie zapomniałam o niej!	我還沒有忘記那約定！	O sözü unutmadım!	
event23_9	I knew I could count on you, Shahra.	All right!	よし！	¡Bien!	Что ж!	Ich wusste, ich kann auf dich zählen, Shahra.	Bene!	Jag visste att jag kunde lita på dig, Shahra.	Sabia que podia contar com você Shahra.	¡Bien!	Wiedziałem, że moge na Ciebie liczyć Shahra.	我就知道我可以依靠你，夏拉。	Sana güvenebileceğimi biliyordum, Shahra.	
event23_10	It's gonna take more than some tiny\nflame to bring judgment down on me!	Honestly, it's just a tiny flame,\nand it's supposed to judge me!? How cocky of him.	まったく　ただの炎のくせに\nオレをさばくだって！？　生意気だぜ	¿Realmente piensa Erazor que una llamita de nada puede acabar conmigo? ¡Menudo creído!	Вот чёрт, неужели какой-то огонёк\nприкончит меня? Да ни в жизнь!	Es braucht weitaus mehr als so eine mickrige Flamme,\num mir die Lichter auszupusten!	Sinceramente, è solo una piccola fiamma,\ne dovrebbe giudicarmi!? Che arrogante.	Det kommer att krävas mer än en\nliten flamma för att döma mig!	Vai precisar de mais do que um foguinho\npra poder me castigar!	¡Y mira, es una pequeña llamita que pretende juzgarme!\n¡Qué descaro!	Jakiś mały płomyk nie wystarczy\nby sprowadzić na mnie wyrok!	我才不會讓區區的小火苗\n降下制裁於我呢！	Bana hüküm sürmek için küçücük\nbir alev yeterli olmayacak!	
event23_11	Come on, let's go!	Guess we should hurry up a bit.	ちょい　いそぐとするか	¡Habrá que darse prisa!	Мы уже близко, идём!	Komm schon, bringen wir es zu Ende!	Sembra che ci dovremmo sbrigare.	Kom igen, vi går!	Bora, vamos lá!	¡Pongámonos en marcha!	Dawaj, idziemy!	來吧，我們走！	Pekala, hadi gidelim!	
event23_12	Okay!	Right!	ハイ！	 ¡Sí!	Да!	OK!	Giusto!	Okej!	Certo!	¡Sí!	Okej!	OK！	Tamam!	
														
event24_name	The Ring of Sadness	Got the Purple World Ring!	紫色の世界リングゲット！	El Anillo de la Tristeza	Вы получили фиолетовое\nМировое кольцо!	Der lila Weltenring	Preso l'Anello Mondiale Viola!	Ringen av Sorg	Anel da Tristeza	¡Obteniendo el Anillo morado de la Tristeza!	Pierścień Smutku	獲得悲戚之戒	Üzüntü Yüzüğü	
event24_1	That's it.	This is...	これは…	Este es...	Это же...	Da ist er!	Questo è...	Det är den.	É isso.	Es...	To jest to.	就是這個……	İşte bu.	
event24_2	One of the seven World Rings.\nThis one is purple.	One of the seven World Rings,\nthe purple ring.	７つの世界リングのひとつ\n紫のリングね	Un anillo púrpura. Es uno de los\nsiete Anillos Secretos.	Одно из семи Мировых колец.\nФиолетовое кольцо.	Der letzte der sieben Weltenringe.\nDieser hier ist violett.	Uno dei sette Anelli Mondiali,\nl'anello viola.	En av de sju Världsringarna.\nDen här är lila.	Mais um dos sete Anéis do Mundo.\nEsse é roxo.	Uno de los siete Anillos mundiales, el Anillo morado.	Jeden z siedmiu Pierścieni Świata.\nTen jest fioletowy.	七枚世界戒指之一\n這個戒指是紫色的。	Yedi Dünya Yüzüğünden biri.\nBu mor renkli.	
event24_3	This one...\nThis one is sealed with sadness.		これは…\nこれには　悲しみが封印されている…	Este anillo...\nEncierra amargura.	Ох...\nВ нём... в этом кольце запечатана """грусть""".	Woah! Der hier...\nDer hier ist mit Trauer erfüllt.	Questo qua...\nQuesto qua è sigillato dalla tristezza.	Den här...\nDen här är beseglad med sorg.	Esse...\nEsse está selado com tristeza.	Esto... esto encierra una profunda tristeza.	Ten... Ten jest\nzapieczętowany smutkiem.	這個……\n這裡面被封印進了悲傷。	Bu...\nBu, hüzünle mühürlenmiş.	
event24_4	Just what are these rings all about, anyway?	I wonder what the secret of these rings is...	いったい　何なのかしら…\nこのリングの秘密…	No puedo evitar preguntarme cuál será el\nsecreto que esconden los Anillos...	Интересно, как действует... это кольцо?	Was hat es mit diesen sieben Ringen\nüberhaupt auf sich?	Mi domando cosa sia il segreto di questi anelli...	Vad är det med dem här ringarna, egentligen?	O que são esses anéis afinal?	¿Pero cuál será el secreto de los Anillos?	O co w ogóle chodzi z tymi Pierścieniami?	這些戒指到底藏有什麼秘密？	Peki bu yüzüklerin amacı ne?	
event24_5	Hey, there's something\nI've been thinking about, Shahra.	Hey, can I ask you about something\nI've been wondering about?	なぁ　ひとつ気になってることが\nあるんだが聞いていいか？	Oye, hay algo que no comprendo...\n¿Puedo preguntártelo?	Мне кое-что не даёт покоя.\nМожно спросить?	Hey, es gibt da etwas, das mich schon\nein Weilchen beschäftigt, Shahra.	Ehi, posso chiederti qualcosa\nChe mi stavo domandando?	Du, det finns något\njag har funderat på, Shahra.	Ei, eu tava pensando numa coisa, Shahra.	Oye, hay algo que he querido\npreguntarte desde hace rato.	Hej Shahra,\njedna myśl nie daje mi spokoju.	欸，你能聽聽我最近在煩惱的事嗎，夏拉？	Hey, Shahra, aklıma\ntakılan bir şey var.	
event24_6	What is it?		なに？	¿Lo qué?	Что такое?	Ja?	Di che si tratta?	Vad är det?	O que é?	¿Qué?	O co chodzi?	怎麼了？	Nedir?	
event24_7	How do you and the Erazor Djinn\nknow each another?	What kind of relation do you\nand Erazor Djinn have?	ヤツ…　イレイザー・ジンとお前は\nどういう知り合いなんだ？	Shara, ¿de qué conoces a Erazor el Yinn?	Ты... и Эрейзор Джинн... \nЧто вас связывает?	Du und der Erazor Djinn,\nwoher kennt ihr euch eigentlich?	Che tipo di rapporto\navete tu e Erazor Djinn?	Hur känner du och Erazor Djinnerna\nvarandra?	Como você e o Erazor Djinn\nse conhecem?	Dime, ¿qué relación tienes con Erazor, el Genio?	Jak ty i Erazor się niby znacie?	你跟伊萊薩是怎麼認識的？	Sen ve Erazor Cin birbirinizi\nnasıl tanıyorsunuz?	
event24_8	Huh? W-well...	Huh!? Well...	え！？　まぁ…	¿Eh? Pues...	Что?\nНу-у...	Huh? Na ja...	Eh!? Beh...	Huh? T-tja...	Hã? B-bem...	¡¿Eh?! Bueno...	Hę? C-cóż...	欸！？這個嘛……	Huh? Ş-şey...	
event24_9	Hey, if you'd rather not talk about it,\nthat's okay.	Well, if you don't want to talk about it,\nthat's fine too.	まあ　話したくないなら\nそれでもいいさ	Eh, no pasa nada si prefieres no hablarlo.	А, ну...\nЕсли не хочешь говорить, тогда не надо.	Hey, wenn du lieber nicht drüber reden willst,\nist das kein Ding.	Beh, se non vuoi parlarne,\nva bene anche così.	Du, om du hellre inte vill prata om det,\nså är det okej.	Ei, se não quiser falar sobre isso, tudo bem.	Bueno, si no quieres hablar de ello, no pasa nada.	Hej, jeśli wolałabyś o tym nie mówić,\nto nie było tematu.	你不想講的話也沒關係啦。	Eğer bu konuda konuşmak istemiyorsan,\nsorun değil.	
event24_10	Sonic...	...Sonic.	…ソニック	...Sonic.	...Соник.	Sonic...	Sonic...	Sonic...	Sonic...	Sonic...	Sonic...	索尼克……	Sonic...	
event24_11	Is he really a Genie of the Lamp like\nthat king of bones said?	Is he really the Genie of the Lamp like\nthe old man said?	ヤツの正体は　ジジイが\nいってたように　ランプの精なのか？	¿Realmente es el genio de una lámpara,\ncomo dijo el anciano?	Ты мне только скажи. Дедуля был прав,\nон действительно джинн из лампы?	Ist er etwa wirklich ein Flaschengeist?\nSo wie der Knochenkönig gesagt hat?	È davvero lui il Genio della Lampada\ncome ha detto il vecchietto?	Är han verkligen en Ande av Lampan som\nden där kungen av ben sa?	Ele realmente é um Gênio da Lâmpada\ncomo aquele rei ossudo falou?	¿De verdad es un genio de la lámpara,\ncomo dijo el anciano?	Czy naprawdę jest Dżinem Lampy\ntak jak mówił kościasty król?	他真的像那個老骷髏王講的那樣，\n是個神燈精靈嗎？	O gerçekten de kemiklerin kralının dediği\ngibi Lambanın Cini mi?	
event24_12	Yes...	...Yes.	…そう	...Sí.	...да.	Ja.	...Sì,	Ja...	Sim...	Sí...	Tak...	是……	Evet...	
event24_13	Well, you see...he's the genie of the\nmagic lamp from the story of Aladdin.	His true identity is the genie\nfrom """Aladdin and the Magic Lamp."""	カレの正体は　アラジンと魔法の\nランプに出てくるランプの精よ	Él es en realidad el genio de la historia\nde Aladino y la lámpara maravillosa.	На самом деле он... джинн лампы из сказки\n"""Аладдин и волшебная лампа""".	Nun, weißt du, er ist der Dschinni der Wunderlampe,\naus der Geschichte von Aladin.	La sua vera identità è quella del genio\ndi """Aladino e la Lampada Magica."""	Ja, du förstår... han är anden av den\nmagiska lampan från berättelsen om Aladdin.	Bem... ele é o gênio da lâmpada mágica da história de Aladim.	Él realmente es el genio de\n"""Aladino y la lámpara maravillosa""".	Widzisz... jest dżinem magicznej lampy\nz opowieści Aladyna.	他的真身其實是……阿拉丁神燈裡的神燈精靈。	Bak... o, Alaaddin masalındaki\nsihirli lambanın cini.	
event24_14	?!	!?	！？	¿Hum?	М-м?!	?!	!?	?!	?!	¿Mmm?	?!	！？	?!	
event24_15	Long ago, he was punished for his misdeeds\nand sealed away in the lamp.		彼は昔　悪い行ないの罰として\nランプの中に閉じ込められ	Hace mucho tiempo, fue encerrado en la\nlámpara por las fechorías que cometió.	Когда-то давно... его заточили\nв лампу в качестве наказания.	Vor langer Zeit, wurde er für seine Missetaten bestraft,\nund in der Wunderlampe eingesperrt.	Tanto tempo fa, fu punito per le sue malefatte\ne fu sigillato nella lampada.	Länge sedan, straffades han för sina missgärningar\noch förseglades i lampan.	Há muito tempo atrás, ele foi punido por seus atos\ne foi selado na lâmpada.	Hace mucho tiempo, fue encerrado dentro de la\nlámpara como castigo por sus fechorías,	Dawno temu, został ukarany i\nzapieczętowany w lampie za swoje występki.	在很久以前，他因為惡行被懲罰監禁於神燈之中。	Çok uzun zaman önce, yaptığı kötülüklerden dolayı\ncezalandırıldı ve lambanın içine hapsedildi.	
event24_16	He would not be forgiven	Until he had granted the wishes\nof a thousand people,	千人の人の願いを　かなえるまで	No podría salir de la lámpara hasta	Для полного освобождения он был обязан	Ihm würde keine Vergebung zuteilwerden, 	Finchè non avrebbe soddisfato i desideri\ndi mille persone,	Han skulle inte bli förlåten	Ele só seria perdoado	y se le prohibió salir\nhasta que hubiera concedido	Nie wybaczonoby mu,	直到他實現了一千個人的願望，	Affedilmeyecekti	
event24_17	Until he had granted the wishes\nof a thousand people.	He was not allowed to come out...	外に出ることを\n許されなかったの…	que cumpliese los deseos de\nmil personas.	исполнить желания тысячи человек.	bevor er die Wünsche von eintausend Menschen erfüllt hätte.	Non gli era permesso di uscire...	Tills han har uppfyllt önskningar från tusen personer.	após realizar os desejos de mil pessoas.	los deseos de mil personas.	Dopóki nie spełniłby życzeń tysiąca ludzi.	才能被解放出來。	Bin kişinin dileğini yerine\ngetirene kadar.	
event24_18	But when his sentence had been served,\nhe had a renewed hatred of people.	And when his “Atonement” was over,\nhe was left with a deep hatred of people.	そして　その「しょくざい」が終わったとき\n彼の中には　さらに人を憎む気持ちと	Cuando su condena llegó a su fin, él\nrebosaba odio hacia los demás	Внутри себя... он таил глубокую ненависть.	Doch nachdem er seine Strafe verbüßt hatte,\nentflammte in ihm ein erneuter Hass auf die Menschheit.	E quando la sua "Espiazione" finì,\nfu lasciato con un grande odio verso le persone.	Men när hans straff hade avtjänats,\nfick han ett förnyat hat mot människor.	Mas quando ele cumpriu sua sentença,\nseu ódio pelas pessoas se tornou ainda mais profundo.	Cuando completó su penitencia, en él creció\nun odio aún mayor hacia la humanidad	Ale kiedy jego wyrok został ustalony,\nodżyła w nim jego nienawiść do ludzi.	但當他「贖罪」完成時，\n他對人類又萌生了更深的厭惡感。	Fakat cezasını çektikten sonra insanlara\nkarşı nefreti yeniden alevlendi.	
event24_19	That was his fate...sad, as it was.	And a desire to curse the very story	自分の身を　そう宿命づけた	y quedó grabado en él 	И вот, когда его наказание закончилось,\nон начал вымещать её на всём вокруг.	Dies war seine Bestimmung,... traurig wie sie war.	E un desiderio di maledire la storia stessa	Det var hans öde... sorgligt, som det var.	Esse foi o seu destino... por mais triste que seja.	y se arraigó el deseo de maldecir	Taki był jego... smutny los.	他將自己的命運如此定下。	Kaderi buydu... ne kadar üzücü olsa da.	
event24_20	His cursed destiny came from the story\nhe had been written into.	That had predestined him to such a fate.	この物語そのものを　呪う気持ちが\n深く刻まれた	el deseo de maldecir la historia\nque lo destinó a su miseria.	Он ненавидел всё, что олицетворяла\n"""Тысяча и одна ночь""". И решил стереть её.	Sein verfluchtes Schicksal entsprang der Geschichte,\nin die er hineingeschrieben wurde.	Questo lo ha predestinato ad un tale sorte.	Hans förbannade öde kom från berättelsen\nhan hade blivit skriven in i.	Seu destino amaldiçoado veio da história\nna qual ele foi escrito.	esta misma historia que había sellado su destino.	Jego zaklęte przeznaczenie pochodzi\nz opowieści w którą został wpisany.	對這整個故事的詛咒之念，\n被深深刻進了他的心裡。	Lanetli kaderi, içine yazıldığı\nhikâyeden kaynaklanıyordu.	
event24_21	...Shahra.		…シャーラ	...Shara.	...Шахра.	...Shahra?	...Shahra.	...Shahra	...Shahra.	¿Shahra...?	... Shahra.	……夏拉。	...Shahra.	
event24_22	To the Erazor Djinn,\nI am just a mere Genie of the Ring.	To him, I am but a Genie of the Ring.	彼にしてみれば\n私は　いっかいのリングの精	Para él, no soy más que un espíritu de un anillo...	Для него я... самая простая...\nобычная джинния.	Für den Erazor Djinn,\nbin ich nichts weiter als ein einfacher Ringgeist.	Per lui, non sono nient'altro che un Genio dell'Anello.	För Erazor Djinnen,\när jag bara en Ande av Ringen.	Para o Erazor Djinn,\neu sou apenas uma Gênia do Anel.	Para él, tan sólo soy el espíritu del anillo...	Dla Erazora Dżina,\njestem jedynie Dżinem Pierścienia.	對於伊萊薩而言，\n我不過僅僅是個戒指精靈。	Erazor Cine,\nBen sadece Yüzüğün sıradan bir Ciniyim.	
event24_23	...		…	...	...	...	...	...	...	...		……	...	
event24_24	I want to stop him, though.	But I want to stop him.	でも　私は彼を止めたいの	Pero deseo detenerlo	Но... я хочу остановить его!	Dennoch möchte ich ihn aufhalten.	Ma voglio fermarlo.	Jag vill stoppa honom, dock.	Mas eu quero impedi-lo.	Pero deseo detenerlo.	Mimo to, chcę go powstrzymać.	但我想阻止他。	Ama onu durdurmak istiyorum.	
event24_25	I want to turn the stories of the\nArabian Nights back to what they were.	And I want to return the world of the\nArabian Nights back to normal.	そして　このアラビアンナイトの\n世界を元に戻したい	y devolver Las mil y una noches a su estado original.	Хочу спасти мир """Тысячи и одной ночи"""!	Ich möchte die Welt von Tausendundeine Nacht\nwieder zu dem machen, was sie einst war.	E voglio riportare il mondo\ndelle Mille ed una Notte alla normalità.	Jag vill ändra berättelserna om\nTusen och en Natt tillbaka till vad de var.	Eu quero restaurar as histórias das Mil e Uma Noites.	Y deseo restaurar el mundo de\n"""Las mil y una noches""" a como era.	Chcę przywrócić opowieści\nArabskich Nocy do ich oryginalnego stanu.	我想讓天方夜譚的故事都\n恢復原狀。	Binbir Gece Masalları'nı asıl\nhallerine döndürmek istiyorum.	
event24_26	That is... my wish.	That...is my wish.	それが…　私の願い	Ese es... mi deseo.	Таково... моё желание.	Das... ist mein Wunsch.	Questo...è il mio desiderio.	Det är... min önskan.	Esse é... o meu desejo.	Ese... es mi deseo.	Takie... Jest moje życzenie.	那是……我的心願。	Bu... benim dileğim.	
														
event25_name	Battle With Erazor	It's Always Pride That Gets Cut Down	切りきざまれるのは　いつもプライド	Batalla contra Erazor	Первой страдает\nименно гордость.	Kampf gegen Erazor	È Sempre L'Orgoglio Che Viene Abbattuto	Slaget med Erazor	Batalha contra Erazor	Lo que queda hecho trizas es siempre el orgullo	Walka Z Erazorem	與伊萊薩決戰	Erazor ile Savaş	
event25_1	Ah...\nIt's the blue rat again.	Hmph...The blue sewer rat...	ふん…　青いドブネズミか…	Hum... Aquí está la rata de alcantarilla...	Хм...\nОпять эта синяя крыса.	Oh...\nNicht schon wieder die blaue Rattenplage...	Hmph...\nÈ quel ratto blu...	Ah...\nDet är den blå råttan igen.	Ah...\nÉ o rato azul de novo.	Je... La sucia rata azul, ¿eh?	Ah...\nZnowu ten niebieski szczur.	啊……\n又是那隻藍色老鼠。	Ah...\nYine bu mavi fare.	
event25_2	Hey, looks like I'm running\na bit low, here.	I'm about to run out of gas.	そろそろガス欠なんでね	A mi cuerpo se le está acabando la gasolina.	Слушай, у меня заканчивается топливо.	Hey, sieht aus, als würde ich hier auf Sparflamme laufen.	Sto per finire il carburante.	Hörru, det verkar som att jag börjar\nfå ont om energi, här.	Ei, tô ficando sem combustível aqui.	Ya casi no tiene combustible.	Hej, trochę mi się\ntu paliwo kończy.	我好像要沒油了。	Hey, sanırım gücüm\nbiraz azalmış.	
event25_3	Think you could top me off?	Fill me up, would you?	満タンでたのむぜ	¿A cuánto sale el litro?	Полный бак, пожалуйста!	Wie wär's mit 'nem Nachschub?	Potresti farmi il pieno?	Tror du att du kan fylla på mig?	Da pra você encher o tanque?	¿Me puedes llenar el tanque?	Mogę się doprosić o dolewkę?	可以麻煩幫我加滿嗎？	Beni tatmin edebilir misin?	
event25_4	Have you brought the seven World Rings?	Did you collect the seven World Rings?	７つの世界リングは集めたのか？	¿Reuniste los siete Anillos Secretos como te pedí?	А ты собрал все семь Мировых колец?	Hast du endlich die sieben Weltenringe dabei?	Hai collezionato i sette Anelli Mondiali?	Har du tagit med dig de sju Världsringarna?	Você trouxe os sete Anéis do Mundo?	¿Ya reuniste los siete Anillos mundiales?	Przyniosłeś dla mnie siedem Pierścieni Świata?	你把七枚世界戒指帶來了嗎？	Yedi Dünya Yüzüğünü getirdiniz mi?	
event25_5	Well, you see...	Gee, I wonder.	さぁーて　どうかな	No sé, no sé...	Кто знает... может, ты?	Ach, weißt du...	Chissà.	Tja, du förstår...	Bem, sabe....	Bueno, ¿qué tal...	No, jak ci to powiedzieć...	該怎麼辦呢……	Şey, görüyorsun...	
event25_6	You should really just look for them yourself.	You can check for yourself,\nif you want.	なんなら調べてみちゃどうだ	¿Por qué no lo compruebas tú mismo?	У тебя есть возможность это проверить.	Du solltest wirklich mal selbst die Augen aufmachen.	Puoi controllare,\nse vuoi.	Du borde egentligen bara leta efter dem själv.	Acho melhor você mesmo procurar por eles.	...si los vienes a buscar?	Sam sobie ich poszukaj.	你怎不自己過來看看呢。	En iyisi onları kendin araman.	
event25_7	Very well...	Well then...	では…	Entendido...	Тогда...	Wie du willst...	Bene allora...	Mycket väl...	Muito bem...	Muy bien...	Niech więc będzie.	很好……	Pekala o zaman...	
event25_8	I'll carve you to pieces\nuntil I find every last one!	I will do so by cutting you into pieces!	キサマを切りきざんで\nそうさせてもらおう！	¡Lo haré despues de hacerte picadillo!	Я разрежу тебя на кусочки\nи заберу кольца себе!	Ich schneide dich in Einzelteile, bis ich\njeden einzelnen Ring gefunden habe!	Farò in modo che verrai tagliato in pezzetti!	Jag kommer skära dig till bitar\ntills jag hittar varenda en!	Eu vou lhe cortar em pedaços\naté achar todos eles!	¡Te haré pedazos para conseguirlos!	Rozkroję Cię na kawałeczki dopóki\nich wszystkich nie znajdę!	那我要把你剁成碎片，\n直到每個世界戒指都找到為止！	Seni paramparça edeceğim, ta ki\nher bir parçanı bulana kadar!	
event25_9	Is that so?\nLet's see you try!		そうかい！\nやってみるんだな！	¿Ah, sí? ¡Ya me gustaría verlo!	Вот как?\nНу давай, попробуй!	Ach, ist das so?\nKomm her und versuch's doch!	Ah davvero?\nVediamo se ci riesci!	Är det så?\nVi får se dig försöka!	É mesmo?\nQuero ver você tentar!	¿Ah, sí? ¡Inténtalo!	O, serio?\nZobaczmy czy możesz!	是喔？\n那你就來試試看啊！	Öyle mi?\nHadi bir dene bakalım!	
														
event26_name	The Mysterious Door	The Mysterious Door and the Book's Binding	ナゾの扉と本の装丁	La Puerta Misteriosa	Таинственная дверь\nи переплёт книги.	Die mysteriöse Tür	La Porta Misteriosa e il Legame del Libro	Den Mystiska Dörren	A Porta Misteriosa	La puerta misteriosa y la portada del libro	Tajemnicze Drzwi	神秘之門	Gizemli Kapı	
event26_1	Sonic?!	Sonic!?	ソニック！？	¡¡Sonic!!	Соник?!	Sonic?!	Sonic?!	Sonic?!	Sonic?!	¡Sonic!	Sonic?!	索尼克？！	Sonic?!	
event26_2	Ah, I'm okay. I'm still...		ああ　大丈夫だ　まだな…	Tranquila, no ha pasado nada...\nAún no.	Спокойно, я в порядке! Пока что...	Ach, alles okay. Ich bin immer noch...	Ah, sto bene. sono ancora...	Ah, jag mår bra. Jag är fortfarande...	Ah, eu tô bem. Ainda estou...	Ah, estoy bien. Aún vivo...	Ah, wszystko gra. Dalej jestem...	啊，我沒事。我還……	Ah, ben iyiyim. Ben hala...	
event26_3	That door.\nWhat is it?	That door in the back.\nWhat is it?	あの奥の扉…　なに？	¿Qué es... esa puerta?	Что это за дверь... позади тебя?	Diese Tür.\nWas hat es damit auf sich?	La porta sul retro.\nChe cosa è?	Den där dörren.\nVad är det?	Aquela porta.\nO que é?	Esa puerta del fondo... ¿Qué es?	Te drzwi. O co biega?	裡面那扇門。\n那是什麼？	Şu kapı.\nBu nedir?	
event26_4	I have an idea! Watch this!\nOpen, Sesame!	This is what you do in times like these, right?\nOpen, Sesame!	こういうときはアレだろ？\nひらけ！　ゴマーッ！！	¿Habrá que decir la cosa esa?\n"""¡Ábrete, Sésamo!"""	Как там говорят в таких случаях?\nСезам, откройся!	Hey, warte, ich hab's! Aufgepasst!\nSesam, öffne dich!	Questo è quello che si fa in momenti come questo, giusto?\nApriti, Sesamo!	Jag har en idé! Titta på det här!\nSesam, öppna dig!	Tenho uma ideia! Saca só!\nAbre-te, sésamo!	¡Creo que sé qué hacer! ¡Ábrete, Sésamo!	O, mam pomysł! Pa tera!\nSezamie, otwórz się!	我有個點子！看我的！\n芝麻開門！	Aklıma bir fikir geldi! İzle!\nAçıl Susam!	
event26_5	Ah, it didn't work!	No reaction!	ノー・リアクション！	¡Ni caso!	Никакой реакции!	Oh, dass das nicht geklappt hat...	Nessuna reazione!	Ah, det fungerade inte!	Ah, não funcionou!	Hice todo lo que podía...	Aj, nie zadziałało!	啊，沒用啊！	Ah, işe yaramadı!	
event26_6	That's...		あれは…	Es...	А это?..	Das ist doch...	Quello è...	Det är...	Aquilo...	Eso...	To...	那是……	Bu...	
event26_7	There must be some sort of... offering\nwe need to make. Seven... Sonic?!	There are places to put something\n...Seven...Sonic!?	なにかを　おさめる場所がある…\n７つ…　ソニック！？	Partes de su relieve están diseñadas para\ncolocar algo... ¿Hay... siete? ¡Sonic!	Сюда можно что-то вставить...\nЗдесь семь отверстий... Соник!	Scheint, als müssten wir eine Art... Opfer darbringen.\nSieben... Sonic?!	Ci sono posti in cui mettere qualcosa\n...Sette...Sonic?!	Det måste finnas någon sorts... offergåva\nvi behöver skapa. Sju... Sonic?!	Deve haver algum tipo de... oferenda\nque precisamos fazer. Sete... Sonic?!	En esos cabe algo... Siete... ¡Sonic!	Musimy coś zaoferować, czy coś w tym stylu.\nMusi być siedem... Sonic?!	我們肯定需要先獻上\n某種……祭品。七個……索尼克？！	Bir çeşit... adak sunmamız\ngerekiyor. Yedi... Sonic?!	
event26_8	{When the seven rings that control the worlds are gathered,	{When the seven rings that control the worlds are gathered,	『７つの世界を統べるリングが\nそろいしとき…』	{Quando ſe junten los ſiete anillos que gouiernan eſtas tierras,	{Если собрать кольца от семи миров,	{Werden die sieben Ringe vereint,\nwelche die Welten kontrollieren,	{Quando i sette anelli che controllano il mondo saranno riuniti,	{När de sju ringarna som styr världarna är samlade,	{Quando os sete anéis que controlam os mundos forem reunidos,	{Cuando se reúnan los siete anillos\nque gobiernan los mundos,	(Kiedy siedem Pierścieni kontrolujących świat są zebrane,	『當七枚掌控世界的戒指\n聚集在一起， 	{Dünyaları kontrol eden yedi yüzük bir araya geldiğinde,	
event26_9	the portal between worlds shall open.}	The door that connects the worlds shall open.}	世界をつなぐ扉が開くであろう』	abriraſe la puerta que une los mundos...}	откроется дверь, соединяющая миры...}	öffnet sich sogleich das Portal zwischen den Welten.}	La porta che connette i mondi si aprirà.}	skall portalen mellan världar öppnas.}	o portal entre os mundos se abrirá.}	se abrirá la puerta que los conecta.}	portal między światami otworzy się.)	連結世界的傳送門也將開啟。』	Dünyalar arasındaki geçit açılacak.}	
event26_10	We've got the seven World Rings.\nThis must be the door that they open!	So, with the seven World Rings,\nthis door will open.	つまり、７つの世界リングがあれば\nこの扉は開くってことだな	Dicho de otra forma, esta puerta se abrirá\ncon el poder de los siete Anillos.	То есть... эту дверь можно открыть\nс помощью семи Мировых колец.	Wir haben die sieben Weltenringe.\nDas hier muss die Türe sein, die sie öffnen!	Quindi, con i sette Anelli Mondiali,\nquesta porta si aprirà.	Vi har de sju Världsringarna.\nDet här måste vara dörren som de öppnar!	Nós temos os sete Anéis do Mundo.\nEssa deve ser a porta que eles abrem!	En otras palabras, con los siete Anillos mundiales,\nesta puerta se abrirá.	Mamy je wszystkie.\nTo są te drzwi które otwierają!	我們有七枚世界戒指了。\n能用它們打開的門肯定是這扇！	Yedi Dünya Yüzüğüne sahibiz.\nBu, onların açtığı kapı olmalı!	
														
event27_name	Alf Layla wa-Layla Appears	Ambition is What Perishes	滅びるゆくのは野心	Aparece Alf Leyla wa-Leyla	Что погибает,\nтак это амбиции!	Alf Layla wa Layla erscheint	L'Ambizione è Ciò che Perisce	Alf Layla wa-Layla Dyker Upp	Alf Layla wa Layla Surge	La ambición es lo que perece	Nadchodzi Alf Layla wa-Layla	一千零一夜登場	Alf Layla wa-Layla Görünüyor	
event27_1	You just don't give up, do you?	You're a persistent one, aren't you?	なかなか　しつこいヤツだな	No te das por vencido, ¿eh?	Какой же ты настырный!	Du weißt echt nicht, wann Schluss ist, oder?	Sei uno persistente, non è vero?	Du ger bara inte upp, eller hur?	Você não desiste, né?	Eres bastante insistente, ¿no?	Jesteś strasznie upierdliwy, wiesz?	你就是不肯放棄是吧？	Hiç pes etmiyorsun, değil mi?	
event27_2	You've brought me all seven\nWorld Rings. Well done!	Looks like you've collected the seven\nWorld Rings. Well done.	７つの世界リングを集めたようだな\nよくやった	Parece ser que habéis reunido los siete Anillos Secretos. Buen trabajo.	Вижу, ты собрал все семь Мировых колец.\nОтличная работа!	Ich sehe, du hast mir die sieben Weltenringe gebracht!\nNicht schlecht!	Sembra che hai collezionato i sette\nAnelli Mondiali. Ottimo Lavoro.	Du har kommit med alla sju\nVärldsringarna. Bra jobbat!	Você me trouxe todos os sete\nAnéis do Mundo. Bom trabalho!	Parece que reuniste los siete Anillos mundiales.\nBien hecho.	Przyniosłeś mi wszystkie Pierścienie Świata.\nDobra robota, godna pochwały!	你把全部七枚世界戒指帶給我了！很好！	Bana yedi Dünya Yüzüğünün\nhepsini getirdin. Aferin!	
event27_3	Hey, of course!\nWe're such good buddies, after all!	Don't worry about it.\nWe're good buddies, aren't we?	気にするな\nオレとお前の仲だろ？	¡Pues claro! ¿O no somos buenos amigos?	Хвалишь меня так, будто мы старые приятели.	Aber hallo!\nNach all dem sind wir auch die dicksten Freunde!	Non ti preoccupare.\nSiamo buoni amici, non è vero?	Hallå, självklart!\nVi är ju så bra kompisar, trots allt!	Ei, é claro!\nSomos superamigos, afinal!	No fue nada. Para eso son los amigos, ¿no?	No jasne!\nPrzecież tak dobrze się dogadujemy!	當然了！我們是好兄弟嘛！	Tabii ki!\nSonuçta çok iyi arkadaşız!	
event27_4	Shahra!	Shahra.	シャーラよ	Shara...	Шахра!	Shahra!	Shahra!	Shahra!	Shahra!	Shahra...	Shahra!	夏拉！	Shahra!	
event27_5	...		…	...	...	...	...	...	...	...	...	……	...	
event27_6	You have done well in using him to\ngather the rings. Now, give them to me!	You did well letting that fool collect the rings.\nNow, the World Rings. Give them to me.	良くぞ　そ奴にリングをあつめさせた\nさぁ　世界リングをワタシに渡すんだ	Buen trabajo engañándolo para que reuniese\nlos Anillos por mí. Ahora entrégamelos.	Молодец, что убедила его собрать кольца.\nЧто ж... А теперь отдай Мировые кольца мне.	Eine reife Leistung ihn zu benutzen, um an die Ringe zu gelangen.\nUnd nun, übergib sie mir.	Hai fatto bene a lasciare quello sciocco  collezionare gli anelli.\nAdesso, gli Anelli Mondiali. Dalli a me.	Du har gjort bra ifrån dig att använda honom för\natt samla ringarna. Nu, ge dem till mig!	Você fez bem em usá-lo para reunir os anéis.\nAgora, dê eles a mim!	Hiciste bien en hacer que ese imbécil recogiera los Anillos.\nAhora, entrégame los Anillos mundiales.	Dobrze Ci poszło używając szczura,\nby zebrać Pierścienie. Teraz, oddaj mi je!	做得很好，你利用他把戒指收集齊全了。\n現在，把它們給我！	Yüzükleri toplamak için onu iyi\nkullandın. Şimdi, onları bana ver!	
event27_7	Hey, hold on! Aren't you going\nto do something about this?	Hey, hey. What are you gonna do\nabout this thing on my chest?	おいおい\n胸のコレはどうしてくれるんだ？	¡Eh! ¿¡Y qué pasa con lo que\ntengo en el pecho!?	Слушай-ка! Может, сделаешь что-нибудь\nс этой штукой в груди?	Hey, Moment mal! Hast du da nicht was vergessen?	Ehi, ehi. Cosa farai riguardo\nalla cosa nel petto?	Hörru, vänta lite! Ska du inte\ngöra något åt ​​det här?	Ei, pera lá! Você não vai fazer nada a respeito disso?	¡Oye, ¿no vas a hacer algo con esto de mi pecho?!	Chwila moment!\nNie miałeś czegoś z tym zrobić?	等等！你不該先對這\n做點什麼嗎？	Dur bir dakika! Bu konuda bir\nşey yapmayacak mısın?	
event27_8	Shahra, please, quickly!\nLet us rule the world together!	Now, Shahra, quickly!\nLet us rule the world together as partners!	シャーラ　さあ　はやく！\nともに世界を統べる伴侶となろうぞ！	¡Apresúrate, Shara! ¡Gobernemos el mundo los dos juntos!	Шахра! Ну же, быстрее!\nДавай править этим миром вместе!	Shahra, bitte, mach schon!\nLass uns die Welt gemeinsam beherrschen.	Adesso, Shahra veloce!\nGoverniamo il mondo insieme come compagni!	Shahra, snälla, snabbt!\nLåt oss styra världen tillsammans!	Shahra, por favor, rápido!\nVamos governar esse mundo juntos!	¡Shahra, ve, rápido!\n¡Convirtámonos juntos en gobernantes de este mundo!	Shahra, proszę, szybko!\nPozwól nam rządzić tym światem razem!	夏拉，來吧，快點！\n讓我們一起統治世界！	Shahra, lütfen, çabuk!\nGel, dünyayı birlikte yönetelim!	
event27_9	Shahra?!\nWh-what's...?	Shahra!? What are you...	シャーラ！？\nなにを…	Shara... ¿Qué estás...?	Шахра?!\nО чём это он?!	Shahra?!\nW-was...?	Shahra!? Cosa stai...	Shahra?!\nVa-vad är...?	Shahra?!\nO-o que tá...?	Shahra, ¿q-qué...?	Shahra?!\nC-co...?	夏拉！？\n你在……？	Shahra?!\nN-ne...?	
event27_10	I... I must...	Me and him...	私　カレを…	Es que yo... Y él...	Соник, он и я...	Ich... Ich muss...	Io e lui...	Jag... jag måste...	Eu... eu devo...	Yo... Él...	Ja... Ja muszę...	我……我必須……	Ben... Yapmalıyım...	
event27_11	Shahra, stop!	Don't do it, Shahra!	やめろシャーラ！	¡Detente, Shara!	Остановись, Шахра!	Shahra, stopp!	Non farlo Shahra!	Shahra, sluta!	Shahra, para!	¡Alto, Shahra!	Shahra, zaczekaj!	夏拉，停啊！	Shahra, dur!	
event27_12	You can't do this!\nThink about what will happen!	Do you realize what will happen if you do this!?	そんなことをしたら\nどうなるかわかってるのか！？	¿¡Tienes idea de lo que pasaría\nsi hicieses algo así!?	Ты же понимаешь, что произойдёт,\nесли ты это сделаешь?	Das kannst du nicht machen!\nDenk doch mal an die Folgen!	Capisci cosa succederà se fai questo!?	Du kan inte göra det här!\nTänk på vad som kommer att hända!	Você não pode fazer isso!\nPense no que vai acontecer!	¿Te das cuenta de lo que pasará si haces eso?	Nie możesz tego zrobić!\nZastanów się nad tym, co się stanie!	不可以！\n想想這麼做會發生什麼事！	Bunu yapamazsın!\nOlacakları bir düşün!	
event27_13	I'm sorry.\nI have no choice...	I'm sorry\nBut it can't be helped...	ごめんなさい\nだって　しょうがないのよ…	...Lo siento.\nNo me queda otra...	Извини, но... у меня... нет выбора...	Es tut mir leid.\nIch hab keine Wahl.	Mi dispiace\nNon posso farci nulla...	Jag är ledsen.\nJag har inget val...	Desculpa.\nEu não tenho escolha...	Lo siento. No tengo de otra...	Przykro mi.\nNie mam wyboru...	對不起，\n但我別無選擇……	Üzgünüm.\nBaşka seçeneğim yok...	
event27_14	I just want to be back with him.	I just want to return to him.	私はカレに戻って欲しいだけ	¡Tan solo quiero que volvamos a estar juntos!	Я просто хочу вернуться с ним.	Ich möchte doch einfach nur bei ihm sein.	Voglio solo tornare da lui.	Jag vill bara vara tillbaka med honom.	Eu só quero estar com ele de novo.	Sólo quiero que vuelva conmigo.	Ja tylko chcę znowu z nim być.	我只想回到他的身邊。	Sadece onunla tekrar birlikte olmak istiyorum.	
event27_15	No! As Genie of the Ring,\nI command you!	Agh! I command the Genie of the Ring,	クッ！　リングの精に命令する	¡Tsk! ¡Te ordeno, genio del anillo,	Джинния Шахра! Я приказываю тебе!	Nein! Als dein Meister befehle ich dir:	Agh! Io ordino il Genio dell'Anello,	Nej! Som Ande av Ringen,\nbefaller jag dig!	Não! Como Gênia do Anel,\nEu te ordeno!	¡Gh...! ¡Le ordeno al espíritu del anillo:	Nie! Jako Dżin Pierścienia,\nrozkazuje Ci!	不行！身為戒指精靈，\n我命令你！	Hayır! Yüzüğün Cini olarak,\nsana emrediyorum!	
event27_16	"""Do what you truly think is right!"""		『本当に正しいと思うことを\nするんだ！』	que hagas lo que creas correcto!	"""Поступи так, как считаешь правильным!"""	"""Tu das, was du für wirklich richtig hältst!"""	"""Fai quello che ritieni giusto!"""	"""Gör vad du verkligen tycker är rätt!"""	"""Faça o que você realmente acha que é certo!"""	haz lo que creas correcto!	"""Zrób to, co uważasz za uczciwe!"""	『做你真正認為是正確的事情！』	"""Gerçekten doğru olduğunu düşündüğün şeyi yap!"""	
event27_17	Ahhh... aaaaah!	Aaahhhh!	きゃぁ　あぁぁ	¡Aaaaaaah!	А-а-а-а-а-а-а-а-а!	Ahhh... aaaaah!	Aaaahhhh!	Ahhh... aaaaah!	Ahhh... aaaaah!	¡Aaaaah!	Ahhh... aaaaaah!	呀啊……啊啊啊！	Ahhh... aaaaah!	
event27_18	Shahra!		シャーラ！	¡Shara!	Шахра!	Shahra!	Shahra!	Shahra!	Shahra!	¡Shahra!	Shahra!	夏拉！	Shahra!	
event27_19	Prayers - Sadness - Rage - Hatred\n- Joy - Pleasure - Wishes.		祈り　悲しみ　怒り　憎しみ\n喜び　楽しみ　願い	Fe. Tristeza. Ira. Odio. Júbilo. Placer. Ambición.	Молитва, грусть, гнев, ненависть,\nрадость, удовольствие, желание.	Gebete - Trauer - Wut - Hass\n- Freude - Vergnügen - Wünsche.	Preghiere - Tristezza - Rabbia - Odio\n- Gioia - Desideri.	Böner - Sorg - Raseri - Hat\n- Glädje - Nöje - Önskningar.	Esperança - Tristeza - Raiva - Ódio\n- Felicidade - Prazer - Desejos.	Plegarias, tristeza, furia, odio, alegría, placer y deseos.	Pacierze - Smutek - Wściekłość - Nienawiść \n- Radość - Przyjemność - Życzenia.	祈禱、悲戚、憤怒、憎恨、喜悅、歡樂、願望。	Dualar - Üzüntü - Öfke - Nefret\n- Sevinç - Haz - Dilekler.	
event27_20	The seven hearts that make up\nthe stories.	The seven hearts that create the stories.	物語をつくる　７つの心	Los siete pilares de todas nuestras historias.	Семь чувств, которые создают истории.	Die sieben Herzen, die die\nGeschichte formen.	I sette cuori che creano\nle storie.	De sju hjärtan som utgör\nberättelserna.	Os sete corações\nque compõem as histórias.	Estos son los siete corazones que tejen las historias.	Siedem serc które tworzą opowieści.	七顆建構故事之心。	Hikâyeleri oluşturan yedi\nkalp.	
event27_21	These are the seven World Rings that\nbind these pages together!	These are the seven World Rings\nthat bind the pages of this world!	これが…　この世界のページをたばねる\n７つの世界リング！！	¡Estos son los siete Anillos que unen\nlas páginas de este mundo!	Это... семь Мировых колец, которые\nсвязывают страницы этой книги!	Dies sind die sieben Weltenringe,\ndie ihre Seiten zusammenhalten!	Questi sono i sette Anelli Mondiali che\nmettono insieme le pagine!	Det här är de sju Världsringarna som\nbinder samman dessa sidor!	Esses são os sete Anéis do Mundo que unem essas paginas!	¡Son los Anillos mundiales\nque unen las páginas de este mundo!	To są wszystkie Pierścienie Świata\nktóre łączą te strony razem!	這就是將這些書頁束在一起的\n七枚世界戒指！	Bu sayfaları birbirine bağlayan yedi\nDünya Yüzüğü bunlar!	
event27_22	Wha...!!	...!!	…！！	¡¡...!!	Ах...	Was...!!	Che...!!	Va...!!	Quê...!!	¡Gh!	Co...!	什麼...！	Ne...!!	
event27_23	{But the life of the collector of\nthe rings shall be offered up in sacrifice	{But the gatherer shall pay with their life,	『しかし、それを集めし者\n命のつぐないをもって	{...pero aquel que los tenga\npagarâ con ſu vida	{Однако за власть над мирами\nпридётся заплатить высокую цену,	{Doch das Leben dessen, der die Ringe zusammenträgt,\nsoll als Opfer dargebracht werden,	{Ma la vita del collezionista\nsarà offerta in sacrificio 	{Men ringsamlarens liv skall offras	{Porém a vida do coletor dos anéis será oferecida em sacrifício	{Sin embargo, aquel que los reúna\nse convertirá en la llave para gobernarlos,	(Natomiast życie zdobywcy pierścieni\nzostanie zaoferowane	『但凡聚集它們之人\n他的性命也將一併供奉，	{Ancak yüzükleri toplayanın hayatı,\nbu kontrolün anatarı	
event27_24	As the key for that control.}	And become the key to control all.}	全てを統べる鍵となさん』	la llave de eſe poder.}	отдав взамен свою жизнь}.	um den Schlüssel zu formen, der die Macht beherrscht.}	Come chiave per quel controllo.}	som nyckel till den kontrollen.}	como a chave desse poder.}	pagando para ello con su vida.}	w poświęceniu za klucz do tej kontroli.)	成為控制那股力量的鑰匙的獻祭品。』	olarak kurban edilecektir.}	
event27_25	I offer up YOUR life, blue hedgehog!	Be my sacrifice, blue hedgehog!	我がニエとなれ！　青きハリネズミ！	¡Tú serás mi sacrificio, erizo azul!	Пожертвуй же собой, синий ёж!	Ich opfere DEIN Leben, blauer Igel!	Io offro la TUA vita, riccio blu!	Jag offrar DITT liv, blå igelkott!	Eu ofereço a SUA vida, ouriço azul!	¡Sé mi sacrificio, erizo azul!	Oferuje TWOJE życie, niebieski jeżu!	成為我的祭品吧！藍色刺蝟！	Mavi kirpi, SENİN hayatını sunuyorum!	
event27_26	Ngh!	Tch!	チッ！！	¡...!	Ах! Чёрт!	Ngh!	Ngh!	Ngh!	Ngh!	¡...!	Ngh!	呃！	Ngh!	
event27_27	Shahra!		シャーラ！！	¡¡Shara!!	Шахра!	Shahra!	Shahra!	Shahra!	Shahra!	¡Shahra!	Shahra!	夏拉！	Shahra!	
event27_28	Sonic...\nI'm... sorry.	...Sonic.\nI'm sorry.	…ソニック\nごめんなさい	Sonic... Perdóname...	Соник...\nПрости меня.	Sonic...\nBitte, vergib mir...	Sonic...\nmi... dispiace.	Sonic...\nFörlåt... mig.	Sonic...\nMe... perdoe.	Sonic... Lo siento.	Sonic...\nJa... Przepraszam.	索尼克……\n對不起。	Sonic...\nBen... üzgünüm.	
event27_29	I knew... all along...	I knew, but...	ワタシ　わかっていたのに…	A pesar de que yo...	Я всё... Я всё знала...	Ich wusste die ganze Zeit über...	Lo sapevo... tutto il tempo...	Jag visste... hela tiden...	Eu sabia... esse tempo todo...	Yo... lo sabía.	Cały czas... wiedziałam...	我從一開始……就知道……	Başından beri biliyordum...	
event27_30	I knew what would happen,\nand I still got you involved.	Even though I knew this would happen\nI still got you involved...	こうなることは　わかっていたのに\n巻き込んでしまった…	A pesar de que sabía que esto\npasaría, te involucré en ello...	Я обо всём знала с самого начала,\nно втянула тебя в это...	Ich wusste, was geschehen würde,\nund dennoch hab ich dich mit reingezogen.	Sapevo cosa sarebbe successo,\ne ti ho comunque coinvolto...	Jag visste vad som skulle hända,\noch jag fick dig ändå involverad.	Eu sabia o que iria acontecer,\ne ainda assim te envolvi nisso.	Sabía que esto pasaría, pero aun así te metí en esto.	Wiedziałam co się stanie,\na i tak Cię w to wplątałam.	我知道會發生什麼事情，\n但我還是把你扯了進來。	Neler olacağını biliyordum, yine\nde seni işin içine dahil ettim.	
event27_31	It's okay.\nIt's not your fault.	That's okay!	いいんだ\nそんなことは！	¡No te sientas culpable!	Ничего страшного!\nНе думай об этом!	Schon okay.\nEs ist nicht deine Schuld.	Va tutto bene.\nNon è colpa tua!	Det är okej.\nDet är inte ditt fel.	Tudo bem.\nNão foi sua culpa.	No, no te preocupes.	Już dobrze.\nTo nie twoja wina.	沒有關係，\n這不是你的錯！	Sorun değil.\nSenin hatan değil.	
event27_32	Did I change my destiny?	Did I alter my fate?	運命　かわったかな？	¿Logré cambiar... el destino?	Я изменила... судьбу?	Habe ich mein Schicksal verändert?	Ho cambiato il mio destino?	Har jag ändrat mitt öde?	Eu mudei o meu destino?	¿Cambié... mi destino?	Czy zmieniłam swój los?	我有改變了自己的命運嗎？	Kaderimi değiştirdim mi?	
event27_33	Did I keep our promise?		約束　はたせたかな？	¿Logré mantener mi promesa...?	Я сдержала... своё обещание?	Habe ich mein Versprechen gehalten?	Ho mantenuto la nostra promessa?	Har jag hållit vårt löfte?	Eu mantive a nossa promessa?	¿Mantuve... nuestra promesa?	Czy utrzymałam naszą obietnicę?	我有守護好彼此的約定嗎？	Verdiğim sözü tuttum mu?	
event27_34	Shahra! Grant me a wish!	...Shahra.\nThis is an order!	…シャーラ　命令だ！	Shara... ¡Tengo una orden!	...Шахра, я приказываю!	Shahra! Bitte erfüll mir einen Wunsch!	Shahra! Fammi esprimere un desiderio!	Shahra! Uppfyll min önskan!	Shahra! Realize meu desejo!	¡Shahra! ¡Es una orden!	Shahra! Spełnij dla mnie życzenie!	夏拉！實現我的願望！	Shahra! Bana bir dilek hakkı ver!	
event27_35	I wish for you to not die and\nto go back to the way you were!	Don't die!\nReturn to how you were.	『死ぬな！　もとにもどるんだ』	No mueras y vuelve a tu\nestado anterior!	Не умирай! Верни прежнее состояние!	Ich möchte, dass du nicht stirbst\nund wieder so wirst, wie du früher warst.	Vorrei che non morissi e\ntornassi come eri prima!	Jag önskar att du inte dör och\ninte går tillbaka till hur du var!	Eu desejo que você não morra\ne volte a ser como era antes!	¡No mueras! ¡Vuelve a la normalidad!	Życze, żebyś nie umarła,\ni żebyś wróciła taka jaka byłaś!	我希望你不要死，\n並且回到你原來的樣子！	Ölmemeni ve eski haline\ndönmeni diliyorum!	
event27_36	I'm so sorry, Master.\nI... cannot grant...	I am sorry, my master...\nThat order is...	ごめんなさい　ご主人さま…\nその命令は…	Lo siento, amo, pero ese deseo...	Извините, Господин...\nНо этот приказ...	Es tut mir so leid, Meister.\nIch... kann ihn nicht...	Mi dispiace tanto, Maestro.\nIo... non posso esprimere...	Jag är så ledsen, Mästare.\nJag... kan inte bevilja...	Eu sinto muito, Mestre.\nEu... não posso realizar...	Lo siento, amo. Ese deseo no...	Naprawdę mi przykro.\nMistrzu... nie moge spełnić...	主人，我很對不起。\n我……沒辦法實現……	Çok üzgünüm, Üstadım.\nBen... izin veremem...	
event27_37	Hmph. In the end, such is the weak\npower of a Genie of the Ring.	Hmph. She was but the Genie of the Ring.\nUseless until the end.	フン　しょせんはリングの精\n最後まで　つかえぬか	Bah... Al fin y al cabo, era tan solo una genio del anillo. Inútil hasta el final.	Пф-ф, даже в конце своего пути\nты так и осталась слабой джиннией.	Hmpf. Schlussendlich lassen die jämmerlichen Kräfte\neines Ringgeistes doch einiges zu wünschen übrig.	Hmph. Alla fine dei conti, questo è\nil potere fiacco di un Genio degli Anelli.	Hmph. I slutändan, så är den svaga\nkraften hos en Ande av Ringen.	Hmph. No fim das contas, esse é o poder fraco\nde uma Gênia do Anel.	Jum. ¿Esa fue el espíritu del anillo?\nUna inútil hasta el final.	Hmpf. Koniec końców,\ntaka słaba jest siła Dżina Pierścienia.	哼。直到最後，\n戒指精靈的力量也不過如此。	Hmph. Sonuçta, Yüzük Cininin\ngücü işte böyle zayıf.	
event27_38	Ugh?\nHrrrrgh!		う！？\nうぉぉぉ	¡Hum!\n¡Grrrrrr!	М-м?\nО-о-о-о-о-а-а-а-а-а-а-а-а!	Ugh?\nHrrrrgh!	Ugh?\nHrrrrgh!	Ugh?\nHrrrrgh!	Ugh?\nHrrrrgh!	¿Mmm?\n¡Gua...!	Ugh? Hrrgh!	哦？\n喔喔喔喔！	Ugh?\nHrrrrgh!	
event27_39	Wooaaarrrgh!		ヲヲヲヲヲヲ	¡Aaaaaaaaaah!	А-а-а-а-а-а-а-а-а-а-а-а-а!	Wooaaarrrgh!	Wooaaarrrgh!	Wooaaarrrgh!	Wooaaarrrgh!	¡Grrruuuuaaaah!	Łooaaaarrgh!	哇喔喔喔啊啊啊！	Wooaaarrrgh!	
event27_40	I am Alf Layla wa-Layla.	My name is Alf Layla wa-Layla.	我ガ名ハ\nアルフ・ライラ・ワ・ライラ	Mi nombre es Alf Leyla wa-Leyla.	Меня зовут Альф-Лейла-ва-Лейла!	Ich bin Alf Layla wa-Layla.	Io sono Alf Layla wa-Layla.	Jag är Alf Layla wa-Layla.	Eu sou Alf Layla wa-Layla.	¡Soy Alf Leyla wa Leyla!	Ja jestem Alf Layla wa-Layla	我是一千零一夜。	Ben Alf Layla wa-Layla.	
event27_41	I AM the Arabian Nights.\nI will be its new creator!	I am the world of the Arabian Nights.\nI am the new creator.	我ハ　アラビアンナイトの世界\n我ハ　新タナ創造主	En mì habita el mundo de Las mil y vna noches.\nYo ſoy ſu nueuo criador.	Я - мир """Тысячи и одной ночи"""!\nЯ новый создатель!	Ich BIN Tausendundeine Nacht.\nIch werde ihr neuer Schöpfer sein!	IO SONO le Mille e una Notte.\nIo sarò il suo nuovo creatore!	JAG ÄR Tusen och en Natt.\nJag kommer att bli dess nya skapare!	Eu SOU as Mil e Uma Noites.\nEu serei o seu novo criador!	¡Soy el mundo de """Las mil y una noches"""!\n¡Soy su nuevo creador!	JA jestem Arabskimi Nocami!\nJa będę ich nowym twórcą!	我就是天方夜譚。\n我將成為它的新造物主！	Ben Binbir Gece Masalları'yım.\nOnun yeni yaratıcısı ben olacağım!	
event27_42	I will remake this world and this\nreality in my own image!	I will merge reality with this world,\nand I will be the ruler of all.	コノ　世界ト　現実ヲ　イレカエ\n私ハ　スベテノ統治者ト　ナル	Tornarè eſte mundo en verdadero y vendre a ſer abſoluto ſeñor de todo.	Я изменю этот мир и реальность.\nИ буду верховным правителем!	Ich forme diese Welt und jegliche Existenz\nnach meinem eigenen EBENBILD!!	Ricreerò questo mondo e questa\nrealtà a mia immagine!	Jag ska återskapa den här världen och den här\nverkligheten i min egen avbild!	Eu irei refazer esse mundo e essa\nrealidade do meu jeito!	¡Cambiaré la realidad de este mundo\ny seré el gobernante de todo!	Zbuduję ten świat i rzeczywistość\nod początku by wpasował się w moją wizję!	我要將這世界以我的形象重新塑造！	Bu dünyayı ve bu gerçekliği kendi\nsuretimde yeniden şekillendireceğim!	
event27_43	This is awful.\nYou're just some incomplete monster.	This is awful.\nYou've just become some incomplete monster...	ひどい\n不完全な化け物になったか…	Oh, no.\nSe ha convertido en un monstruo incompleto...	Жуть какая...\nОн превратился в монстра-переростка.	Das ist grauenvoll. Du bist nichts weiter\nals ein unvollständiges Monstrum.	È terribile.\nNon sei altro che un mostro incompleto...	Det här är hemskt.\nDu är bara ett ofullständigt monster.	Que horror.\nVocê é um monstro incompleto.	¡Qué horror! ¡Se convirtió en un monstruo incompleto!	To okropne.\nJesteś zwykłym niekompletnym potworem.	真是糟透了。\n你不過是個不完全體怪物。	Bu korkunç.\nSen sadece tamamlanmamış bir canavarsın.	
event27_44	Aaahhhh!		うぉぉぉ	¡Aaaaaaah!	А-А-А-А-А-А!	Aaahhhh!	Aaahhhh!	Aaahhhh!	Aaahhhh!	¡Aaaaaaahhhh!	Aaaahhh!	啊啊啊啊！	Aaahhhh!	
event27_45	We've got to stop him... Shahra!	We have to stop him... Shahra.	アイツを止めなきゃ…　シャーラ	Tengo que pararle los pies... Shara.	Я должен остановить его, Шахра!	Wir müssen ihn aufhalten...\nShahra!	Dobbiamo fermarlo... Shahra!	Vi måste stoppa honom... Shahra!	Nós temos que pará-lo... Shahra!	¡Tenemos que detenerlo, Shahra!	Musimy go powtrzymać... Shahra!	我們得阻止他……夏拉！	Onu durdurmalıyız... Shahra!	
event27_46	Please, lend me your power!	So...\nLend me your power!!	だからオレに　力を貸してくれ！！	¡Por favor, dame fuerzas\npara esta lucha!	Поэтому дай мне сил, чтоб совладать с ним!	Bitte, leih mir deine... MACHT!!	Per favore, prestami il tuo potere!	Snälla, låna mig din kraft!	Por favor, me dê sua força!	¡Por favor, préstame de tu poder!	Proszę, użycz mi swojej siły!	求求你，把你的力量借給我吧！	Lütfen, bana gücünü ver!	
														
event28_name	Erazor's Imprisonment		イレイザーの投獄	El fin de Erazor	Заточение Эрейзора.	Erazors Gefangenschaft	L'imprigionamento di Erazor	Erazors Fängslande	Aprisionamento de Erazor	Erazor es aprisionado	Uwięzienie Erazora	囚禁伊萊薩	Erazor'un Hapsedilmesi	
event28_1	I shall not be defeated!	Agh. It won't end like this.	くぉぉ　このままじゃ　終われん	¡Grrr! Esto no se termina aquí...	Гр-р-р! Это ещё не конец!	So leicht gebe ich mich nicht geschlagen!	Agh. Non finirà cos!ì	Jag skall inte besegras!	Eu não serei derrotado!	Mier... ¡No terminará así!	Nie mogę zostać pokonany!	我不會被打倒的！	Yenilmeyeceğim!	
event28_2	If you defeat me, I will simply return,\nagain and again!	I'll come back to life again and again.	なんどでも　よみがえってやる	¡Me alzaré para volver\nuna y otra vez!	Я воскресну вновь!\nВедь я бессмертный!	Bezwingst du mich doch, kehre ich eben zurück,\nwieder und wieder!	Se mi sconfiggi, semplicemente, ritornerò\nin vita, ancora e ancora!	Om du besegrar mig, kommer jag helt enkelt tillbaka,\nigen och igen!	Se você me derrotar, eu simplesmente voltarei,\nde novo e de novo!	¡No puedes derrotarme porque\nsimplemente regresaré una y otra vez!	Jeśli mnie pokonasz, zwykle powrócę,\nznowu i znowu!	我即便輸了，我還是會不斷復活！	Eğer beni yenersen, tekrar\ntekrar geri döneceğim!	
event28_3	I am immortal!\nI cannot be vanquished!	There is no death for me.\nI will never disappear.	ワタシに　死は　ナイ\n消えることのない存在なのだ	Soy inmortal, ¡eterno! ¡Un ser\nque jamás se desvanecerá!	Тебе никогда не стереть меня, я не исчезну!	Ich bin unsterblich!\nMich kannst du nicht auslöschen!	Io sono immortale! Eterno!\nNon posso essere sconfitto!	Jag är odödlig!\nJag kan inte bli övervunnen!	Eu sou imortal!\nEu não posso ser vencido!	¡No puedo morir!\n¡Viviré por siempre!	Jestem nieśmiertelny!\nNie da się mnie pozbyć!	我死不了！是無法抹滅的存在！	Ben ölümsüzüm!\nYenilemem!	
event28_4	Muhuhuhu-hahaha!	Kehehe-Hahahahah!	クククわははは！	Ju, ju, ju, ja, ja, ja...\n¡JUA, JA, JA, JA, JA!	Му-ха-ха-ха-ха-ха!	Muhuhuhu-hahaha!	Mwahahahahahaha!	Muhuhuhu-hahaha!	Muhuhuhu-hahaha!	¡Ja, ja, ja, ja, ja, ja! ¡Ah, ja, ja, ja, ja...!	Muhuhuhu-hahaha!	咯咯咯哇哈哈哈！	Muhuhuhu-hahaha!	
event28_5	That can't be!?\nThat's...the...	What!? Th-That's the...	なに！？\nそ　それは…	¿¡Eh!?\nE-esa es...	Это же...\nОткуда?	Unmöglich!\nDas ist...!	Non può essere?!\nQuello... è...	Det kan inte vara så!?\nDet är...den...	Não pode ser!?\nEssa... é...	¡¿Pero qué?! ¡Esa es...!	To.. nie może być?\nTo jest...	不會吧！？\n那……那是……	Bu olamaz!?\nBu... şey...	
event28_6	"I want you to hold on to this."	"Hold on to this...."	「これ　あずかっていて…」	"""Por favor, guarda esto por mí..."""	"""Пусть будет у тебя..."""	"""Ich möchte, dass du dies an dich nimmst."""	"Voglio che questo lo tieni tu."	"Jag vill att du håller i den här."	"""Eu quero que você guarde isso."""	"""He estado guardando esto."""	"Chcę żebyś to trzymał"	「我希望你能收下這個。」	"Bunu sıkıca tutmanı istiyorum."	
event28_7	"...To go back to the way you were!"	"...Return to how you were..."	「……もとにもどるんだ…」	"""¡...vuelve a tu estado anterior!"""	"""...верни прежнее состояние..."""	"""...und wieder so wirst, wie du früher warst."""	"...Per ritornare a come eri prima!"	"...För att gå tillbaka till som du var!"	"""...volte a ser como era antes!"""	"""¡Vuelve a la normalidad!"""	"... Żebyś wróciła taka jaka byłaś!"	「……回到你原來的樣子！」	"...Eski haline dönmek için!"	
event28_8	The genie of the lamp is supposed to grant\nthree wishes, am I right?	The genie of the lamp is supposed to grant\nthree wishes, right?	たしか　ランプの精ってのは３つの\n願いごとを　聞いてくれるんだよな	Tengo entendido que el genio de la lámpara concede tres deseos, ¿no?	Если я ничего не путаю, джинн лампы\nобязан исполнить три желания.	Der Dschinni der Lampe soll einem drei Wünsche erfüllen,\nhab ich Recht?	Il genio della lampada dovrebbe esprimere\ntre desideri, mi sbaglio?	Anden av Lampan ska uppfylla\ntre önskningar, eller hur?	O gênio da lâmpada precisa realizar\ntrês desejos, não é mesmo?	Creo que el genio de la lámpara\nconcede tres deseos, ¿no es verdad?	Dżin Lampy powinien spełnić moje\ntrzy życzenia... Zgodzisz się?	我聽說神燈精靈應該要實現三個願望，對吧？	Lambadaki cinin üç dilek hakkı\nverdiği söyleniyor, doğru mu?	
event28_9	I will never grant any wish\nfrom the likes of you!	There's no way I would\never listen to you!	貴様のいうことなど\n聞けるわけが　なかろう！	¡Serás...! ¡Jamás concedería un deseo a alguién como tú!	Чтобы я исполнял твои желания?\nНикогда не бывать этому!	Ich erfülle überhaupt keine Wünsche,\nund schon gar nicht von jemanden wie dir!	Non esprimero alcun tuo desiderio!	Jag kommer aldrig att uppfylla någon\nönskan från sådana som du!	Eu nunca vou realizar os desejos de alguem como você!	¡No hay forma alguna de que\nobedezca a alguien como tú!	Nigdy nie spełnie życzeń\nkomuś takiemu jak ty!	我才不會實現你這傢伙的任何願望！	Senin gibilerin hiçbir dileğini\nasla yerine getirmeyeceğim!	
event28_10	Hm!	Hup!	よっと！	¡Jop!	Опа!	Hah!	Hm!	Hm!	Hm!	¡Ja!	Hm!	哼！	Hm!	
event28_11	My first wish.		一つ目	Primer deseo:	Первое желание!	Wunsch Nummer eins:	Il mio primo desiderio.	Min första önskan.	Meu primeiro desejo.	Como primer deseo:	Moje pierwsze życzenie.	第一個願望。	İlk dileğim.	
event28_12	Bring Shahra back to life!	Bring Shahra back to life.	シャーラを　生き返らせてくれ	¡Devuelve a Shara a la vida!	Верни Шахру к жизни!	Mach Shahra wieder lebendig!	Riporta Shahra in vita!	Få Shahra att leva igen!	Traga a Shahra de volta à vida!	¡Devuélvele la vida a Shahra!	Przywróć Shahre do życia!	讓夏拉復活！	Shahra'yı hayata geri getir!	
event28_13	Ugh!	Gwah!	ぐはっ！	¡Hum!\n¡Argh...!	А-а-апф!	Ugh!	Ugh!	Ugh!	Ugh!	¡Ugh...! ¡Agh!	Ugh!	噁！	Ugh!	
event28_14	My body...\nMy body is...	Augh, my body...\nMy body is...!	ぐぉぉ　からだが…\nからだが…	¡Mi cuerpo!\n¡Mi cuerpo...!	А-а-а!\nМоё... Моё тело!	Mein Körper...\nMein Körper wird...	Il mio corpo...\nIl mio corpo è...	Min kropp...\nMin kropp är...	Meu corpo...\nMeu corpo está...	¡Mi cuerpo! ¡Mi cuerpo...!	Moje ciało...\nMoje ciało jest...!	我的身體...\n我的身體在...	Vücudum...\nBenim vücudum...	
event28_15	My second wish.		二つ目	Segundo deseo:	Второе желание!	Wunsch Nummer zwei:	Il mio secondo desiderio.	Min andra önskan.	Meu segundo desejo.	Segundo deseo:	Moje drugie życzenie.	第二個願望。	İkinci dileğim.	
event28_16	Return the Arabian Nights\nto the way they were,	Return the stories that have disappeared in this world,	消えてしまったこの世界のお話	¡Devuelve a su estado original\ntodas las historias	Обрати все деяния, которые ты сделал	Stell Tausendundeine Nacht\nwieder so her wie es mal war, 	Riporta le Mille e una Notte\na come erano prima,	Återför Tusen och en Natt\ntill hur de var,	Faça as Mil e Uma Noites voltarem a ser como eram,	¡Restaura """Las mil y una noches""" que destruiste,	Przywróć Arabskie Noce\ndo stanu w jakim były,	把天方夜譚恢復原狀，	Binbir Gece Masallarını\neski haline döndür.	
event28_17	So that the world can have its stories again!	And restore the Arabian Nights back to its original state.	アラビアンナイトを\nすべて元にもどすんだ	del mundo de Las mil y una noches\nque has borrado!	с """Тысячью и одну ночью""", немедленно!	sodass die Welt wieder seine Geschichten genießen kann!	Così che il mondo delle Mille ed una notte\npossa avere le sue storie!	Så att världen kan ha sina berättelser igen!	para que o mundo possa ter suas histórias de volta!	y que sean como eran en un inicio!	Aby świat mógł odzyskać swoje opowieści!	讓這世界能再次擁有它的故事！	Böylece dünya yeniden kendi\nhikayelerine kavuşabilsin!	
event28_18	Wha!	Wha!?	なっ！	¿Que--?	Что?	?!	Che!	Va!	Quê?!	¿Qué...?	Co-?!	什麼！	Ne!	
event28_19	Ugh!	Gaaahh!!	ぐああっ！！	¡Aaaah!	А-а-а... А-А-А-А-А-А!	Aargh!	Ugh!	Ugh!	Ugh!	¡Gua...!	Ugh!	呃！	Ugh!	
event28_20	M-my...		か　か…	¡Uf...! ¡Ah...! ¡Uaaaaaah!	А-а-а...	M-mein...	I-Il mio..	M-min...	M-meu...	¡Mi... mi...!	M-moje...	我……	B-benim...	
event28_21	My third wish.		三つ目	¡Tercer deseo!:	Третье желание!	Wunsch Nummer drei:	Il mio terzo desiderio.	Min tredje önskan.	Meu terceiro desejo.	Tercer deseo:	Moje trzecie życzenie.	第三個願望。	Üçüncü dileğim.	
event28_22	Erazor Djinn!	Erazor Djinn.	イレイザー・ジン	Erazor el Yinn,	Эрейзор Джинн!	Erazor Djinn!	Erazor Djinn!	Erazor Djinn!	Erazor Djinn!	¡Erazor!	Erazor Dżin!	伊萊薩！	Erazor Cin!	
event28_23	You shall live out the rest of time, trapped\ninside your lamp as you were in days of old!	You are the Genie of the Lamp, and you shall stay\ninside that Lamp as you did in days of old.	オマエはランプの精として\n昔どおりランプの中ですごせ	Como genio de la lámpara que eres, ¡deseo que quedes\natrapado dentro de ella, como solías estar!	Наказания тебе было мало. Так что\nживи до конца своих дней в этой лампе!	Du sollst dein Dasein für alle Ewigkeit eingesperrt\nin dieser Lampe fristen, so wie damals!	Dovrai vivere per il resto dell'eternità\nintrappolato dentro la tua lampada come ai tempi passati!	Du skall leva resten av tiden, fångad\ni din lampa liksom du var i forntida dagar!	Você passará o resto da eternidade\naprisionado em sua lâmpada como antigamente!	Permanecerás encerrado como el genio de la lámpara,\ncomo en los viejos tiempos.	Resztę czasów spędzisz uwięziony,\ntak jak byłeś za dawnych czasów!	既然你是神燈精靈，\n那你就像從前一樣關在神燈裡面吧。	Ömrünün geri kalanını, eskiden olduğu gibi\nlambanın içinde hapsolmuş olarak geçireceksin!	
event28_24	Ugh... ugh... ugh!	Gwah! Hah, hah...	ぐはっ！　はぁ　はぁ…	¡Aaah! ¡Cof, cof!\n¡Grrr! ¡Grrrrr!	А-а-а... пф-ф-фа!	Uaugh... Ough... ugh!	Ugh... ugh... ugh!	Ugh... ugh... ugh!	Ugh... ugh... ugh!	¡Deten...! ¡Ah...!	Ugh.. ugh.. ugh!	呃啊！哈……哈……	Ugh... ugh... ugh!	
event28_25	Shahra, I know you're there!\nPlease, stop him!	Shahra, I know you're there!\nStop this. Stop him!	シャーラ　いるんだろ！？\n止めてくれ　コイツを止めてくれ！	¡Shara! ¡¡Se que estás ahí!! ¡Detenlo!\n¡¡Detenlo!!	Шахра, я знаю, ты здесь!\nОтстанови его! Останови скорее!	Shahra, ich weiß, dass du da bist!\nBitte, halte ihn auf!	Shahra, so che sei lì!\nPer favore, fermalo!	Shahra, jag vet att du är där!\nSnälla, stoppa honom!	Shahra, eu sei que você está aí!\nPor favor, pare-o!	Shahra... ¡Detenlo! ¡Detén a este miserable!	Shahra! Wiem, że tam jesteś!\nBłagam, powstrzymaj go!	夏拉，你在吧！？\n阻止他，快阻止他啊！	Shahra, orada olduğunu biliyorum!\nLütfen, onu durdur!	
event28_26	We can start over, the two of us!\nI swear! I swear it!	The two of us can start over.\nIt isn't a lie, it isn't a lie...	また　二人でやりなおそう\n噓じゃない　噓じゃないんだ…	¡Podemos volver estar juntos, a empezar de zero!\n¡Te lo juro! ¡Te lo juro...!	Мы же можем начать всё сначала!\nВсё будет иначе! Клянусь тебе!	Wir fangen noch mal von vorne an, nur wir zwei!\nIch schwöre es! Ich schwör's!	Possiamo rincominciare, solo noi due!\nLo giuro! Lo giuro!	Vi kan börja om, vi två!\nJag svär! Jag svär!	Podemos recomeçar, nós dois!\nEu juro! Eu juro!	Empecemos de nuevo juntos.\nNo estoy mintiendo. ¡Te lo juro!	Możemy zacząć od nowa, tylko nasza dwójka!\nPrzysięgam... Przysięgam Ci!	我們倆還可以再重修舊好，\n我沒有騙人，我沒有騙人啊……	İkimiz birlikte yeniden başlayabiliriz!\nYemin ederim! Yemin ederim!	
event28_27	The world is mine!	I am supposed to rule the world.	ワタシが世界を統べる者のはず	¡Se supone que soy quien\ndebe gobernar el mundo!	Я родился, чтобы править миром!	Die Welt gehört mir!	Il mondo è mio!	Världen är min!	Esse mundo é meu!	Yo debería ser quien gobernara el mundo.	Świat jest mój!	我可是這個世界的統治者！	Dünya benim!	
event28_28	I cannot be denied by that filthy rat!	And that was spoiled by this filthy rat!	それが　こんな薄汚いネズミに！	¿¡Cómo he podido perder contra\nuna sucia rata!?	Я не могу проиграть этой мерзкой крысе!	Ich kann doch nicht verleugnet werden\nvon so einer dreckigen Ratte!	Non posso essere fermato da questo sporco ratto!	Jag kan inte nekas av den där smutsiga råttan!	Eu não posso ser impedido por aquele rato imundo!	¡¿Y me lo arrebató una sucia rata?!	Nie mogę być zaprzeczony\nprzez tego brudnego szczura!	我怎麼會被這隻臭老鼠給打倒了！	O pis fare tarafından yenilemem!	
event28_29	Whyyyyy?!	Whyyyyy!?	なぜだぁぁぁ	¿¡Por quéééééé!?	Как же та-а-а-а-ак?!	Waruuuuum?!	Perchè?!	Varfööööööör?!	Por quêêêêêê?!	¡¿Por qué?!	Dlaczegooo?!	為什麼！？	Nedeeeeeeeeen?!	
event28_30	I told you, I'm not a RAT!	I'm no filthy rat.	オレは\n薄汚いネズミなんかじゃない	Ya te dije que no soy una sucia rata...	Я не крыса.\nСколько можно повторять?	Wie oft noch?! Ich bin keine RATTE!	Te l'ho già detto, non sono un RATTO!	Jag sa ju, jag är inte en RÅTTA!	Eu já te disse, eu não sou um RATO!	No soy una sucia rata.	Mówiłem Ci, nie jestem SZCZUREM!	什麼臭老鼠，我早就說過了吧！	Sana söyledim, ben bir FARE değilim!	
event28_31	I'm a HEDGEHOG!	I'm a pretty awesome hedgehog.	ちょっとスゴイ\nハリネズミなんだよ	Soy un erizo bastante molón.	Я ёж! Был, есть и буду!	Ich bin ein Igel.	Sono un RICCIO!	Jag är en IGELKOTT!	Eu sou um OURIÇO!	Soy un erizo.	Jestem JEŻEM!	我是一隻刺蝟！	Ben bir KİRPİYİM!	
event28_32	Shahra...\nWill you grant me one more wish?	Shahra...Will you hear my wish?	シャーラ…\nオレの願いを聞いてくれるか？	Shara...\n¿Me concederías un último deseo?	Шахра...\nИсполнишь моё желание?	Shahra...\nErfüllst du mir einen letzten Wunsch?	Shahra...\nPosso concedermi un'altro desiderio?	Shahra...\nVill du uppfylla mig en önskan till?	Shahra...\nVocê pode realizar mais um desejo?	Shahra... ¿puedes concederme un deseo?	Shahra...\nSpełnisz dla mnie jeszcze jedno życzenie?	夏拉……\n你能再實現我的一個願望嗎？	Shahra...\nBana bir dilek hakkı daha verir misin?	
event28_33	...?		…？	¿Hum?	...?	...?	...?	...?	...?	Ajá...	...?	……？	...?	
event28_34	I wish for a mountain of handkerchiefs.	Get me a mountain of handerchiefs.	ハンカチを\n山ほど　だしてくれ	Deseo por ti una montaña de pañuelos.	Платочков бы.\nНаколдуй побольше.	Ich wünsche mir einen Berg Taschentücher.	Vorrei una montagna di fazzoletti.	Jag önskar mig ett berg av näsdukar.	Eu desejo uma montanha de lenços.	Deseo una montaña de pañuelos.	Życzę sobie górę husteczek.	我希望有一整山的手帕。	Bir dağ dolusu mendil istiyorum.	
event28_35	Now, just let yourself cry.\nAs much as you need to.	It's okay even if you cry an ocean.	海ができるまで　泣いていいぞ	Llora todo lo que haga falta, incluso si es un mar de lágrimas,	Поплачь, если хочется, даже если\nобразуется море слёз.	Und nun, wein dich ruhig aus,\nbis du dich wieder besser fühlst.	Adesso, lasciati andare, piangi.\nPiangi quanto vuoi.	Nu, bara låt dig själv gråta.\nSå mycket du behöver.	Agora, deixe as lágrimas caírem.\nO quanto for preciso.	Bien, ahora usa todos los que quieras, te sobran muchos.	Teraz, pozwól Sobie na płacz.\nNa tyle ile tylko potrzebujesz.	現在你就讓自己哭出來吧。\n想哭多少就哭多少。	Şimdi, kendini ağlamaya bırak.\nİhtiyacın olduğu kadar.	
event28_36	You'll have plenty of handkerchiefs\nto help you through it.	You have a mountain of handkerchiefs\nto help you through it.	ハンカチは　山のようにあるからな	aquí te esperan todos los pañuelos que necesites.	Думаю, платочков нам на всё хватит.	Du hast jetzt Unmengen an Taschentüchern,\ndie dir da durchhelfen.	Avrai tantissimi fazzoletti che ti aiuteranno\nnel mentre.	Du kommer att ha gott om näsdukar\nsom hjälper dig igenom det.	Você terá muitos lenços para te ajudar a superar isso.	Llora hasta que puedas llenar todo el mar.	Będziesz miała wystarczająco\nhusteczek które Ci z tym pomogą.	這樣你就有數不盡的手帕\n可以幫你度過難關了。	Bu süreç boyunca sana yardımcı\nolacak bol miktarda mendilin olacak.	
														
event29_name	Ending			Final	Конец	Ende	Finale	Slutet	Fim	Final	Koniec	結局	Bitiş	
event29_1	And so, the legendary blue hedgehog,	And so, the blue hedgehog,	そして　青いハリネズミは	Y es así que el erizo azul,	После того, как синий ёж спас	Und so geschah es, dass der legendäre blaue Igel,	E così, il leggendario riccio blu,	Och så, den legendariska blå igelkotten,	E então, o lendário ouriço azul,	Y así, el erizo azul,	Tak więc, legendarny niebieski jeż,	於是，傳說中的藍色刺蝟，	Ve böylece, efsanevi mavi kirpi,	
event29_2	Having saved the world of\nthe Arabian Nights, ran endlessly,	After saving the world of the Arabian Nights,\nran around endlessly,	アラビアンナイト物語の世界を\n救った後　あきるほど走りまわって	tras salvar el mundo de Las mil y una\nnoches, lo recorrió de arriba a abajo.	мир """Тысячи и одной ночи""",	der die Geschichte von Tausendundeine Nacht rettete,\num die gesamte Welt lief,	Avendo salvato il mondo delle\nMille e una Notte, corse infinitamente,	Efter att ha räddat världen i\nTusen och en Natt, sprang oavbrutet,	tendo salvo o mundo das\nMil e Uma Noites, correu incansavelmente,	tras salvar el mundo de """Las mil y una noches""",\ncorrió a sus anchas	po uratowaniu świata Arabskich Nocy,\nbiegał w nieskończonośc	他在拯救了天方夜譚的世界後，\n依舊不斷奔跑著，	Binbir Gece Masalları dünyasını kurtardıktan\nsonra, durmaksızın koştu,	
event29_3	Until he found his way back\ninto his own world.	Before returning to his own world.	もとの世界へ戻っていきました	Corrió y corrió hasta agotarse y, después,\nregresó a su lugar de origen.	он очень много пробежал,\nчтобы вернуться в свой мир.	bis er eines Tages den Weg zurück\nin seine eigene Welt fand.	Fino a che non si ritrovò\nnel suo mondo.	Tills han hittade tillbaka\ntill sin egen värld.	até encontrar o caminho de volta para seu próprio mundo.	antes de regresar a su propio mundo.	Dopóki nie znalazł drogi powrotnej\ndo swojego świata.	直到他找到了回家的路。	Ta ki kendi dünyasına geri dönmenin\nyolunu bulana kadar.	Jusqu'à ce qu'il retrouve \nle chemin de son propre monde.
event29_4	Along the way,\nhe had many adventures...	There were many adventures along the way...	途中いろんな冒険がありましたが…	Por el camino, vivió un sinfín\nde aventuras...	Было ещё много других приключений...	Auf seinem Weg bestritt er zahlreiche Abenteuer...	Percorrendo la strada,\nha vissuto molte avventure...	Längs vägen,\nhade han många äventyr...	Pelo caminho,\nele teve muitas aventuras...	Vivió muchas aventuras por el camino,	Po drodzę miał wiele przygód...	一路上，他歷經百般冒險……	Yolculuğu boyunca birçok\nmacera yaşadı...	 En chemin, \nil a vécu de nombreuses aventures...
event29_5	But those are stories...\nfor another time.	But those stories are for another time.	でも　そのおはなしは\nまた別の機会に	...Pero esas son historias\npara otra ocasión.	Но... об этом как-нибудь... в другой раз.	doch dies sind Geschichten für ein anderes Mal.	Ma quelle storie...\nsono per un'altra volta.	Men det är historier...\nför en annan gång.	Mas essas são histórias...\npara outra hora.	pero esa historia la contaremos en otra ocasión.	Ale te opowieści...\nsą na następny raz.	但是，那些故事……\n就留給下次再說吧。	Ama bunlar başka zaman\nanlatılacak hikayeler...	Mais ce sont des histoires...\npour une autre fois.
event29_6	Thank you...\nSonic the Hedgehog.	Thank you, Sonic the Hedgehog.	ありがとう…\nソニック・ザ・ヘッジホッグ	Muchas gracias... Sonic,	Спасибо тебе...\nЁжик Соник.	Hab tausend Dank...\nSonic der Igel.	Grazie...\nSonic il Riccio.	Tack...\nIgelkotten Sonic.	Obrigado...\nSonic o Ouriço.	Gracias, Sonic, el Erizo.	Dziękuje Ci...\nJeżu Sonic.	謝謝你……\n刺蝟索尼克。	Teşekkürler...\nKirpi Sonic.	Merci... \nSonic le Hérisson.
event29_7	The Legendary Hedgehog.		伝説のハリネズミよ	erizo de la leyenda.	Легендарный ёж.	Der Legendäre Igel.	Il riccio leggendario.	Den Legendariska Igelkotten.	O Lendário Ouriço.	El erizo de la leyenda.	Legendarny Jeżu.	傳說中的刺蝟。	Efsanevi Kirpi	Le hérisson légendaire.
														
event30_name	Book Title			Título del Libro	Название книги	Buchtitel	Titolo del Libro.	Boktitel	Título do Livro	Título del tomo	Tytuł Książki	書本名稱	Kitap İsmi	Titre du livre
event30_1	"Aladdin and the Magic Lamp"		「アラジンと魔法のランプ」	"""Aladino y la lámpara maravillosa"""	"""Аладдин и волшебная лампа"""	"""Aladin und die Wunderlampe"""	"Aladino e la Lampada Magica."	"Aladdin och den Magiska Lampan"	"""Aladim e a Lâmpada Maravilhosa"""	"""Aladino y la lámpara maravillosa"""	"Aladyn i Magiczna Lampa"	「阿拉丁神燈」	"Aladdin ve Sihirli Lambası"	"Aladdin and the Magic Lamp"
event30_2	"Sonic and the Secret Rings"		「ソニックと秘密のリング」	"""Sonic y los anillos secretos"""	"""Соник и Мировые кольца"""	"""Sonic und die Geheimen Ringe"""	"Sonic e gli Anelli Segreti"	"Sonic och de Hemliga Ringarna"	"""Sonic and the Secret Rings"""	"""Sonic y los anillos secretos"""	"Sonic i Sekretne Pierścienie"	「音速小子與秘密戒指」	"Sonic ve Gizli Yüzükler"	"Sonic and the Secret Rings"
														
														
														
PARTY LINES ARE STILL WIP--DON'T TRANSLATE YET														
party_host	Host		ホスト		Хост	Hosten								
party_join	Join		ルームに参加		Пригласить	Beitreten								
party_offline	Offline		オフライン		Оффлайн	Offline								
														
party_server	IP Address		ＩＰアドレス		IP адрес	IP-Adresse		IP Adress						
party_room	Room ID		ルームＩＤ		ID комнаты	Room ID		Rum ID						
party_copy	Copy Data		データをコーピ		Копировать данные	Daten kopieren		Kopiera Data						
party_paste	Paste Data		データをペースト		Вставить данные	Daten einfügen								
party_connect	Connect		コネクト		Соединение	Verbinden								
party_start	Start		スタート		Старт	Start		Start						
														
party_player_count	Player Setup				Настройки игрока	Spieler-Setup								
party_player	P0				И0	P0		P0						
party_com	COM0				Ком0	COM0		COM0						
														
party_settings	Settings		設定		Настройки	Einstellungen		Inställningar						
party_continue	Continue		コンティニュー		Продолжить	Weiter		Fortsätt						
party_on	ON		ＯＮ		ВКЛ	EIN		PÅ						
party_off	OFF		ＯＦＦ		ВЫКЛ	AUS		AV						
														
														
party_placement1	1st				1й	1								
party_placement2	2nd				2й	2								
party_placement3	3rd				3й	3								
party_placement4	4th				4й	4								
party_lap	Lap [C]/[T]				Круг [C]/[T]	Runde [C]/[T]								
party_final_lap	Final Lap!				Последний круг!	Letzte Runde!								
														
party_char_select	Character Select				Выбор персонажей	Charakter-Auswahl		Karaktär Väljare						
party_random	Random				Случайно	Zufall		Slumpmässigt						
party_sonic	Sonic				Соник	Sonic		Sonic						
party_tails	Tails				Тейлз	Tails		Tails						
party_knuckles	Knuckles				Наклз	Knuckles		Knuckles						
party_amy	Amy				Эми	Amy		Amy						
party_shadow	Shadow				Шедоу	Shadow		Shadow						
party_cream	Cream				Крим	Cream		Cream						
party_silver	Silver				Сильвер	Silver		Silver						
party_blaze	Blaze				Блейз	Blaze		Blaze						
														
party_easy	Easy		よわい		Легко	Einfach		Lätt						
party_normal	Normal		ふつう		Средне	Normal		Normal						
party_hard	Hard		つよい		Жёстко	Schwer		Svårt						
party_extreme	Extreme		げきつよ		Экстрим	Extrem		Extremt						
														
party_world_bazaar	World Bazaar		ワールドバザー		Мировой базар									
party_world_bazaar_desc	You'll get Rings based on how well you\nplace! Use these Rings to knock down\nthe price of the carpets.		パ一ティ一ゲ一ムの順位に応じて\nリングをGET!そのリングで\n「じゅうたん」をせり落とすチャオ!		За результаты игры, вы получите\nопределённое количество колец.\nЗа них можно приобрести ковры на торгах!	Du verdienst Ringe, je nachdem, welchen Platz du erhalten hast! Nutze diese Ringe, um den Preis von Teppichen herunterzusetzen.								
party_tournament_palace	Tournament Palace		トーナメントパレス		Турнирный дворец									
party_tournament_palace_desc	Win party games and try to be\ntournament champion!		パ一ティ一ゲ一ムに勝って\nト一ナメントでトップをめざすチャオ		Выигрывайте в играх, чтобы занять\nпервое место в турнире!	Gewinne in Party-Spielen und versuche ein Turnee-Champion zu werden!								
party_genie_lair	Genie's Lair		マジンズレヤー		Логово джинна									
party_genie_lair_desc	The winning player gets to open a\ntreasure box. You'll never know what's\ninside!		パ一ティ一ゲ一ムに勝った人が\n宝箱を開けることが出来るチャオ!\n何がでてくるかはお楽しみチャオ~!		Тот, кто выиграет в игре, сможет открыть\nсундук с сокровищами!\nИнтересно, что же там попадётся!	Der Gewinner darf eine Schatztruhe öffnen. Man weiß nie, was da drin ist!								
party_world_library	World Library		ワールドライブラリー		Мировая библиотека									
party_world_library_desc	You can play the different party games here.		各パ一ティ一ゲ一ムに挑戦したり\n記録を確認できるチャオ		Вы можете играть во все игры\nи проверять свои результаты.	Du kannst hier verschiedene Party-Spiele spielen.								
party_treasure_hunt	Treasure Hunt		トレジャーハント		Охота за сокровищами									
party_treasure_hunt_desc	You'll move based on how well you\nplace in the party games! Collect the\nindicated treasure!		パーティーゲームの順位に応じて\n探しまわれる範囲が決まるチャオ\nお題のお宝をぃっぱぃ集めるチャオ!		Область, на которой вы будете искать сокровища,\nбудет определяться вашими результатами в играх!\nВам нужно собрать много сокровищ из заданий!									
party_pirate_coast	Pirates Coast		パイレーツコースト		Пиратское побережье									
party_pirate_coast_desc	The higher you place in a party game,\nthe further the pirate ship will move!\nGet to the treasure isle!		パ一ティ一ゲ一ムの順位に応じて\n海賊船の進む距離が決まるチャオ\nゴ一ルの宝島を目指すチャオ!		Расстояние, на которое будет двигаться ваш корабль,\nбудет определяться вашими результатами в играх!\nВаша цель - добраться до острова сокровищ!									
party_exit	Exit		ＥＸＩＴ		Выход	Verlassen								
party_exit_desc	Quit Party Mode and return to the\nMain Menu.		パーティーモードを終了してメインメニュー\nに戻るチャオ		Выйти из режима """Вечеринка""" и вернуться в главное меню.									
party_exit_confirm	This will quit the game and return you\nto the Main Menu. Is this okay?		ゲームを終了してメインメニュー画面に\n戻ります。よろしいですか?		Завершить режим """Вечеринка"""\nи вернуться в главное меню.									
														
party_attract_menu1	Welcome to "X" Adventure World!		「X　（クロス)　アドベンチャーワルド」\nに、ようこそチャオ！		Добро пожаловать в """Мир кросс-приключений"""!	Willkommen in "X" (Kreuz) Abenteuer Welt!								
party_attract_menu2	Select an attraction!		どのトラクションで遊ぶチャオ？		Какой аттракцион выберете?	Wähle eine Attraktion aus!								
party_change_players	Change participating players?		参加するプレイゃーを変えるチャオか?		Изменить количество участвующих игроков?	Teilnehmende Spieler ändern?								
														
														
														
network_connecting	Network Connecting...		ネットワーク接続中...		Подключение к сети...	Verbindet sich mit Netzwerk...								
network_connected	Network Connected.		ネットワークに接続しました。		Сеть подключена.	Mit Netzwerk verbunden.								
network_disconnected	Network Disconnected.		ネットワークから切断されました。		Соединение прервано.	Vom Netzwerk getrennt.								
network_server_connected	Connected to Server.		サーバーに接続しました。		Подключено к серверу.	Mit Server verbunden.								
network_server_disconnected	Disconnected from Server.		サーバーから切断されました。		Отключение от сервера.	Vom Server getrennt.								
network_add_player	Player 0 Connected.		プレイヤー0が接続しました。		Игрок 0 подключился.	Spieler 0 Verbunden.								
network_remove_player	Player 0 Disconnected.		プレイヤー0が切断されました。		Игрок 0 отключен.	Spieler 0 Getrennt.								
network_error	Network Error (0)		ネットワークエラー (0)		Ошибка сети (0)	Netzwerk-Fehler (0)								
														
world_library_all	All Party Games		全パーティーゲーム集		Все групповые игры	Alle Party-Spiele								
world_library_all_desc	Play any of the available party games here.		パーティーゲームを全て集めました。\n好きなパーティーゲームをプレイできる		Здесь собраны все игры в режиме """Вечеринка""".	Spiele hier jedes beliebige Party-Spiel.								
world_library_survival	Survival Games		サバイバルゲーム集		Игры на выживание	Survival-Spiele								
world_library_survival_desc	Play any of the available survival games here.		サバイバル系のゲ一ムばかりを集めました。\n好きなパ一ティ一ゲ一ムに挑戦できます		Здесь собраны только те игры,\nв которых необходимо выживать.									
world_library_point	Point Games		ポイントゲーム集		Игры на очки	Punkte-Spiele								
world_library_point_desc	Play any of the available point games here.		ポイント系のゲ一ムばかりを集めました。\n好きなパ一ティ一ゲ一ムに挑戦できます		Здесь собраны только те игры,\nв которых необходимо набирать очки.									
world_library_race	Race Games		レースゲーム集		Гоночные игры	Rennen-Spiele								
world_library_race_desc	Play any of the available race games here.		競走系のゲ一ムばかりを集めました。\n好きなパ一ティ一ゲ一ムに挑戦できます		Здесь собраны только те игры,\nв которых необходимо соревноваться.									
world_library_record	Record Games		レコードゲーム集		Игры на рекорды	Highscore-Spiele								
world_library_record_desc	Play any of the available record games here.		レコ一ド系のゲ一ムばかりを集めました。\n好きなパ一ティ一ゲ一ムに挑戦できます		Здесь собраны только те игры,\nв которых необходимо ставить рекорды.									
world_library_rankings	Rankings		ランキング集		Рейтинг	Bestenliste								
world_library_rankings_desc	Check the rankings for various records here.		さまざなな記録を\nランキング形式で確認できます		Здесь указаны результаты игр в формате рейтинга.									
world_library_character	Character Records		キャラ別記録集		Рекорды персонажей	Charakter-Rekorde								
world_library_character_desc	Check the records for each character here.		キャラ別の記録を確認できます		Здесь вы можете проверить результаты персонажей.									
world_library_final	Final X Adventure		とことん　X　アドベンチャー		Последнее приключение	Final X Abenteuer								
world_library_final_desc	Single player only. See how many party games you can win in a row!		このモ一ドは１人プレイ専用です。\nパ一ティ一ゲ一ムを連続でプレイして\n何連勝できるかにチャレンジします		Это режим игры для одного игрока. Здесь вы\nбросаете себе вызов, чтобы понять, сколько\nпобед подряд вы сможете одержать.									
														
minigame_ready	READY				ПРИГОТОВЬТЕСЬ	FERTIG								
minigame_go	GO!!				ВПЕРЁД!	LOS!!								
minigame_start	START!				СТАРТ!	START!								
minigame_set	GAME SET!				ИГРА ОКОНЧЕНА!	ENDE								
minigame_time	TIME'S UP!				ВРЕМЯ!	ZEIT ABGELAUFEN!								
minigame_goal	GOAL!				ФИНИШ!	ZIEL!								
minigame_win	WINS!!				ПОБЕДИТЕЛЬ!	HAT GEWONNEN!!								
minigame_draw	DRAW...				НИЧЬЯ...	UNENTSCHIEDEN...								
														
														
tp_intro_1	Welcome to Tournament Palace!		「ト一ナメント　パレス」へようこそチャオ		Добро пожаловать в """Турнирный дворец"""!									
														
tp_explain_1	Do you want to hear an explanation\nabout Tournament Palace?		「ト一ナメント　パレス」の\n説明を聞くチャオか?		Послушать подробности о """Турнирном дворце"""?									
tp_explain_2	Here, you play 1-on-1 party games and \nenter into a tournament-style \ncompetition.		ここでは2組に分かれて\nパ一ティ一ゲ一ムをプレイして、\nト一ナメント形式でトップを決めるチャオ!		Здесь вы разделитесь на две пары, будете играть\nв игры и бороться за победу в формате турнира!									
tp_explain_3	Players who win in the tournament get\nto move up in the palace. But whoever\ncomes in last place, well...		ト一ナメントに勝ち進んだ人はお城の最上階に行けるチャオ。\nでもビリの人は...		Тот, кто выиграет в турнире, сможет\nподняться на самый высокий этаж дворца.\nА тот, кто проиграет...									
tp_explain_4	That's all I'm going to say.		これ以上は言えないチャオ		Больше ничего не скажу.									
tp_explain_5	Who will come out on top?\nShow us what you've got!		誰が優勝するチャオ?\nみんな頑張るチャオ!		Кто же победит?\nВсем удачи!									
														
tp_rule_1	Would you like to change your settings\nfor Tournament Palace?		「ト一ナメント　パレス」の設定を\n変更するチャオか?		Изменить настройки """Турнирного дворца"""?									
tp_rule_2	Choose how many party game wins are\nneeded for victory.		パ一ティ一ゲ一ムに何回勝てば\n勝ち上がれるかを設定します		Здесь можно настроить, сколько игр\nнеобходимо выиграть, чтобы выйти в финал.									
tp_rule_3	Change your settings to see \nCOM vs COM matches or not		COM同士の対戦を\n見るか見ないか設定します		Укажите, будете ли вы смотреть битву\nкомпьютерных игроков.									
tp_rule_4	Return to game.		ゲ一ムに戻ります		Вернуться к игре.	Ins Spiel zurückkehren.								
														
tp_win_count	Win Count		勝利数		Количество побед	Anzahl der Gewinne								
tp_com	COM vs COM		ＣＯＭｖｓＣＯＭ		КОМ против КОМ	COM gegen COM								
														
tp_round1	1		１回		Раунд 1	Runde 1								
tp_round2	2		２回		Раунд 2	Runde 2								
tp_round3	3		３回		Раунд 3	Runde 3								
														
tp_consolation	Consolation Match				Матч за третье место	Trostspiel								
tp_championship	Championship Match				Финальный матч	Meisterschaftsspiel								
tp_winner	Winner!				Побеждает!	Gewinner!								
tp_congratulations	Congratulations!				Поздравляем!	Gratuliere!								
														
tp_again	Would you like to play\nTournament Palace again?		もうー度「ト一ナメント　パレス」で\n遊びますか?		Сыграете ещё раз в """Турнирный дворец"""?									
														
														
														
														
														
														
														
														
														
														
														
														
														
														
														
														
														
														
														
														
														
														
														
														
														
														
														
														
														
														
														
														
														
														
														
														
														
														
														
														
														
														
														
														
														
														
														
														
														
														
														
														
														
														
														
														
														
														
														
														
														
														
														
														
														
														
														
														
														
														
														
														
														
														
														
														
														
														
														
														
														
														
														
														
														
														
														
														
														
														
														
														
														
														
														
														
														
														
														
														
														
														
														
														
														
														
														
														
														
														
														
														
														
														
														
														
														
														
														
														
														
														
														
														
														
														
														
														
														
														
														
														
														
														
														
														
														
														
														
														
														
														
														
														
														
														
														
														
														
														
														
														
														
														
														
														
														
														
														
														
														
														
														
														
														
														
														
														
														
														
														
														
														
														
														
														
														
														
														
														
														
														
														
														
														
														
														
														
														
														
														
														
														
														
														
														
														
														
														
														
														
														
														
														
														
														
														
														
														
														
														
														
														
														
														
														
														
														
														
														
														
														
														
														
														
														
														
														
														
														
														
														
														
														
														
														
														
														
														
														
														
														
														
														
														
														
														
														
														
														
														
														
														
														
														
														
														
														
														
														
														
														
														
														
														
														
														
														
														
														
														
														
														
														
														
														
														
														
														
														
														
														
														
														
														
														
														
														
														
														
														
														
														
														
														
														
														
														
														
														
														
														
														
														
														
														
														
														
														
														
														
														
														
														
														
														
														
														
														
														
														
														
														
														
														
														
														
														
														
														
														
														
														
														
														
														
														
														
														
														
														
														
														
														
														
														
														
														
														
														
														
														
														
														
														
														
														
														
														
														
														
														
														
														
														
														
														
														
														
														
														
														
														
														
														
														
														
														
														
														
														
														
														
														
														
														
														
														
														
														
														
														
														
														
														
														
														
														
														
														
														
														
														
														
														
														
														
														
														
														
														
														
														
														
														
														
														
														
														
														
														
														
														
														
														
														
														
														
														
														
														
														
														
														
														
														
														
														
														
														
														
														
														
														
														
														
														
														
														
														
														
														
														
														
														
														
														
														
														
														
														
														
														
														
														
														
														
														
														
														
														
														
														
														
														
														
														
														
														
														
														
														
														
														
														
														
														
														
														
														
														
														
														
														
														
														
														
														
														
														
														
														
														
														
														
														
														
														
														
														
														
														
														
														
														
														
														
														
														
														
														
														
														
														
														
														
														
														
														
														
														
														
														
														
														
														
														
														
														
														
														
														
														
														
														
														
														
														
														
														
														
														
														
														
														
														
														
														
														
														
														
														
														
														
														
														
														
														
														
														
														
														
														
														
														
														
														
														
														
														
														
														
														
														
														
														
														
														
														
														
														
														
														
UNUSED--DON'T BOTHER TRANSLATING BEYOND HERE.														
														
sys_create_preset	Create New Preset			Crear Nuevo Conjunto	Создать новый шаблон	Neue Vorgabe erstellen	Crearè una nuova Preimpostazione	Skapa en ny förinställning	Criar Novo Conjunto	Crear nuevo conjunto	Stwórz Nowy Szablon	創建新的組合？	Yeni Ön Ayar Oluştur	Créer un nouvel ensemble
sys_edit_preset	Edit Preset			Editar Habilidades	Редактировать шаблон	Vorgabe bearbeiten	Modifica Preimpostazione	Redigera förinställning	Editar Conjunto	Editar conjunto	Edytuj Szablon	修改組合	Ön Ayar Düzenle	Modifier l'ensemble
sys_delete_preset	Delete Preset			Eliminar Conjunto	Удалить шаблон	Vorgabe löschen	Cancella Preimpostazione	Radera förinställning	Apagar Conjunto	Borrar conjunto	Usuń Szablon	刪除組合	Ön Ayar Sil	Effacer l'ensemble
load_cache	Loading Shader Cache		Shaderをロードする	Cargando la Caché de los Sombreadores	Загрузка кэша шейдеров	Shader Cache wird geladen	Caricamento della Cache delle Shaders	Laddar Shadercache	Carregando Cache de Sombras	Cargando sombreadores	Wczytywanie Cache'u Shaderów	著色器快取載入中	Gölgelendiriciler Yükleniyor	Chargement du Cache des Shaders
load_lighting	Calculating Light Changes			Calculando Cambios en la Iluminación	Расчёт изменений освещения	Lichtänderungen werden berechnet	Caricamento dei Cambiamenti di Luce	Kalkylerar Ljusändringar	Calculando Mudanças de Iluminação	Calculando cambios de iluminación	Obliczanie Zmian Oświetlenia	計算光變	Işık Ayarları Hesaplanıyor	Calcul des Variations de Lumière
shader_cache_finished	Finished Loading Shader Cache			La Caché de los Sombreadores Ha Terminado de Cargar	Загрузка кэша шейдеров завершена	"""Shader Cache"""-Laden beendet	Finito di Caricare la Cache delle Shaders	Shadercache Laddning Klar	Carregamento do Cache de Sombras Finalizado	Terminó de cargarse la caché de los sombreadores	Ukończono Wczytywanie Cache'u Shaderów	完成載入著色器快取	Gölgelendiriciler Yüklendi	Chargement du cache des shaders terminé 
ta_warning_loadsave	Load the save with your desired skills and presets.				Загрузите сохранение с желаемыми\nнавыками и шаблонами.	Lädt den Speicherstand mit deiner Ausrüstung und Einstellungen.	Carica il salvataggio con le abilità e preimpostazioni preferite	Ladda sparade filen med dina önskade färdigheter och förinställningar.	Carregar seu jogo salvo com suas habilidades e conjuntos.	Carga el archivo con las habilidades y conjuntos que quieres usar.	Wczytaj zapis ze swoimi zdolnościami oraz szablonami.	載入存有你想要的技能與預設的存檔。	İstediğiniz beceriler ve ön ayarlar ile kaydı yükleyin.	
common_hint_catapult_sh	Get on the catapult and tilt up and down\nin the direction you want to go.		カタパルトを傾けると傾けて方へ飛び出すわよ	Sube a la catapulta y varía la inclinación\npara decidir la distancia del lanzamiento.	Если встать на катапульту и наклонить\nвверх и вниз, то прыгнете в ту сторону,\nкуда вы её наклонили.	Stell dich aufs Katapult und neige hoch und runter\num die Flugbahn zu bestimmen.	Sali sulla catapulta e\ninclina in su o giù nella direzione in cui vuoi andare.	Hoppa på katapulten och luta upp och ner\nåt det hållet som du vill gå.	Suba na catapulta e incline para cima e para baixo\nna direção em que quiser ir.	Sube a la catapulta e inclínala tan\narriba o abajo como quieras ir.	Wejdż na katapultę i przechyl się w górę i dół,\nw którym kierunku chcesz iść.	搭上投石機後，將WII搖桿向前傾向自己。	Mancınığa bin ve Wii Remote'u\nkendine doğru eğ.	Monte sur la catapulte\net incline la Télécommande vers toi.
common_hint_catapult2_sh	Press [button_action]\nto launch yourself off.		遠くまで飛んでいけそうよ	Presiona [button_action] para salir disparado.	Если нажмёшь кнопку действия,\nто сможешь улететь далеко!	Drücke [button_action], um\ndich durch die Luft zu katapultieren.	Premi [button_action]\nper lanciarti via.	Tryck på [button_action]\nför att skjuta iväg dig.	Aperte [button_action] para se lançar.	Presiona [button_action] para lanzarte lejos.	Wciśnij [button_action],\naby się wystrzelić.	再快速往前移動就能將你飛射出去。	Kendini fırlatmak için tekrar hızla ileri doğru hareket et.	Incline-la rapidement en avant pour te projeter.
common_hint_speedbreak_sh	When your soul gauge has power,\npress [button_speedbreak] to perform speed break.		ソウルゲージが溜まっているときに\n[button_speedbreak]を押すとスピードブレイクよ	Cuando tu Barra de Almas se llene lo suficiente,\npresiona [button_speedbreak] para realizar un Impulso.	Если нажать [button_speedbreak],когда шкала души полная, то сработает ускорение.	Wenn sich deine Soul Gauge aktiviert, drücke [button_speedbreak], um Speed Break auszuführen.	Quando la Barra dell'Anima ha potenza sufficiente,\npremi [button_speedbreak] per fare Rottura della Velocità.	När din själsmätare har kraft,\ntryck på [button_speedbreak] för att göra fartbrytning.	Quando a sua Barra Espiritual estiver carregada,\npressione [button_speedbreak] para realizar um Impulso Veloz.	Cuando el Medidor de almas tenga energía,\npresiona [button_speedbreak] para usar el Speed Break.	Kiedy twój Pasek Dusz się podświetli,\nwciśnij [button_speedbreak] by wykonać Zryw Prędkości.	當你的魂力量表累積到一定程度時，\n按下[button_speedbreak]便可使出速度突破！	Ruh göstergen güçlendiğinde, hız kırma işlemini gerçekleştirmek için [button_speedbreak]'ye bas.	Quand ta Jauge d'Âme est alimentée,\nappuie sur [button_speedbreak] pour faire un Speed Break.
common_hint_timebreak_sh	When your soul gauge has power,\npress [button_timebreak] to perform time break.		ソウルゲージが溜まっているときに\n[button_timebreak]を押すとスタイムブレイクよ	Cuando tu Barra de Almas se llene lo suficiente,\npresiona [button_timebreak] para realizar la Ralentización.	Если нажать [button_timebreak],когда шкала души полная, то сработает замедление.	Wenn sich deine Soul Gauge aktiviert, drücke [button_timebreak], um Time Break auszuführen.	Quando la Barra dell'Anima ha potenza sufficiente,\npremi [button_timebreak] per fare Rottura del Tempo.	När din själsmätare har kraft,\ntryck på [button_timebreak] för att göra tidsbrytning.	Quando a sua Barra Espiritual estiver carregada,\npressione [button_timebreak] para realizar um Atraso Temporal.	Cuando el Medidor de almas tenga energía,\npresiona [button_timebreak] para usar el Time Break.	Kiedy twój Pasek Dusz się podświetli,\nwciśnij [button_timebreak] by wykonać Zryw Czasu.	當你的魂力量表累積到一定程度時，\n按下[button_timebreak]便可使出時間突破！	Ruh göstergen güçlendiğinde, zaman kırma işlemini gerçekleştirmek için [button_timebreak]'ye bas.	Quand ta Jauge d'Âme est alimentée,\nappuie sur [button_timebreak] pour faire un Time Break.
oas_boss_start_so	I don't suppose you'd listen if I asked you to stay away, huh?		 動機な…って言っても、聞いてくれそうにないな	No me harías ni caso si te pido que te marches, ¿eh?	Даже если я скажу ему отойти с дороги,\nя не думаю, что он послушается!	Ich gehe mal davon aus, dass du nicht mit dir sprechen lässt, huh?	Suppongo che non mi ascolteresti se ti dicessi di stare lontano, eh?	Jag antar att du inte kommer lyssna om jag bad dig att hålla dig borta, huh?	Eu não acho que você se afastaria se eu pedisse, né?	¡Bueno, no creo que sirva intentar razonar con él!	Raczej się nie posłuchasz, jeśli poproszę \nżebyś się nie zbliżał, co?	我如果叫你走開，你應該不會照做，對吧？	Sana uzak durmanı söylesem beni dinlemezsin herhalde, değil mi?	Tu ne m'écouterais pas\n si je te demande de t'en aller, hein ?
oas_boss_start_sh	I don't think asking it nicely will make it stay back.		こないで…っていてもわかってくれなそそよう！	No creo que se aleje si solo se lo pedimos amablemente...	Даже если мы скажем ему не приходить,\nя не думаю, что он нас поймёт.	Ich glaube nicht, dass wir es mit Worten besänftigen können.	Non credo che chiedergli gentilemente lo farebbe stare indietro.	Jag tror inte att det hjälper att fråga snällt för att få den att hålla sig borta.	Não acho que pedir educadamente vá fazer ele manter distância.	¡No creo que te haga caso si le dices que se vaya!	Nie wydaje mi się, że jak ładnie poprosisz, to się wycofa.	我不認為好聲好氣的求它，會讓它走開。	Güzelce sormanın onu geri tutacağını sanmıyorum.	Ce n'est pas en demandant poliment qu'il restera en arrière.
din_blendin_so	Ha! Trying to blend in\nwith the flowers, huh?		へ！ お花のフリでわけかい？	¡Ja! Tratando de esconderte\nentre las flores, ¿eh?	Ха! Они просто притворились цветами!	Ha! Du versuchst dich\nalso mit den Blumen zu tarnen?	Ha! Cerchi di mimetizzarti\ncon i fiori, eh?	Ha! Försöker smälta in med blommorna, huh?	Há! Tentando se esconder entre as flores, né?	¡Ja! ¿Conque pretendiendo ser una flor?	Ha! Próbujesz się\nwtopić w tłum, co?	哈！想跟那些花朵混在一起是吧？	Ha! Çiçeklerle uyum\nsağlamaya çalışıyorsun, ha?	Ha ! On tente de se cacher\n parmi les fleurs, hein ?
din_blendin_sh	If you attack, it will\nshow its true form!		攻撃すれば 正体を現すわよ きっと	Si lo atacas,\n¡mostrará su verdadero aspecto!	Если ты его атакуешь, наверняка\nон покажет свою сущность!	Wenn du angreifst,\nwird es seine wahre Form zeigen!	Se lo attacchi, farà\nvedere la sua vera forma!	Om du attackerar, kommer den\nvisa sin äkta form!	Se você atacar, a verdadeira forma irá aparecer!	Estoy segura de que mostrará\nsu verdadera forma si lo atacas.	Jeśli zaatakujesz,\nujawni swoją prawdziwą formę!	攻擊它就能使它現出原形！	Eğer saldırırsan sana\ngerçek formunu gösterecektir!	Si tu l'attaques,\nil montrera son véritable visage !
pir_hint_buoy_so	If I pass over one of those things,\nit gives me a speed boost.		あいつをとるとどんどんスピードが上がていくのか	Al atravesar esas cosas,\nobtengo un acelerón.	Если пройду там, моя скорость\nзаметно увеличится!	Wenn ich das Teil berühre,\ngibt es mir einen Geschwindigkeitsschub. 	Se sorpasso una di quelle cose,\nottengo un aumento di velocità.		Se eu passar por uma dessas coisas,\nvou receber um impulso.	¿Pasar por eso me hizo ir más rápido?	Jeśli przepłynę przez to coś,\nprzyśpieszy mnie.	我若穿過那些東西就能加速。	Bunlardan birini atlarsam,\nbana hız kazandırıyor.	Si je passe au dessus de ces choses,\nj'ai un boost de vitesse.
pir_hint_buoy_sh	Passing over those buoys helps us go faster and faster.		先の通過するとどんどんスピードが上がていくのね	Atravesar esas boyas nos permite ir más y más rápido.	Если пройдёшь там, твоя скорость\nзаметно увеличится!	Das Überqueren dieser Bojen hilft uns schneller und schneller zu werden.	Sorpassare quei tizi ci aiuto ad andare più veloce.		Se passarmos por essas boias,\npoderemos ir ainda mais rápido.	Al pasar por esas boyas, tu velocidad aumentará.	Przepływanie przez te boje pomaga\nnam przyśpieszyć coraz to bardziej.	穿過那些浮標就能加速。	O şamandıralardan geçmek bizim daha da hızlı gitmemizi sağlar.	Passer au dessus de ces bouées\nnous fait aller de plus en plus vite.
pir_hint_debris_so	It looks like smashing into the floating wreckage slows me down.		浮かんでる残骸に当たるとスピードが落ちそうだな	Si me choco con esos trozos de barco, pierdo velocidad.	Если задену обломки,\nмоя скорость снизится.	Wenn ich gegen dieses Treibgut knall, werde ich abgebremst.	Sembra che se mi schianto su quel relitto galleggiante mi rallenti.		Parece que bater nos destroços flutuantes\nme faz perder velocidade.	Chocar con esos escombros nos hará ir más lento.	Wygląda na to, że rozbijając się\no śmieci mnie spowalnia.	看樣子撞上那些漂浮殘骸會害我降速。	Yüzen enkaza çarpmak beni yavaşlatıyor gibi görünüyor.	On dirait que rentrer dans les débris flottant me ralentit.
pir_hint_debris_sh	Watch out. If you hit the debris, your speed will end up dropping.		浮かんでる残骸に当たるとスピードが落ちてしまうわよ	Cuidado. Si chocas con los restos, perderás velocidad.	Если попадёшь в обломки, твоя скорость снизится!	Achtung. Falls du diese Trümmer triffst, verlierst du an Geschwindigkeit.	Attento. Se colpisci i detriti, perderai la tua velocità.		Cuidado. Se você bater nos destroços,\nsua velocidade diminuirá.	Si chocas con los escombros, tu velocidad disminuirá.	Uważaj, jeśli uderzysz w śmieci,\ntwoja prędkość spadnie.	小心，撞到殘骸會降速。	Dikkat et. Enkaza çarparsan hızın düşecektir.	Attention. Si tu rentres dans les débris, ta vitesse va diminuer.
pir_hint_surf_respawn_sh	You need to catch some speed to get over the wave.		スピードが乗っていないと波をこえられなさそうよ	Necesitas acumular suficiente velocidad para surcar la ola.	Если не увеличишь скорость,\nне сможешь преодолеть волну!	Du musst schneller werden, damit du es über die Welle schaffst.	Hai bisogno di prendere velocità per sorpassare quella onda.		Você precisa ganhar velocidade para passar pela onda.	Sin la velocidad suficiente, no podrás superar las olas.	Musisz złapać trochę prędkości\nby przedostać się za falę.	你需要加速才能超越那道浪！	Dalgayı aşmak için biraz hızlanman gerekiyor.	Tu dois accélerer pour passer au-dessus de la vague.
pir_hint_surf_force_sh	You need force to get over the wave.\nWatch out!		勢いがないと波がこえられないわ！　気をつけて！	Necesitas fuerza suficiente para surcar la ola. ¡Vamos!	Ты не сможешь преодолеть волну\nбез усилия! Будь осторожен!	Du brauchst Schwung, um über die Welle zu kommen.\nPass auf!	Hai bisogno di forza sufficiente per attraversare l'onda.\nSta attento!		Você precisa de força para passar pela onda.\nCuidado!	¡Necesitas momentum para superar las olas!\n¡Ten cuidado!	Musisz przyśpieszyć żeby dostać się za falę!\nUważaj!	不加速就會被浪吞掉！小心啊！	Dalgayı aşmak için güce ihtiyacın var.\nDikkat et!	Il te faut de la vitesse pour surmonter la vague.\nAttention !
nig_hint_carpet	Control the carpet by tilting the Wii Remote!				Управляй ковром, наклоняя Wii Remote!	Kontrolliere den Teppich, indem du die Wii-Fernsteuerung neigst!		Styr mattan genom att luta Wii-fjärrkontrollen!	Controle o tapete balançando o Wii Remote!	Controla la alfombra moviendo el WiiMote!			Halıyı Wii Remote'u eğerek kontrol edin!	